# file opened: cc.asm
   1  0000                          ; ------------------------------------------------------------
   2  0000                          ; Souborový manažer pro ZX Spectrum Next
   3  0000                          ; ------------------------------------------------------------
   4  0000                          ; Autor: Shrek/MB Maniax
   5  0000                          ; Pomoc: ped75g
   6  0000                          ; ------------------------------------------------------------
   7  0000
   8  0000                          DEVICE ZXSPECTRUMNEXT
   9  0000                          OPT reset --zxnext --syntax=abfw
  10  0000                          slot 4
  11  0000
  12  0000                          MACRO VERSION
  12  0000 ~              defb "1.6b"
  12  0000                ENDM
  13  0000
  14  0000                          DEFINE EXTRA_BANK_PAGE  90    ; 8KB page pro extra banku (mapa na $E000)
  15  0000
  16  0000                          ; CC_DOT (sjasmplus -DCC_DOT) sestavi variantu pro dot command .cc
  17  0000                          ; (zavadec je v dot/ccdot.asm). Pluginy pak hleda v c:/sys/cc.
  18  0000                          IFDEF CC_DOT
  19  0000                          DEFINE PLUGIN_DIR       "c:/sys/cc"
  20  0000                          ELSE
  21  0000 ~                        DEFINE PLUGIN_DIR       "c:/CalmCommander/plugin"
  22  0000                          ENDIF
  23  0000
  24  0000                          DEFINE DISP_ADDRESS     $2000
  25  0000                          DEFINE SP_ADDRESS       $3D00
  26  0000                          OPT --zxnext=cspect
  27  0000
  28  0000                          ; ORG pro kód aplikace (záměrně posunuté o 256+256)
  29  0000                          DEFINE ORG_ADDRESS      $7000 + 128 + 128
  30  0000
  31  0000                          ; Testovací stránka RAM (komentář říká poslední page v emulátoru)
  32  0000                          DEFINE TEST_CODE_PAGE   223
  33  0000
  34  0000                          ; Tilemap/tilegfx adresy (tilemap 80*32 = 2560B)
  35  0000                          DEFINE TILE_MAP_ADR     $4000
  36  0000                          DEFINE TILE_GFX_ADR     $6000         ; $5400 bylo zřejmě dřív
  37  0000
  38  0000                                                                ; Jméno CFG souboru je definováno někde jinde (dspedge.*)
  39  0000                          DEFINE CFG_FILENAME     dspedge.defaultCfgFileName
  40  0000
  41  0000                          ; ------------------------------------------------------------
  42  0000                          ; Struktury – konfigurace “okrajů” a UI (použité jinde v programu)
  43  0000                          ; ------------------------------------------------------------
  44  0000
  45  0000                          STRUCT S_MARGINS                      ; pixely okrajů 0..31 (-1 = nedefinováno)
  46  0000 ~            L           BYTE    -1                            ; left
  47  0000 ~            R           BYTE    -1                            ; right
  48  0000 ~            T           BYTE    -1                            ; top
  49  0000 ~            B           BYTE    -1                            ; bottom
  50  0000                          ENDS
  51  0000
  52  0000                          STRUCT S_UI_DEFINITIONS
  53  0000 ~            labelDot    WORD    0                             ; adresa kam zapsat “tečku” stavu (UI)
  54  0000 ~            cellAdr     WORD    0                             ; adresa buňky velké tabulky na obrazovce
  55  0000 ~            nextMode    BYTE    0
  56  0000 ~            keyword     WORD    0                             ; adresa keywordu pro CFG
  57  0000                          ENDS
  58  0000
  59  0000                          STRUCT S_MODE_EDGES
  60  0000 ~            cur         S_MARGINS                             ; aktuální marginy (MUSÍ být první 4 byty)
  61  0000 ~            orig        S_MARGINS                             ; původní hodnoty z CFG
  62  0000 ~            ui          S_UI_DEFINITIONS                      ; UI konfig pro tento režim
  63  0000 ~
  64  0000 ~            modified    BYTE    0                             ; příznak změny módu
  65  0000 ~            leftT       BYTE    0                             ; počet plných dlaždic vlevo
  66  0000 ~            rightT      BYTE    0                             ; počet plných dlaždic vpravo
  67  0000 ~            midT        BYTE    0                             ; počet “polovičních” top/bottom tiles (bez rohů)
  68  0000 ~
  69  0000 ~                                                              ; masky pro překreslení tile grafiky (Green/Background), pořadí je důležité
  70  0000 ~            maskLeftG   BYTE    0
  71  0000 ~            maskLeftB   BYTE    0
  72  0000 ~            maskRightG  BYTE    0
  73  0000 ~            maskRightB  BYTE    0
  74  0000 ~            maskTopG    BYTE    0
  75  0000 ~            maskTopB    BYTE    0
  76  0000 ~            maskBottomG BYTE    0
  77  0000 ~            maskBottomB BYTE    0
  78  0000                          ENDS
  79  0000
  80  0000                          STRUCT S_STATE
  81  0000 ~            timingIsUnlocked    BYTE    0
  82  0000 ~            edge                BYTE    0                     ; 0 left,1 top,2 right,3 bottom (mapuje na znaky)
  83  0000 ~            lastCtrlKey         BYTE    0                     ; save/reload/quit/... při potvrzovacích dialozích
  84  0000 ~            debounceKey         BYTE    0
  85  0000 ~            modified            BYTE    0                     ; změna v libovolném módu
  86  0000 ~            noFileFound         BYTE    0
  87  0000 ~            esxErrorNo          BYTE    1
  88  0000 ~            argsPtr             WORD    0
  89  0000                          ENDS
  90  0000
  91  0000                          STRUCT S_PRESERVE
  92  0000 ~                        ; Ukládání hodnot NextRegů (každý WORD: [nr][value]) – používáno jinde
  93  0000 ~            turbo_07            WORD    TURBO_CONTROL_NR_07
  94  0000 ~            spr_ctrl_15         WORD    SPRITE_CONTROL_NR_15
  95  0000 ~            transp_fallback_4A  WORD    TRANSPARENCY_FALLBACK_COL_NR_4A
  96  0000 ~            tile_transp_4C      WORD    TILEMAP_TRANSPARENCY_I_NR_4C
  97  0000 ~            ula_ctrl_68         WORD    ULA_CONTROL_NR_68
  98  0000 ~            display_ctrl_69     WORD    DISPLAY_CONTROL_NR_69
  99  0000 ~            tile_ctrl_6B        WORD    TILEMAP_CONTROL_NR_6B
 100  0000 ~            tile_def_attr_6C    WORD    TILEMAP_DEFAULT_ATTR_NR_6C
 101  0000 ~            tile_map_adr_6E     WORD    TILEMAP_BASE_ADR_NR_6E
 102  0000 ~            tile_gfx_adr_6F     WORD    TILEMAP_GFX_ADR_NR_6F
 103  0000 ~            tile_xofs_msb_2F    WORD    TILEMAP_XOFFSET_MSB_NR_2F
 104  0000 ~            tile_xofs_lsb_30    WORD    TILEMAP_XOFFSET_LSB_NR_30
 105  0000 ~            tile_yofs_31        WORD    TILEMAP_YOFFSET_NR_31
 106  0000 ~            pal_ctrl_43         WORD    PALETTE_CONTROL_NR_43
 107  0000 ~            pal_idx_40          WORD    PALETTE_INDEX_NR_40
 108  0000 ~            mmu2_52             WORD    MMU2_4000_NR_52
 109  0000 ~            mmu3_53             WORD    MMU3_6000_NR_53
 110  0000 ~                        ; záměrně se NEuchovává clip window a tile palette a další “substates”
 111  0000                          ENDS
 112  0000
 113  0000                          ; ------------------------------------------------------------
 114  0000                          ; Konstanty UI / klávesnice
 115  0000                          ; ------------------------------------------------------------
 116  0000
 117  0000              KEY_DEBOUNCE_WAIT   EQU     8
 118  0000
 119  0000              CHAR_DOT_RED        EQU     25
 120  0000              CHAR_DOT_YELLOW     EQU     26
 121  0000              CHAR_DOT_GREEN      EQU     27
 122  0000
 123  0000              CHAR_ARROW_L        EQU     28
 124  0000              CHAR_ARROW_T        EQU     29
 125  0000              CHAR_ARROW_R        EQU     30
 126  0000              CHAR_ARROW_B        EQU     31
 127  0000
 128  0000                          ; další konstanty (HW/API) jsou v include
 129  0000                          INCLUDE "constants.i.asm"
# file opened: constants.i.asm
   1+ 0000
   2+ 0000              ; ----- Colour palette (ULA)
   3+ 0000              BLACK			equ 0
   4+ 0000              BLUE			equ 1
   5+ 0000              RED				equ 2
   6+ 0000              MAGENTA			equ 3
   7+ 0000              GREEN			equ 4
   8+ 0000              CYAN			equ 5
   9+ 0000              YELLOW			equ 6
  10+ 0000              WHITE			equ 7
  11+ 0000              P_BLACK			equ 0
  12+ 0000              P_BLUE			equ 1<<3
  13+ 0000              P_RED			equ 2<<3
  14+ 0000              P_MAGENTA		equ 3<<3
  15+ 0000              P_GREEN			equ 4<<3
  16+ 0000              P_CYAN			equ 5<<3
  17+ 0000              P_YELLOW		equ 6<<3
  18+ 0000              P_WHITE			equ 7<<3
  19+ 0000              ; ----- Attribs
  20+ 0000              A_FLASH			equ 128
  21+ 0000              A_BRIGHT		equ 64
  22+ 0000              ; ----------------------------------------------
  23+ 0000              BIT_UP			equ 4                            ; 16
  24+ 0000              BIT_DOWN		equ 5                           ; 32
  25+ 0000              BIT_LEFT		equ 6                           ; 64
  26+ 0000              BIT_RIGHT		equ 7                          ; 128
  27+ 0000
  28+ 0000              DIR_NONE		equ %00000000
  29+ 0000              DIR_UP			equ %00010000
  30+ 0000              DIR_DOWN		equ %00100000
  31+ 0000              DIR_LEFT		equ %01000000
  32+ 0000              DIR_RIGHT		equ %10000000
  33+ 0000
  34+ 0000              DIR_UP_I		equ %11101111
  35+ 0000              DIR_DOWN_I		equ %11011111
  36+ 0000              DIR_LEFT_I		equ %10111111
  37+ 0000              DIR_RIGHT_I		equ %01111111
  38+ 0000
  39+ 0000              ; -----------------------------------------------------------------------------
  40+ 0000              ; -- I/O ports - ZX Spectrum classic (48, 128, Timex, Pentagon, ...) ports
  41+ 0000
  42+ 0000              ULA_P_FE                        equ $FE   ; BORDER + MIC + BEEP + read Keyboard
  43+ 0000              TIMEX_P_FF                      equ $FF   ; Timex video control port
  44+ 0000
  45+ 0000              ZX128_MEMORY_P_7FFD             equ $7FFD ; ZX Spectrum 128 ports
  46+ 0000              ZX128_MEMORY_P_DFFD             equ $DFFD
  47+ 0000              ZX128P3_MEMORY_P_1FFD           equ $1FFD
  48+ 0000
  49+ 0000              AY_REG_P_FFFD                   equ $FFFD
  50+ 0000              AY_DATA_P_BFFD                  equ $BFFD
  51+ 0000
  52+ 0000              Z80_DMA_PORT_DATAGEAR           equ $6B   ; on ZXN the zxnDMA handles this
  53+ 0000              Z80_DMA_PORT_MB02               equ $0B   ; only in Zilog DMA mode zxnDMA handles this
  54+ 0000
  55+ 0000              DIVMMC_CONTROL_P_E3             equ $E3
  56+ 0000              SPI_CS_P_E7                     equ $E7
  57+ 0000              SPI_DATA_P_EB                   equ $EB
  58+ 0000
  59+ 0000              KEMPSTON_MOUSE_X_P_FBDF         equ $FBDF
  60+ 0000              KEMPSTON_MOUSE_Y_P_FFDF         equ $FFDF
  61+ 0000              KEMPSTON_MOUSE_B_P_FADF         equ $FADF ; kempston mouse wheel+buttons
  62+ 0000
  63+ 0000              KEMPSTON_JOY1_P_1F              equ $1F
  64+ 0000              KEMPSTON_JOY2_P_37              equ $37
  65+ 0000
  66+ 0000              ; -----------------------------------------------------------------------------
  67+ 0000              ; -- I/O ports - ZX Spectrum NEXT specific ports
  68+ 0000
  69+ 0000              TBBLUE_REGISTER_SELECT_P_243B   equ $243B
  70+ 0000              ; -- port $243B = 9275  Read+Write (detection bitmask: %0010_0100_0011_1011)
  71+ 0000              ; -- selects NextREG mapped at port TBBLUE_REGISTER_ACCESS_P_253B
  72+ 0000
  73+ 0000              TBBLUE_REGISTER_ACCESS_P_253B   equ $253B
  74+ 0000              ; -- port $253B = 9531  Read?+Write? (detection bitmask: %0010_0101_0011_1011)
  75+ 0000              ; -- data for selected NextREG (read/write depends on the register selected)
  76+ 0000
  77+ 0000              I2C_SCL_P_103B                  equ $103B ; i2c bus port (clock) (write only?)
  78+ 0000              I2C_SDA_P_113B                  equ $113B ; i2c bus port (data) (read+write)
  79+ 0000              UART_TX_P_133B                  equ $133B ; UART tx port (read+write)
  80+ 0000              UART_RX_P_143B                  equ $143B ; UART rx port (read+write)
  81+ 0000
  82+ 0000              ZXN_DMA_P_6B                    equ $6B
  83+ 0000              ; -- port $6B = 107 Read+Write (detection bitmask: %xxxx_xxxx_0110_1011)
  84+ 0000              ; - The zxnDMA is mostly compatible with Zilog DMA chip (Z8410) (at least
  85+ 0000              ; as far as old ZX apps are concerned), but has many modifications.
  86+ 0000              ; - core3.0 update - specific behaviour details can be selected (PERIPHERAL_2_NR_06)
  87+ 0000
  88+ 0000              LAYER2_ACCESS_P_123B            equ $123B
  89+ 0000              ; -- port $123B = 4667 Read+Write (detection bitmask: %0001_0010_0011_1011)
  90+ 0000              ; -- bit 7-6 = write-Layer2-over-ROM bank selection (00, 01 or 10) (11 is 48kiB mode)
  91+ 0000              ; -- bit 3 = shadow banks "over ROM" (nextreg $13 banks instead of $12 banks)
  92+ 0000              ; -- bit 2 = read-Layer2-over-ROM (1 = read at $0000..$3FFF reads from Layer2)
  93+ 0000              ; -- bit 1 = Layer2 visibility (1 = visible, 0 = disabled) (always nextreg $12)
  94+ 0000              ; -- bit 0 = write-Layer2-over-ROM (1 = write at $0000..$3FFF writes into Layer2)
  95+ 0000              LAYER2_ACCESS_WRITE_OVER_ROM    equ $01   ; map Layer2 bank into ROM area (0000..3FFF) for WRITE-only (reads as ROM)
  96+ 0000              LAYER2_ACCESS_L2_ENABLED        equ $02   ; enable Layer2 (make banks form nextreg $12 visible)
  97+ 0000              LAYER2_ACCESS_READ_OVER_ROM     equ $04   ; map Layer2 bank into ROM area (0000..3FFF) for READ-only
  98+ 0000              LAYER2_ACCESS_SHADOW_OVER_ROM   equ $08   ; bank selected by bits 6-7 is from "shadow Layer 2" banks range (nextreg $13)
  99+ 0000              LAYER2_ACCESS_OVER_ROM_BANK_M   equ $C0   ; (mask of) value 0..3 selecting bank mapped for R/W (Nextreg $12 or $13)
 100+ 0000              LAYER2_ACCESS_OVER_ROM_BANK_0   equ $00   ; screen lines 0..63
 101+ 0000              LAYER2_ACCESS_OVER_ROM_BANK_1   equ $40   ; screen lines 64..127
 102+ 0000              LAYER2_ACCESS_OVER_ROM_BANK_2   equ $80   ; screen lines 128..191
 103+ 0000              LAYER2_ACCESS_OVER_ROM_48K      equ $C0   ; maps all 0..191 lines into $0000..$BFFF region
 104+ 0000
 105+ 0000              SPRITE_STATUS_SLOT_SELECT_P_303B    equ $303B
 106+ 0000              ; -- port $303B = 12347  Read+Write (detection bitmask: %0011_0000_0011_1011)
 107+ 0000              ; -- write:
 108+ 0000              ; - sets both "sprite slot" (0..63) and "pattern slot" (0..63 +128)
 109+ 0000              ; - once the sprite/pattern slots are set, they act independently and
 110+ 0000              ; each port ($xx57 and $xx5B) will auto-increment its own slot index
 111+ 0000              ; (to resync one can write to this port again).
 112+ 0000              ; - the +128 flag will make the pattern upload start at byte 128 of pattern
 113+ 0000              ; slot (second half of slot)
 114+ 0000              ; - The sprite-slot (sprite-attributes) may be optionally interlinked with
 115+ 0000              ; NextReg $34 (feature controlled by NextReg $34)
 116+ 0000              ; - auto-increments of slot position from value 63 are officially
 117+ 0000              ; "undefined behaviour", wrap to 0 is not guaranteed. (only setting slots
 118+ 0000              ; explicitly back to valid 0..63 will make your code future-proof)
 119+ 0000              ; -- read (will also reset both collision and max-sprites flags):
 120+ 0000              ; - bit 1 = maximum sprites per line hit (set when sprite renderer ran
 121+ 0000              ; out of time when preparing next scanline)
 122+ 0000              ; - bit 0 = collision flag (set when any sprites draw non-transparent
 123+ 0000              ; pixel at the same location)
 124+ 0000              ; Both flags contain values for current scanline already at the beginning
 125+ 0000              ; of scanline (sprite engine renders one line ahead into buffer and updates
 126+ 0000              ; flags progressively as it renders the sprites)
 127+ 0000              SPRITE_STATUS_MAXIMUM_SPRITES   equ $02
 128+ 0000              SPRITE_STATUS_COLLISION         equ $01
 129+ 0000              SPRITE_SLOT_SELECT_PATTERN_HALF equ 128   ; add it to 0..63 index to make pattern upload start at second half of pattern
 130+ 0000
 131+ 0000              SPRITE_ATTRIBUTE_P_57           equ $57
 132+ 0000              ; -- port $xx57 = 87 write-only (detection bitmask: %xxxx_xxxx_0101_0111)
 133+ 0000              ; - writing 4 or 5 bytes long structures to control particular sprite
 134+ 0000              ; - after 4/5 bytes block the sprite slot index is auto-incremented
 135+ 0000              ; - for detailed documentation check official docs or wiki (too long)
 136+ 0000
 137+ 0000              SPRITE_PATTERN_P_5B             equ $5B
 138+ 0000              ; -- port $xx5B = 91 write-only (detection bitmask: %xxxx_xxxx_0101_1011)
 139+ 0000              ; - each pattern slot is 256 bytes long = one 16x16 pattern of 8-bit pixels
 140+ 0000              ; or two 16x16 patterns of 4-bit pixels.
 141+ 0000              ; - Patterns are uploaded in "English" order (left to right, top to bottom),
 142+ 0000              ; one byte encodes single pixel in 8 bit mode and two pixels in 4 bit
 143+ 0000              ; mode (bits 7-4 are "left" pixel, 3-0 are "right" pixel)
 144+ 0000              ; - pixels are offset (index) into active sprite palette
 145+ 0000
 146+ 0000              TURBO_SOUND_CONTROL_P_FFFD      equ $FFFD ; write with bit 7 = 1 (port shared with AY)
 147+ 0000
 148+ 0000                                                        ; -----------------------------------------------------------------------------
 149+ 0000                                                        ; -- NEXT HW Registers (NextReg)
 150+ 0000              MACHINE_ID_NR_00                equ $00
 151+ 0000              NEXT_VERSION_NR_01              equ $01
 152+ 0000              NEXT_RESET_NR_02                equ $02
 153+ 0000              MACHINE_TYPE_NR_03              equ $03
 154+ 0000              ROM_MAPPING_NR_04               equ $04   ; In config mode, allows RAM to be mapped to ROM area.
 155+ 0000              PERIPHERAL_1_NR_05              equ $05   ; Sets joystick mode, video frequency and Scandoubler.
 156+ 0000              PERIPHERAL_2_NR_06              equ $06   ; Enables Acceleration, DivMMC, Multiface, Mouse and AY audio
 157+ 0000              TURBO_CONTROL_NR_07             equ $07
 158+ 0000              PERIPHERAL_3_NR_08              equ $08   ; ABC/ACB Stereo, Internal Speaker, SpecDrum, Timex Video Modes, Turbo Sound Next, RAM contention and [un]lock 128k paging.
 159+ 0000              PERIPHERAL_4_NR_09              equ $09   ; Sets scanlines, AY mono output, Sprite-id lockstep, disables Kempston and divMMC ports.
 160+ 0000              NEXT_VERSION_MINOR_NR_0E        equ $0E
 161+ 0000              ANTI_BRICK_NR_10                equ $10
 162+ 0000              VIDEO_TIMING_NR_11              equ $11
 163+ 0000              LAYER2_RAM_BANK_NR_12           equ $12   ; bank number where visible Layer 2 video memory begins.
 164+ 0000              LAYER2_RAM_SHADOW_BANK_NR_13    equ $13   ; bank number for Layer2 "shadow" write-over-rom
 165+ 0000              GLOBAL_TRANSPARENCY_NR_14       equ $14   ; Sets the color treated as transparent for ULA/Layer2/LoRes
 166+ 0000              SPRITE_CONTROL_NR_15            equ $15   ; LoRes mode, Sprites configuration, layers priority
 167+ 0000                                                        ; bit 7: enable LoRes mode
 168+ 0000                                                        ; bit 6: sprite rendering (1=sprite 0 on top of other, 0=sprite 0 at bottom)
 169+ 0000                                                        ; bit 5: If 1, the clipping works even in "over border" mode
 170+ 0000                                                        ; 4-2: layers priority: 000=SLU, 001=LSU, 010=SUL, 011=LUS, 100=USL, 101=ULS, 110=S,mix(U+L), 111=S,mix(U+L-5)
 171+ 0000                                                        ; bit 1: enable sprites over border, bit 0: show sprites
 172+ 0000              LAYER2_XOFFSET_NR_16            equ $16
 173+ 0000              LAYER2_YOFFSET_NR_17            equ $17
 174+ 0000              CLIP_LAYER2_NR_18               equ $18
 175+ 0000              CLIP_SPRITE_NR_19               equ $19
 176+ 0000              CLIP_ULA_LORES_NR_1A            equ $1A
 177+ 0000              CLIP_TILEMAP_NR_1B              equ $1B
 178+ 0000              CLIP_WINDOW_CONTROL_NR_1C       equ $1C   ; set to 15 to reset all clip-window indices to 0
 179+ 0000              RASTER_LINE_MSB_NR_1E           equ $1E
 180+ 0000              RASTER_LINE_LSB_NR_1F           equ $1F
 181+ 0000              RASTER_INTERUPT_CONTROL_NR_22   equ $22   ; Controls the timing of raster interrupts and the ULA frame interrupt.
 182+ 0000              RASTER_INTERUPT_VALUE_NR_23     equ $23
 183+ 0000              ULA_XOFFSET_NR_26               equ $26   ; since core 3.0
 184+ 0000              ULA_YOFFSET_NR_27               equ $27   ; since core 3.0
 185+ 0000              HIGH_ADRESS_KEYMAP_NR_28        equ $28
 186+ 0000              LOW_ADRESS_KEYMAP_NR_29         equ $29
 187+ 0000              HIGH_DATA_TO_KEYMAP_NR_2A       equ $2A
 188+ 0000              LOW_DATA_TO_KEYMAP_NR_2B        equ $2B
 189+ 0000              DAC_B_MIRROR_NR_2C              equ $2C
 190+ 0000              DAC_AD_MIRROR_NR_2D             equ $2D   ; another alias for $2D
 191+ 0000              SOUNDDRIVE_DF_MIRROR_NR_2D      equ $2D   ; Nextreg port-mirror of port 0xDF
 192+ 0000              DAC_C_MIRROR_NR_2E              equ $2E
 193+ 0000              TILEMAP_XOFFSET_MSB_NR_2F       equ $2F
 194+ 0000              TILEMAP_XOFFSET_LSB_NR_30       equ $30
 195+ 0000              TILEMAP_YOFFSET_NR_31           equ $31
 196+ 0000              LORES_XOFFSET_NR_32             equ $32
 197+ 0000              LORES_YOFFSET_NR_33             equ $33
 198+ 0000              SPRITE_ATTR_SLOT_SEL_NR_34      equ $34   ; Sprite-attribute slot index for $35-$39/$75-$79 port $57 mirrors
 199+ 0000              SPRITE_ATTR0_NR_35              equ $35   ; port $57 mirror in nextreg space (accessible to copper)
 200+ 0000              SPRITE_ATTR1_NR_36              equ $36
 201+ 0000              SPRITE_ATTR2_NR_37              equ $37
 202+ 0000              SPRITE_ATTR3_NR_38              equ $38
 203+ 0000              SPRITE_ATTR4_NR_39              equ $39
 204+ 0000              PALETTE_INDEX_NR_40             equ $40   ; Chooses a ULANext palette number to configure.
 205+ 0000              PALETTE_VALUE_NR_41             equ $41   ; Used to upload 8-bit colors to the ULANext palette.
 206+ 0000              PALETTE_FORMAT_NR_42            equ $42   ; ink-mask for ULANext modes
 207+ 0000              PALETTE_CONTROL_NR_43           equ $43   ; Enables or disables ULANext interpretation of attribute values and toggles active palette.
 208+ 0000              PALETTE_VALUE_9BIT_NR_44        equ $44   ; Holds the additional blue color bit for RGB333 color selection.
 209+ 0000              TRANSPARENCY_FALLBACK_COL_NR_4A equ $4A   ; 8-bit colour to be drawn when all layers are transparent
 210+ 0000              SPRITE_TRANSPARENCY_I_NR_4B     equ $4B   ; index of transparent colour in sprite palette (only bottom 4 bits for 4-bit patterns)
 211+ 0000              TILEMAP_TRANSPARENCY_I_NR_4C    equ $4C   ; index of transparent colour in tilemap graphics (only bottom 4 bits)
 212+ 0000              MMU0_0000_NR_50                 equ $50   ; Set a Spectrum RAM page at position 0x0000 to 0x1FFF
 213+ 0000              MMU1_2000_NR_51                 equ $51   ; Set a Spectrum RAM page at position 0x2000 to 0x3FFF
 214+ 0000              MMU2_4000_NR_52                 equ $52   ; Set a Spectrum RAM page at position 0x4000 to 0x5FFF
 215+ 0000              MMU3_6000_NR_53                 equ $53   ; Set a Spectrum RAM page at position 0x6000 to 0x7FFF
 216+ 0000              MMU4_8000_NR_54                 equ $54   ; Set a Spectrum RAM page at position 0x8000 to 0x9FFF
 217+ 0000              MMU5_A000_NR_55                 equ $55   ; Set a Spectrum RAM page at position 0xA000 to 0xBFFF
 218+ 0000              MMU6_C000_NR_56                 equ $56   ; Set a Spectrum RAM page at position 0xC000 to 0xDFFF
 219+ 0000              MMU7_E000_NR_57                 equ $57   ; Set a Spectrum RAM page at position 0xE000 to 0xFFFF
 220+ 0000              COPPER_DATA_NR_60               equ $60
 221+ 0000              COPPER_CONTROL_LO_NR_61         equ $61
 222+ 0000              COPPER_CONTROL_HI_NR_62         equ $62
 223+ 0000              COPPER_DATA_16B_NR_63           equ $63   ; same as $60, but waits for full 16b before write
 224+ 0000              ULA_CONTROL_NR_68               equ $68
 225+ 0000              DISPLAY_CONTROL_NR_69           equ $69
 226+ 0000              LORES_CONTROL_NR_6A             equ $6A
 227+ 0000              TILEMAP_CONTROL_NR_6B           equ $6B
 228+ 0000              TILEMAP_DEFAULT_ATTR_NR_6C      equ $6C
 229+ 0000              TILEMAP_BASE_ADR_NR_6E          equ $6E   ; Tilemap base address of map
 230+ 0000              TILEMAP_GFX_ADR_NR_6F           equ $6F   ; Tilemap definitions (graphics of tiles)
 231+ 0000              LAYER2_CONTROL_NR_70            equ $70
 232+ 0000              SPRITE_ATTR0_INC_NR_75          equ $75   ; port $57 mirror in nextreg space (accessible to copper) (slot index++)
 233+ 0000              SPRITE_ATTR1_INC_NR_76          equ $76
 234+ 0000              SPRITE_ATTR2_INC_NR_77          equ $77
 235+ 0000              SPRITE_ATTR3_INC_NR_78          equ $78
 236+ 0000              SPRITE_ATTR4_INC_NR_79          equ $79
 237+ 0000              USER_STORAGE_0_NR_7F            equ $7F
 238+ 0000              EXPANSION_BUS_CONTROL_NR_80     equ $80
 239+ 0000              INTERNAL_PORT_DECODING_0_NR_82  equ $82   ; bits 0-7
 240+ 0000              INTERNAL_PORT_DECODING_1_NR_83  equ $83   ; bits 8-15
 241+ 0000              INTERNAL_PORT_DECODING_2_NR_84  equ $84   ; bits 16-23
 242+ 0000              INTERNAL_PORT_DECODING_3_NR_85  equ $85   ; bits 24-31
 243+ 0000              EXPANSION_BUS_DECODING_0_NR_86  equ $86   ; bits 0-7 mask
 244+ 0000              EXPANSION_BUS_DECODING_1_NR_87  equ $87   ; bits 8-15 mask
 245+ 0000              EXPANSION_BUS_DECODING_2_NR_88  equ $88   ; bits 16-23 mask
 246+ 0000              EXPANSION_BUS_DECODING_3_NR_89  equ $89   ; bits 24-31 mask
 247+ 0000              EXPANSION_BUS_PROPAGATE_NR_8A   equ $8A   ; Monitoring internal I/O or adding external keyboard
 248+ 0000              PI_GPIO_OUT_ENABLE_0_NR_90      equ $90   ; pins 0-7
 249+ 0000              PI_GPIO_OUT_ENABLE_1_NR_91      equ $91   ; pins 8-15
 250+ 0000              PI_GPIO_OUT_ENABLE_2_NR_92      equ $92   ; pins 16-23
 251+ 0000              PI_GPIO_OUT_ENABLE_3_NR_93      equ $93   ; pins 24-27
 252+ 0000              PI_GPIO_0_NR_98                 equ $98   ; pins 0-7
 253+ 0000              PI_GPIO_1_NR_99                 equ $99   ; pins 8-15
 254+ 0000              PI_GPIO_2_NR_9A                 equ $9A   ; pins 16-23
 255+ 0000              PI_GPIO_3_NR_9B                 equ $9B   ; pins 24-27
 256+ 0000              PI_PERIPHERALS_ENABLE_NR_A0     equ $A0
 257+ 0000              PI_I2S_AUDIO_CONTROL_NR_A2      equ $A2
 258+ 0000              PI_I2S_CLOCK_DIVIDE_NR_A3       equ $A3
 259+ 0000              DEBUG_LED_CONTROL_NR_FF         equ $FF   ; Turns debug LEDs on and off on TBBlue implementations that have them.
 260+ 0000
 261+ 0000                                                        ; -----------------------------------------------------------------------------
 262+ 0000                                                        ; -- common memory addresses
 263+ 0000              MEM_ROM_CHARS_3C00              equ $3C00 ; actual chars start at $3D00 with space
 264+ 0000              MEM_ZX_SCREEN_4000              equ $4000
 265+ 0000              MEM_ZX_ATTRIB_5800              equ $5800
 266+ 0000              MEM_LORES0_4000                 equ $4000
 267+ 0000              MEM_LORES1_6000                 equ $6000
 268+ 0000              MEM_TIMEX_SCR0_4000             equ $4000
 269+ 0000              MEM_TIMEX_SCR1_6000             equ $6000
 270+ 0000
 271+ 0000              ; -----------------------------------------------------------------------------
 272+ 0000              ; -- Copper commands
 273+ 0000              COPPER_NOOP                     equ %00000000
 274+ 0000              COPPER_WAIT_H                   equ %1'000000'0
 275+ 0000              COPPER_HALT_B                   equ $FF   ; 2x $FF = wait for (511,63) = infinite wait
 276+ 0000
 277+ 0000                                                        ; -----------------------------------------------------------------------------
 278+ 0000                                                        ; DMA (Register 6)
 279+ 0000              DMA_RESET					equ $C3
 280+ 0000              DMA_RESET_PORT_A_TIMING		equ $C7
 281+ 0000              DMA_RESET_PORT_B_TIMING		equ $CB
 282+ 0000              DMA_LOAD					equ $CF
 283+ 0000              DMA_CONTINUE				equ $D3
 284+ 0000              DMA_DISABLE_INTERUPTS		equ $AF
 285+ 0000              DMA_ENABLE_INTERUPTS		equ $AB
 286+ 0000              DMA_RESET_DISABLE_INTERUPTS	equ $A3
 287+ 0000              DMA_ENABLE_AFTER_RETI		equ $B7
 288+ 0000              DMA_READ_STATUS_BYTE		equ $BF
 289+ 0000              DMA_REINIT_STATUS_BYTE		equ $8B
 290+ 0000              DMA_START_READ_SEQUENCE		equ $A7
 291+ 0000              DMA_FORCE_READY				equ $B3
 292+ 0000              DMA_DISABLE					equ $83
 293+ 0000              DMA_ENABLE					equ $87
 294+ 0000              DMA_READ_MASK_FOLLOWS		equ $BB
 295+ 0000
 296+ 0000              ; About UART<->ESP baund rate from AA:
 297+ 0000
 298+ 0000              ; It's very easy to compute the prescalar.
 299+ 0000              ; 1. Read nextreg 0x11 to find out the video timing the system is using 0-7
 300+ 0000              ; 2. Take the associated actual system clock from this table:define(__CLK_28_0', 28000000)
 301+ 0000              ; define(CLK_28_1', 28571429)
 302+ 0000              ; define(`CLK_28_2', 29464286)
 303+ 0000              ; define(__CLK_28_3', 30000000)
 304+ 0000              ; define(CLK_28_4', 31000000)
 305+ 0000              ; define(`CLK_28_5', 32000000)
 306+ 0000              ; define(__CLK_28_6', 33000000)
 307+ 0000              ; define(__CLK_28_7', 27000000)
 308+ 0000              ; 3. Divide the clock by the baud rate you want to find the 14-bit prescalar value.
 309+ 0000              ; That's it.
 310+ 0000
# file closed: constants.i.asm
 130  0000                          INCLUDE "plugin/settings_api.i.asm"
# file opened: plugin/settings_api.i.asm
   1+ 0000              SETTINGS_PLUGIN_ADDRESS equ $C000
   2+ 0000              SETTINGS_PLUGIN_SIZE    equ 8192
   3+ 0000              SETTINGS_ABI            equ 5
   4+ 0000
   5+ 0000              SETTINGSCTX_ABI         equ 0
   6+ 0000              SETTINGSCTX_PALETTE     equ 1
   7+ 0000              SETTINGSCTX_KEYS        equ 3
   8+ 0000              SETTINGSCTX_RESULT      equ 5
   9+ 0000              SETTINGSCTX_ERROR       equ 6
  10+ 0000              SETTINGSCTX_SCHEME      equ 7
  11+ 0000              SETTINGSCTX_SIZE        equ 9
  12+ 0000
  13+ 0000              SETTINGS_SERVICE_PRINT  equ 0
  14+ 0000              SETTINGS_SERVICE_WINDOW equ 2
  15+ 0000              SETTINGS_SERVICE_KEYSCAN equ 6
  16+ 0000              SETTINGS_SERVICE_SYMTAB  equ 8
  17+ 0000              SETTINGS_SERVICE_CAPSTAB equ 10
  18+ 0000              SETTINGS_SERVICE_NORMTAB equ 12
  19+ 0000
  20+ 0000              SETTINGS_PALETTE_COUNT  equ 16
  21+ 0000              SETTINGS_STYLE_COUNT    equ 16
  22+ 0000              SETTINGS_COLOUR_PRIMARY_BYTES equ SETTINGS_STYLE_COUNT*2
  23+ 0000              SETTINGS_COLOUR_BLUE_BYTES equ 4
  24+ 0000              SETTINGS_COLOUR_BYTES   equ SETTINGS_COLOUR_PRIMARY_BYTES+SETTINGS_COLOUR_BLUE_BYTES
  25+ 0000              SETTINGS_ACTION_COUNT   equ 33
  26+ 0000
  27+ 0000              SETTINGS_SCHEME_DEFAULT equ 0
  28+ 0000              SETTINGS_SCHEME_LIGHT   equ 1
  29+ 0000              SETTINGS_SCHEME_DARK    equ 2
  30+ 0000              SETTINGS_SCHEME_CUSTOM  equ 3
  31+ 0000              SETTINGS_SCHEME_COUNT   equ 3
  32+ 0000              SETTINGS_COLOUR_VERSION equ 1
  33+ 0000
  34+ 0000              ; Per style: background RRRGGGBB followed by foreground RRRGGGBB. The final
  35+ 0000              ; four bytes hold blue bit 0 for all 32 colours (background first).
  36+ 0000                      MACRO EMIT_SETTINGS_DEFAULT_COLOURS
  37+ 0000 ~                    db %000'000'10,%110'110'11
  38+ 0000 ~                    db %000'000'01,%111'111'11
  39+ 0000 ~                    db %000'100'11,%111'111'11
  40+ 0000 ~                    db %111'111'11,%000'000'00
  41+ 0000 ~                    db %011'101'00,%000'000'00
  42+ 0000 ~                    db %110'100'00,%000'000'00
  43+ 0000 ~                    db %100'011'00,%000'000'00
  44+ 0000 ~                    db %000'000'10,%000'111'11
  45+ 0000 ~                    db %000'000'10,%010'111'00
  46+ 0000 ~                    db %011'000'00,%101'101'11
  47+ 0000 ~                    db %000'000'01,%111'111'00
  48+ 0000 ~                    db %000'000'01,%000'111'00
  49+ 0000 ~                    db %000'000'01,%000'111'11
  50+ 0000 ~                    db %000'000'01,%000'111'00
  51+ 0000 ~                    db %000'000'01,%111'111'00
  52+ 0000 ~                    db %000'000'01,%111'000'00
  53+ 0000 ~                    db $7a,$81,$00,$02
  54+ 0000                      ENDM
  55+ 0000
  56+ 0000              ACT_SYSINFO             equ 1
  57+ 0000              ACT_DOWN                equ 2
  58+ 0000              ACT_UP                  equ 3
  59+ 0000              ACT_PAGE_DOWN           equ 4
  60+ 0000              ACT_PAGE_UP             equ 5
  61+ 0000              ACT_SWITCH_PANEL        equ 6
  62+ 0000              ACT_ENTER               equ 7
  63+ 0000              ACT_DELETE              equ 8
  64+ 0000              ACT_PARENT              equ 9
  65+ 0000              ACT_RENAME              equ 10
  66+ 0000              ACT_MENU                equ 11
  67+ 0000              ACT_COPY                equ 12
  68+ 0000              ACT_MOVE                equ 13
  69+ 0000              ACT_MARK                equ 14
  70+ 0000              ACT_MKDIR               equ 15
  71+ 0000              ACT_DRIVE_LEFT          equ 16
  72+ 0000              ACT_DRIVE_RIGHT         equ 17
  73+ 0000              ACT_SELECT_MASK         equ 18
  74+ 0000              ACT_INVERT_MARKS        equ 19
  75+ 0000              ACT_DESELECT_MASK       equ 20
  76+ 0000              ACT_SEARCH              equ 21
  77+ 0000              ACT_LEFT_PANEL          equ 22
  78+ 0000              ACT_RIGHT_PANEL         equ 23
  79+ 0000              ACT_VIEW                equ 24
  80+ 0000              ACT_EDIT                equ 25
  81+ 0000              ACT_PLUGIN_MENU         equ 26
  82+ 0000              ACT_BOOKMARK_ADD        equ 27
  83+ 0000              ACT_BOOKMARK_LIST       equ 28
  84+ 0000              ACT_HELP                equ 29
  85+ 0000              ACT_CHANGE_ATTR         equ 30
  86+ 0000              ACT_FILE_INFO           equ 31
  87+ 0000              ACT_QUIT                equ 32
  88+ 0000              ACT_SETTINGS            equ 33
  89+ 0000
# file closed: plugin/settings_api.i.asm
 131  0000
 132  0000
 133  0000                          ; ------------------------------------------------------------
 134  0000                          ; ESXDOS funkce (rst $08 služby) – zde jen symboly
 135  0000                          ; ------------------------------------------------------------
 136  0000
 137  0000              M_DOSVERSION                    equ $88
 138  0000              M_GETSETDRV                     equ $89
 139  0000              M_GETHANDLE                     equ $8D
 140  0000              M_GETERR                        equ $93
 141  0000              F_OPEN                          equ $9A
 142  0000              F_CLOSE                         equ $9B
 143  0000              F_READ                          equ $9D
 144  0000              F_WRITE                         equ $9E
 145  0000              F_SEEK                          equ $9F
 146  0000              F_FGETPOS                       equ $A0
 147  0000              F_UNLINK                        equ $AD
 148  0000              F_RENAME                        equ $B0
 149  0000              FA_READ                         equ $01
 150  0000
 151  0000
 152  0000              ; ------------------------------------------------------------
 153  0000              ; Helper makra
 154  0000              ; ------------------------------------------------------------
 155  0000
 156  0000              ESXDOS      MACRO service?
 157  0000 ~                        ; ESXDOS volání přes RST $08, HL se zkopíruje do IX (ESXDOS ABI)
 158  0000 ~                        push hl
 159  0000 ~                        pop ix
 160  0000 ~                        rst $08
 161  0000 ~                        db service?
 162  0000                          ENDM
 163  0000
 164  0000              NEXTREG2A   MACRO nextreg?
 165  0000 ~                        ; přečti NextReg číslo nextreg? do A (přes ReadNextReg2A)
 166  0000 ~                        ld a,nextreg?
 167  0000 ~                        call ReadNextReg2A
 168  0000                          ENDM
 169  0000
 170  0000              CSP_BREAK   MACRO
 171  0000 ~                        ; breakpoint jen v TESTING buildu
 172  0000 ~                        IFDEF TESTING
 173  0000 ~                            break
 174  0000 ~                        ENDIF
 175  0000                          ENDM
 176  0000
 177  0000              DET                                               ; (neznámý symbol/makro – nechávám bez spekulace)
 178  0000
 179  0000
 180  0000                                                                ; ------------------------------------------------------------
 181  0000                                                                ; Start programu a některé RAM oblasti
 182  0000                                                                ; ------------------------------------------------------------
 183  0000
 184  0000                          org $7000 + 128 + 128
 185  7100 C3 0E 71     S1          jp START
 186  7103
 187  7103              CHARS       equ  15616-256
 188  7103
 189  7103              mystak      equ  24575                            ; ad-hoc adresa pro stack (komentář: pod 4000h, pod BFE0h)
 190  7103              staksto     equ  24575                            ; místo pro BASIC stack pointer
 191  7103
 192  7103              port1       equ  #7FFD                            ; port pro stránkování (klasický 128k port)
 193  7103              catbuff     equ  #A000                            ; buffer pro katalog (pro DOS)
 194  7103              dos_catalog equ  #011E                            ; DOS rutina (externí) – není zde rozebráno
 195  7103
 196  7103
 197  7103                                                                ; ------------------------------------------------------------
 198  7103                                                                ; ReadNextReg2A
 199  7103                                                                ; ------------------------------------------------------------
 200  7103                                                                ; Vstup:
 201  7103                                                                ; A = číslo NextReg (index)
 202  7103                                                                ; Výstup:
 203  7103                                                                ; A = přečtená hodnota NextReg
 204  7103                                                                ; Pozn:
 205  7103                                                                ; Funkce mění aktuálně vybraný NextReg na portu (out na 243B/253B).
 206  7103                                                                ; ------------------------------------------------------------
 207  7103              ReadNextReg2A:
 208  7103 C5                       push    bc
 209  7104 01 3B 24                 ld      bc,#243B                      ; TBBlue register select port
 210  7107 ED 79                    out     (c),a                         ; zvol NextReg index
 211  7109 04                       inc     b                             ; BC = #253B (register access port)
 212  710A ED 78                    in      a,(c)                         ; načti hodnotu zvoleného NextReg
 213  710C C1                       pop     bc
 214  710D C9                       ret
 215  710E
 216  710E
 217  710E                          ; ------------------------------------------------------------
 218  710E                          ; START – inicializace aplikace a načtení prostředí
 219  710E                          ; ------------------------------------------------------------
 220  710E              START
 221  710E ED 73 7C 79              ld (savesp+1),sp                      ; self-modify: uloží původní SP pro pozdější návrat
 222  7112                                                                ; ld sp,$a000 - 2            ; (zakomentováno) alternativní nastavení stacku
 223  7112
 224  7112                                                                ; kopie části systémových proměnných do vlastní oblasti (sysvars)
 225  7112                                                                ; (23296 = 0x5B00 – typicky oblast ZX sysvars; přesný význam závisí na projektu)
 226  7112              xc
 227  7112
 228  7112 21 00 5B                 ld hl,23296
 229  7115 11 EE DD                 ld de,sysvars
 230  7118 01 F4 01                 ld bc,500
 231  711B ED B0                    ldir
 232  711D
 233  711D                          ; nastavení počáteční pozice kurzoru/myši (externí rutina KOREKCE)
 234  711D 21 32 32                 ld hl,50*256+50
 235  7120 22 C9 D7                 ld (lastCoordMouse),hl
 236  7123
 237  7123 CD 72 A7                 call KOREKCE                          ; externí: nastaví počáteční souřadnice
 238  7126
 239  7126 CD 9E 83                 call dospage                          ; externí: přepnutí stránkování/ROM pro DOS funkce?
 240  7129
 241  7129 CD B9 86                 call createCfg                        ; externí: vytvoření/načtení CFG (změní path na c:/sys)
 242  712C
 243  712C                          ; cc_xb.bin je již v stránce 90 – načteno cc.bas (LOAD "cc_xb.bin" BANK 90,0)
 244  712C
 245  712C                                                                ; inicializace “staré” hodnoty kolečka myši z portu $FADF (horní nibble)
 246  712C 01 DF FA                 ld bc,$fadf
 247  712F ED 78                    in a,(c)
 248  7131 E6 F0                    and  $F0
 249  7133 0F                       rrca
 250  7134 0F                       rrca
 251  7135 0F                       rrca
 252  7136 0F                       rrca
 253  7137 32 8D 73                 ld (wheelOld),a                       ; uložená pozice kolečka (0..15)
 254  713A
 255  713A                                                                ; volání rutiny na adrese $01BD (externí)
 256  713A                                                                ; Zde se z E bere výsledek jako “počet stránek” (pocetstranek)
 257  713A 2E 00                    ld l,0
 258  713C 26 00                    ld h,0
 259  713E CD BD 01                 call $01bd                            ; externí (neodhadovat)
 260  7141 7B                       ld a,e
 261  7142 32 AC 75                 ld (pocetstranek),a
 262  7145
 263  7145
 264  7145                          ; ------------------------------------------------------------
 265  7145                          ; Skenování dostupných disků/drive písmen (A..?)
 266  7145                          ; ------------------------------------------------------------
 267  7145 2E 41        disc        ld l,"A"                              ; self-modify: zde se bude postupně měnit písmeno
 268  7147 FE 4D                    cp "M"
 269  7149 28 1F                    jr z,dalsi                            ; pokud "M" -> konec? (logika závisí na externích voláních)
 270  714B
 271  714B 01 8A 75                 ld bc,bufferdisc
 272  714E CD F7 00                 call $00F7                            ; externí: zřejmě dotaz na drive? (neodhadovat)
 273  7151                                                                ; //jr nc,neskenuj
 274  7151 28 17                    jr z,dalsi                            ; pokud Z, tak “dalsi” (podle volání $00F7)
 275  7153
 276  7153              DSCDET
 277  7153 21 BE 83     dscdet      ld hl,discdetail
 278  7156 77                       ld (hl),a                             ; uloží nějaký byte detailu disku (vrácený v A)
 279  7157 23                       inc hl
 280  7158 22 54 71                 ld (dscdet+1),hl                      ; posune ukazatel pro další zápis (self-modify)
 281  715B
 282  715B 21 9C 75     setdisc     ld hl,listdisc
 283  715E 3A 46 71                 ld a,(disc+1)                         ; aktuální písmeno drive z operand části instrukce ld l,"A"
 284  7161 77                       ld (hl),a                             ; uloží písmeno do seznamu disků
 285  7162 23                       inc hl
 286  7163 22 5C 71                 ld (setdisc+1),hl                     ; posune pointer pro další uložení (self-modify)
 287  7166
 288  7166 21 AB 75                 ld hl,pocetdisku
 289  7169 34                       inc (hl)                              ; inkrement počtu disků v seznamu
 290  716A
 291  716A              dalsi
 292  716A 3A 46 71                 ld a,(disc+1)                         ; aktuální drive písmeno
 293  716D FE 50                    cp "P"
 294  716F 28 06                    jr z,neskenuj                         ; pokud P, přestaň skenovat (limit)
 295  7171 3C                       inc a
 296  7172 32 46 71                 ld (disc+1),a                         ; další písmeno drive
 297  7175 18 CE                    jr disc
 298  7177
 299  7177              NES
 300  7177              neskenuj
 301  7177
 302  7177
 303  7177                          ; ------------------------------------------------------------
 304  7177                          ; Inicializace grafiky/spritů/GUI
 305  7177                          ; ------------------------------------------------------------
 306  7177 CD AE 83                 call basicpage                        ; externí: přepnutí “basic” stránkování?
 307  717A
 308  717A                                                                ; načti sprite grafiku “sipka” do sprite systému (externí LoadSprites)
 309  717A ED 91 57 5A              nextreg MMU7_E000_NR_57,90       ; mapuj extra banku (sipka + specialchar tam jsou)
 310  717E CD BB F1                 call EXTRA_CFG_PREPARE
 311  7181 21 35 E9                 ld hl,sipka
 312  7184 01 00 01                 ld bc,16*16*1
 313  7187 3E 00                    ld a,0
 314  7189 CD 95 D7                 call LoadSprites                      ; externí
 315  718C
 316  718C CD 80 C3                 call VSE_NASTAV                       ; externí: globální nastavení aplikace/GUI?
 317  718F CD CF E4                 call EXTRA_CHECK_PLUGINS              ; silent unless an installed plugin is missing
 318  7192 ED 91 57 01              nextreg MMU7_E000_NR_57,1             ; obnov MMU7 na default po inicializaci
 319  7196
 320  7196
 321  7196
 322  7196
 323  7196                          ;call showSprite                       ; externí (v předchozím kontextu: aktualizace kurzoru)
 324  7196
 325  7196
 326  7196                                                                ; ------------------------------------------------------------
 327  7196                                                                ; menu0 – kopírování bloků (není zde kontext dat v HL/DE/BC)
 328  7196                                                                ; ------------------------------------------------------------
 329  7196              menu0
 330  7196                          ; kopíruj byte z (HL) do (DE), a za něj zapiš atribut 16
 331  7196                          ; BC určuje délku (počítadlo)
 332  7196 7E                       ld a,(hl)
 333  7197 12                       ld (de),a
 334  7198 13                       inc de
 335  7199 3E 10                    ld a,16
 336  719B CD 08 81                 call cc_map_palette_attr
 337  719E 12                       ld (de),a
 338  719F 13                       inc de
 339  71A0 23                       inc hl
 340  71A1 0B                       dec bc
 341  71A2 79                       ld a,c
 342  71A3 B0                       or b
 343  71A4 20 F0                    jr nz,menu0
 344  71A6
 345  71A6 CD 4F D1                 call kresli                           ; externí: vykreslí hlavní obrazovku
 346  71A9
 347  71A9
 348  71A9                                                                ; ------------------------------------------------------------
 349  71A9                                                                ; Nastavení aktivních disků pro levé/pravé okno podle PATHLEFT/PATHRIGHT
 350  71A9                                                                ; ------------------------------------------------------------
 351  71A9 CD 9E 83                 call dospage                          ; externí
 352  71AC
 353  71AC                                                                ; ld a,255
 354  71AC                                                                ; call $012d                 ; externí: zjisti disk? (zakomentováno)
 355  71AC
 356  71AC 3A 93 87                 ld a,(PATHLEFT)
 357  71AF 32 8D 87                 ld (actdisc),a
 358  71B2
 359  71B2 3A 9B 88                 ld a,(PATHRIGHT)
 360  71B5 32 8E 87                 ld (actdisc+1),a
 361  71B8
 362  71B8
 363  71B8                          ; ------------------------------------------------------------
 364  71B8                          ; Načtení obsahu levého a pravého panelu (volání externích rutin)
 365  71B8                          ; ------------------------------------------------------------
 366  71B8 CD AE 83                 call basicpage
 367  71BB CD 9E 83                 call dospage
 368  71BE
 369  71BE CD 88 7E                 call set_active_panel_drive
 370  71C1
 371  71C1                          ; získání pointeru na pathl přes ROZHOD2 (externí)
 372  71C1 21 8F 87                 ld hl,pathl
 373  71C4 CD 50 7F                 call ROZHOD2                          ; externí: zřejmě vrací HL=ukazatel (u tebe přes mezikrok)
 374  71C7 7E                       ld a,(hl)
 375  71C8 23                       inc hl
 376  71C9 66                       ld h,(hl)
 377  71CA 6F                       ld l,a
 378  71CB
 379  71CB AF                       xor a
 380  71CC CD B1 01                 call $01b1                            ; externí (neodhadovat)
 381  71CF
 382  71CF CD B3 82                 call reload_dir                       ; externí: načtení diru
 383  71D2
 384  71D2                                                                ; nastav adresu pro následné vykreslování okna (self-modify)
 385  71D2 21 02 40                 ld hl,$4000+2
 386  71D5 22 A3 C8                 ld (adrs+1),hl
 387  71D8
 388  71D8 CD 23 7D                 call getroot                          ; externí
 389  71DB CD 4B C7                 call showwin                          ; externí
 390  71DE CD 76 7E                 call PROHOD                           ; externí: přepnutí aktivního okna?
 391  71E1
 392  71E1                                                                ; zopakuj pro druhý panel (pravý)
 393  71E1 CD 9E 83                 call dospage
 394  71E4 21 8F 87                 ld hl,pathl
 395  71E7 CD 50 7F                 call ROZHOD2                          ; externí
 396  71EA 7E                       ld a,(hl)
 397  71EB 23                       inc hl
 398  71EC 66                       ld h,(hl)
 399  71ED 6F                       ld l,a
 400  71EE
 401  71EE AF                       xor a
 402  71EF CD B1 01                 call $01b1                            ; externí
 403  71F2
 404  71F2 CD B3 82                 call reload_dir                       ; externí
 405  71F5
 406  71F5 21 52 40                 ld hl,$4000+2+80
 407  71F8 22 A3 C8                 ld (adrs+1),hl
 408  71FB CD 25 7E                 call getroot_reload                   ; externí
 409  71FE CD 4B C7                 call showwin                          ; externí
 410  7201 CD 76 7E                 call PROHOD                           ; externí
 411  7204
 412  7204 CD 9E 83                 call dospage
 413  7207 21 8F 87                 ld hl,pathl
 414  720A CD 50 7F                 call ROZHOD2                          ; externí
 415  720D 7E                       ld a,(hl)
 416  720E 23                       inc hl
 417  720F 66                       ld h,(hl)
 418  7210 6F                       ld l,a
 419  7211
 420  7211 AF                       xor a
 421  7212 CD B1 01                 call $01b1                            ; externí
 422  7215
 423  7215 CD AE 83                 call basicpage
 424  7218
 425  7218                          ; zvýraznění kurzoru? (externí writecur)
 426  7218 3E 20                    ld a,32
 427  721A CD 18 7F                 call writecur                         ; externí
 428  721D 3E 10                    ld a,16                               ; (připraveno pro další použití)
 429  721F
 430  721F CD 8E 73                 call freespace                        ; lokální rutina níže: vykreslí “Free: … kB” pro oba panely
 431  7222
 432  7222
 433  7222                                                                ; ------------------------------------------------------------
 434  7222                                                                ; Zobrazení “emptydir” v obou oknech (přepínáním OKNO xor 16)
 435  7222                                                                ; ------------------------------------------------------------
 436  7222 21 EE 90                 ld hl,emptypos
 437  7225 CD 50 7F                 call ROZHOD2                          ; externí: vrátí ukazatel na pozici
 438  7228 7E                       ld a,(hl)
 439  7229 23                       inc hl
 440  722A 66                       ld h,(hl)
 441  722B 6F                       ld l,a
 442  722C
 443  722C 11 F2 90                 ld de,emptydir
 444  722F AF                       xor a
 445  7230 CD 09 81                 call print                            ; externí: tisk textu
 446  7233
 447  7233 3A 88 87                 ld a,(OKNO)
 448  7236 EE 10                    xor 16
 449  7238 32 88 87                 ld (OKNO),a                           ; přepnutí aktivního okna (bit 4?)
 450  723B
 451  723B                                                                ; vytiskni znovu do druhého okna
 452  723B 21 EE 90                 ld hl,emptypos
 453  723E CD 50 7F                 call ROZHOD2                          ; externí
 454  7241 7E                       ld a,(hl)
 455  7242 23                       inc hl
 456  7243 66                       ld h,(hl)
 457  7244 6F                       ld l,a
 458  7245
 459  7245 11 F2 90                 ld de,emptydir
 460  7248 AF                       xor a
 461  7249 CD 09 81                 call print
 462  724C
 463  724C              stop
 464  724C                          ; následná sekvence: přepínání okna a GETDIR
 465  724C                          ; (volání externích rutin – bez odhadů)
 466  724C CD 76 7E                 call PROHOD
 467  724F CD 67 8F                 call GETDIR                           ; externí
 468  7252 CD 76 7E                 call PROHOD
 469  7255 CD 9E 83                 call dospage
 470  7258
 471  7258 21 8F 87                 ld hl,pathl
 472  725B CD 50 7F                 call ROZHOD2                          ; externí
 473  725E 7E                       ld a,(hl)
 474  725F 23                       inc hl
 475  7260 66                       ld h,(hl)
 476  7261 6F                       ld l,a
 477  7262
 478  7262 AF                       xor a
 479  7263 CD B1 01                 call $01b1                            ; externí
 480  7266 CD AE 83                 call basicpage
 481  7269
 482  7269 CD 67 8F                 call GETDIR                           ; externí
 483  726C CD 76 7E                 call PROHOD
 484  726F CD 9E 83                 call dospage
 485  7272
 486  7272 21 8F 87                 ld hl,pathl
 487  7275 CD 50 7F                 call ROZHOD2                          ; externí
 488  7278 7E                       ld a,(hl)
 489  7279 23                       inc hl
 490  727A 66                       ld h,(hl)
 491  727B 6F                       ld l,a
 492  727C
 493  727C AF                       xor a
 494  727D CD B1 01                 call $01b1                            ; externí
 495  7280 CD AE 83                 call basicpage
 496  7283
 497  7283
 498  7283                          ; ------------------------------------------------------------
 499  7283                          ; Hlavní smyčka UI
 500  7283                          ; ------------------------------------------------------------
 501  7283              L0
 502  7283              loop0
 503  7283                          ; nastav pozici pro progress bar (self-modify PROGS+1)
 504  7283 21 77 49                 ld   hl,$4000+160*15+23
 505  7286 22 7C 75                 ld (PROGS+1),hl
 506  7289
 507  7289                          ; na začátku smyčky se tlačítka myši vynulují (latch/akumulace se začne znovu)
 508  7289 AF                       xor a
 509  728A 32 4E 73                 ld (TLACITKO),a
 510  728D
 511  728D CD AE 75                 call gettime                          ; lokální rutina: vypíše čas/datum nebo prázdno
 512  7290
 513  7290                                                                ; nextreg $56/$55 – bez kontextu jen pozn.: zápis do Next registrů (externí efekt/řízení)
 514  7290 ED 91 56 00              nextreg $56,0
 515  7294 ED 91 55 14              nextreg $55,20
 516  7298
 517  7298
 518  7298                          ; vymazání/obnovení textu “Selected” (?) v obou oknech
 519  7298 21 1E 01                 ld hl,1*256+30
 520  729B 3E 00                    ld a,0
 521  729D 11 0E CB                 ld de,seltxt
 522  72A0 CD 09 81                 call print                            ; externí
 523  72A3
 524  72A3 21 1E 29                 ld hl,41*256+30
 525  72A6 3E 00                    ld a,0
 526  72A8 11 0E CB                 ld de,seltxt
 527  72AB CD 09 81                 call print                            ; externí
 528  72AE
 529  72AE
 530  72AE                                                                ; zobraz numsel (levé okno)
 531  72AE 2A 0A CB                 ld hl,(numsel)
 532  72B1 CD 57 7D                 call NUM                              ; externí: převod čísla do NUMBUF
 533  72B4 21 1E 0B                 ld hl,11*256+30
 534  72B7 3E 00                    ld a,0
 535  72B9 11 4E 7D                 ld de,NUMBUF
 536  72BC CD 09 81                 call print                            ; externí
 537  72BF
 538  72BF                                                                ; zobraz numsel+2 (pravé okno)
 539  72BF 2A 0C CB                 ld hl,(numsel+2)
 540  72C2 CD 57 7D                 call NUM
 541  72C5 21 1E 33                 ld hl,51*256+30
 542  72C8 3E 00                    ld a,0
 543  72CA 11 4E 7D                 ld de,NUMBUF
 544  72CD CD 09 81                 call print
 545  72D0
 546  72D0                          ; vypiš oddělovače "/" na pevné adresy v obrazovce
 547  72D0 3E 2F                    ld a,"/"
 548  72D2 32 E0 52                 ld ($4000+30*160+32),a
 549  72D5 3E 2F                    ld a,"/"
 550  72D7 32 30 53                 ld ($4000+30*160+112),a
 551  72DA
 552  72DA                          ; zobraz ALLFILES (levé okno)
 553  72DA 2A 4F 87                 ld hl,(ALLFILES)
 554  72DD CD 57 7D                 call NUM
 555  72E0 21 1E 11                 ld hl,17*256+30
 556  72E3 3E 00                    ld a,0
 557  72E5 32 53 7D                 ld (NUMBUF+5),a                       ; ruční ukončení / zkrácení čísla (formát)
 558  72E8 11 4E 7D                 ld de,NUMBUF
 559  72EB CD 09 81                 call print
 560  72EE
 561  72EE                          ; zobraz ALLFILES+2 (pravé okno)
 562  72EE 2A 51 87                 ld hl,(ALLFILES + 2)
 563  72F1 CD 57 7D                 call NUM
 564  72F4 21 1E 39                 ld hl,57*256+30
 565  72F7 3E 00                    ld a,0
 566  72F9 32 53 7D                 ld (NUMBUF+5),a
 567  72FC 11 4E 7D                 ld de,NUMBUF
 568  72FF CD 09 81                 call print
 569  7302
 570  7302
 571  7302
 572  7302 CD D3 84                 call NOBUFF83                         ; externí: pravděpodobně práce s 8.3 bufferem (neodhadovat)
 573  7305 CD AA 7F                 call INKEY                            ; externí: načtení klávesy do A
 574  7308 32 DE 7E                 ld (klavesa),a                        ; uložit poslední klávesu
 575  730B CD 63 73                 call key_dispatch_action
 576  730E B7                       or a
 577  730F CA 13 73                 jp z,.mouse_input
 578  7312 E9                       jp (hl)
 579  7313
 580  7313              .mouse_input
 581  7313 CD F5 A6                 call MOUSE
 582  7316                          ; ------------------------------------------------------------
 583  7316                          ; Myš: test levého tlačítka + kolečko (v cspect poznámka, že kolečko nefunguje)
 584  7316                          ; TLACITKO je "latched" (ORované) jinde v kódu (showSprite/MOUSE dle tvých úryvků)
 585  7316                          ; ------------------------------------------------------------
 586  7316 3A 4E 73                 ld a,(TLACITKO)
 587  7319 CB 4F                    bit 1,a                               ; levé tlačítko je bit1 (bit0 = pravé)
 588  731B C2 49 D8                 jp nz,LEVE_TLACITKO                   ; obsluha levého kliknutí
 589  731E
 590  731E
 591  731E 3A 86 A7                 ld a,(CONTRB)
 592  7321 CB 47                    bit 0,a                               ; pravé tlačítko je bit1 (bit0 = pravé)
 593  7323 C2 2B D8                 jp nz,PRAVE_TLACITKO                   ; obsluha levého kliknutí
 594  7326
 595  7326
 596  7326
 597  7326
 598  7326                                                                ; ------------------------------------------------------------
 599  7326                                                                ; Kolečko myši: wheelOld je 0..15, čte se z horního nibblu portu $FADF
 600  7326                                                                ; Logika řeší i přetečení 15->0 a 0->15 (hraniční stavy)
 601  7326                                                                ; ------------------------------------------------------------
 602  7326 3A 8D 73                 ld a,(wheelOld)
 603  7329 FE 0F                    cp 15
 604  732B 28 22                    jr z,hranicniPatnact
 605  732D B7                       or a
 606  732E CA 79 73                 jp z,hranicniNula
 607  7331
 608  7331 5F                       ld e,a                                ; E = stará poloha kolečka
 609  7332 CD 42 73                 call nactiWheelMysky                  ; načti aktuální polohu kolečka do A
 610  7335 32 8D 73                 ld (wheelOld),a                       ; ulož novou polohu
 611  7338 BB                       cp e
 612  7339 CA 83 72                 jp z,loop0                            ; beze změny -> další iterace smyčky
 613  733C
 614  733C DA 27 C9                 jp c,leftcur                          ; pokud A < E: směr jedním směrem (např. nahoru)
 615  733F C3 D1 C9                 jp rightcur                           ; pokud A > E: opačný směr
 616  7342
 617  7342
 618  7342                                                                ; ------------------------------------------------------------
 619  7342                                                                ; nactiWheelMysky
 620  7342                                                                ; ------------------------------------------------------------
 621  7342                                                                ; Čte port $FADF, bere horní nibble (po 4× RRCA) => A=0..15.
 622  7342                                                                ; ------------------------------------------------------------
 623  7342              nactiWheelMysky
 624  7342 01 DF FA                 ld bc,$fadf
 625  7345 ED 78                    in a,(c)
 626  7347
 627  7347 E6 F0                    and  $F0
 628  7349 0F                       rrca
 629  734A 0F                       rrca
 630  734B 0F                       rrca
 631  734C 0F                       rrca
 632  734D C9                       ret
 633  734E
 634  734E 00           TLACITKO    defb 0                                ; latched stav tlačítek myši (bit0=pravé, bit1=levé, ...)
 635  734F
 636  734F                                                                ; ------------------------------------------------------------
 637  734F                                                                ; Hraniční případy kolečka:
 638  734F                                                                ; - když je stará hodnota 15, řeší se přechod 15->0 i “o krok zpět”
 639  734F                                                                ; - když je stará hodnota 0, řeší se přechod 0->15 i “o krok vpřed”
 640  734F                                                                ; ------------------------------------------------------------
 641  734F              hranicniPatnact
 642  734F 5F                       ld e,a
 643  7350 CD 42 73                 call nactiWheelMysky
 644  7353 32 8D 73                 ld (wheelOld),a
 645  7356 FE 00                    cp 0
 646  7358 CA D1 C9                 jp z,rightcur                         ; 15 -> 0 (přetečení) vyhodnoceno jako směr "rightcur"
 647  735B FE 0E                    cp 14
 648  735D CA 27 C9                 jp z,leftcur                          ; 15 -> 14 směr "leftcur"
 649  7360 C3 83 72                 jp loop0
 650  7363
 651  7363
 652  7363              ; Translate the INKEY result in A through the persistent action->key table.
 653  7363              ; OUT: A=ACT_* and HL=handler, or A=0 when the key is unbound. The scan and
 654  7363              ; jump table live in the extra code bank; this small trampoline is all that
 655  7363              ; remains resident.
 656  7363              key_dispatch_action
 657  7363 4F                       ld c,a
 658  7364                          NEXTREG2A MMU7_E000_NR_57
 658  7364             >            ; přečti NextReg číslo nextreg? do A (přes ReadNextReg2A)
 658  7364 3E 57       >            ld a,MMU7_E000_NR_57
 658  7366 CD 03 71    >            call ReadNextReg2A
 659  7369 F5                       push af
 660  736A ED 91 57 5A              nextreg MMU7_E000_NR_57,90
 661  736E 79                       ld a,c
 662  736F CD 4B E0                 call EXTRA_KEY_DISPATCH
 663  7372 47                       ld b,a
 664  7373 F1                       pop af
 665  7374 ED 92 57                 nextreg MMU7_E000_NR_57,a
 666  7377 78                       ld a,b
 667  7378 C9                       ret
 668  7379
 669  7379                          MACRO emit_key_dispatch_code
 670  7379 ~            EXTRA_KEY_DISPATCH
 671  7379 ~                        ld hl,cfgKeyBindings
 672  7379 ~                        ld b,SETTINGS_ACTION_COUNT
 673  7379 ~                        ld c,a
 674  7379 ~                        ld a,1
 675  7379 ~            .scan
 676  7379 ~                        ld e,(hl)
 677  7379 ~                        inc hl
 678  7379 ~                        cp 0                                  ; keep flags independent of key value
 679  7379 ~                        ld d,a
 680  7379 ~                        ld a,e
 681  7379 ~                        cp c
 682  7379 ~                        ld a,d
 683  7379 ~                        jr z,.found
 684  7379 ~                        inc a
 685  7379 ~                        djnz .scan
 686  7379 ~                        xor a
 687  7379 ~                        ld hl,0
 688  7379 ~                        ret
 689  7379 ~            .found
 690  7379 ~                        push af
 691  7379 ~                        dec a
 692  7379 ~                        add a,a
 693  7379 ~                        ld e,a
 694  7379 ~                        ld d,0
 695  7379 ~                        ld hl,extraKeyActionJumpTable
 696  7379 ~                        add hl,de
 697  7379 ~                        ld e,(hl)
 698  7379 ~                        inc hl
 699  7379 ~                        ld h,(hl)
 700  7379 ~                        ld l,e
 701  7379 ~                        pop af
 702  7379 ~                        ret
 703  7379 ~
 704  7379 ~            extraKeyActionJumpTable
 705  7379 ~                        defw info,down,up,rightcur,leftcur,changewin,enter,delete
 706  7379 ~                        defw delete_key_parent,RENAME,menu,copy,move,select,MKDIR
 707  7379 ~                        defw newdisc_left,newdisc_right,select_files,invert_select_files
 708  7379 ~                        defw deselect,jump_search,leftwin,rightwin,view_file,edit_file
 709  7379 ~                        defw view_plugin_menu,bookmarks_add,bookmarks_list,help,CHNG_ATTR
 710  7379 ~                        defw info_file,quit,settings_open
 711  7379 ~            extraKeyActionJumpTableEnd
 712  7379 ~                        assert extraKeyActionJumpTableEnd-extraKeyActionJumpTable = SETTINGS_ACTION_COUNT*2
 713  7379                          ENDM
 714  7379
 715  7379              hranicniNula
 716  7379 5F                       ld e,a
 717  737A CD 42 73                 call nactiWheelMysky
 718  737D 32 8D 73                 ld (wheelOld),a
 719  7380 FE 0F                    cp 15
 720  7382 CA 27 C9                 jp z,leftcur                          ; 0 -> 15 (přetečení) vyhodnoceno jako "leftcur"
 721  7385 FE 01                    cp 1
 722  7387 CA D1 C9                 jp z,rightcur                         ; 0 -> 1 směr "rightcur"
 723  738A C3 83 72                 jp loop0
 724  738D
 725  738D 00           wheelOld    defb 0                                ; poslední načtená “pozice” kolečka (0..15)
 726  738E
 727  738E
 728  738E                                                                ; ------------------------------------------------------------
 729  738E                                                                ; freespace
 730  738E                                                                ; ------------------------------------------------------------
 731  738E                                                                ; UI rutina: vypíše text "Free:" do obou panelů a pak z DOSu zjistí volné místo
 732  738E                                                                ; (přes externí volání na $0121) a vypíše v kB.
 733  738E                                                                ; ------------------------------------------------------------
 734  738E              freespace
 735  738E                          ; text "Free:" do levého panelu
 736  738E 21 1E 18                 ld hl,24*256 + 30
 737  7391 11 E9 73                 ld de,freetxt
 738  7394 3E 00                    ld a,0
 739  7396 CD 09 81                 call print                            ; externí
 740  7399
 741  7399                                                                ; text "Free:" do pravého panelu
 742  7399 21 1E 40                 ld hl,64*256 + 30
 743  739C 11 E9 73                 ld de,freetxt
 744  739F 3E 00                    ld a,0
 745  73A1 CD 09 81                 call print
 746  73A4
 747  73A4 CD 9E 83                 call dospage                          ; externí: přepni prostředí pro DOS volání
 748  73A7
 749  73A7                                                                ; levý panel: připrav pozici pro DEC32 výpis (self-modify dec32pos+1)
 750  73A7 21 1E 1D                 ld hl,29*256 + 30
 751  73AA 22 C3 7D                 ld (dec32pos+1),hl
 752  73AD
 753  73AD 3A 8D 87                 ld a,(actdisc)
 754  73B0 CD 21 01                 call $121                             ; externí: vrací volné místo? (B,C?) – neodhadovat
 755  73B3 60                       ld h,b
 756  73B4 69                       ld l,c
 757  73B5 EB                       ex de,hl                              ; DE = hodnota pro DEC32
 758  73B6 06 08                    ld b,8
 759  73B8 CD B8 7D                 call DEC32                            ; externí: převod 32bit hodnoty na text? (neodhadovat)
 760  73BB
 761  73BB                                                                ; přidej "kB"
 762  73BB 21 1E 25                 ld hl,37*256 + 30
 763  73BE 11 EF 73                 ld de,kb
 764  73C1 3E 00                    ld a,0
 765  73C3 CD 09 81                 call print
 766  73C6
 767  73C6                          ; pravý panel: totéž
 768  73C6 21 1E 45                 ld hl,69*256 + 30
 769  73C9 22 C3 7D                 ld (dec32pos+1),hl
 770  73CC
 771  73CC 3A 8D 87                 ld a,(actdisc)
 772  73CF CD 21 01                 call $121                             ; externí
 773  73D2 60                       ld h,b
 774  73D3 69                       ld l,c
 775  73D4 EB                       ex de,hl
 776  73D5 06 08                    ld b,8
 777  73D7 CD B8 7D                 call DEC32                            ; externí
 778  73DA
 779  73DA 21 1E 4D                 ld hl,77*256 + 30
 780  73DD 11 EF 73                 ld de,kb
 781  73E0 3E 00                    ld a,0
 782  73E2 CD 09 81                 call print
 783  73E5
 784  73E5 CD AE 83                 call basicpage                        ; externí: zpět do “basic” prostředí?
 785  73E8 C9                       ret
 786  73E9
 787  73E9 46 72 65 65  freetxt     defb "Free:",0
 787  73ED 3A 00
 788  73EF 6B 42 00     kb          defb "kB",0
 789  73F2
 790  73F2
 791  73F2              ; ------------------------------------------------------------
 792  73F2              ; setleftwin / setrightwin
 793  73F2              ; ------------------------------------------------------------
 794  73F2              ; Přepnutí aktivního panelu (OKNO) + UI kurzoru (writecur),
 795  73F2              ; a zavolání externích rutin pro nastavení aktivní cesty (ROZHOD2, $01B1).
 796  73F2              ; ------------------------------------------------------------
 797  73F2              setleftwin
 798  73F2 3E 00                    ld a,0
 799  73F4 CD 18 7F                 call writecur                         ; externí: vymaž/starý kurzor?
 800  73F7
 801  73F7 3E 03                    ld a,3
 802  73F9 32 88 87                 ld (OKNO),a                           ; OKNO = 3 (konkrétní význam neznám, ale odpovídá “levému”)
 803  73FC
 804  73FC 3E 20                    ld a,32
 805  73FE CD 18 7F                 call writecur                         ; externí: nastav nový kurzor?
 806  7401
 807  7401 CD 9E 83                 call dospage
 808  7404
 809  7404 21 8F 87                 ld hl,pathl
 810  7407 CD 50 7F                 call ROZHOD2                          ; externí: vrátí ukazatel
 811  740A 7E                       ld a,(hl)
 812  740B 23                       inc hl
 813  740C 66                       ld h,(hl)
 814  740D 6F                       ld l,a
 815  740E
 816  740E AF                       xor a
 817  740F CD B1 01                 call $01b1                            ; externí: nastavení cesty/drive?
 818  7412 CD AE 83                 call basicpage
 819  7415 C9                       ret
 820  7416
 821  7416
 822  7416              setrightwin
 823  7416 3E 00                    ld a,0
 824  7418 CD 18 7F                 call writecur
 825  741B
 826  741B 3E 13                    ld a,$13
 827  741D 32 88 87                 ld (OKNO),a                           ; OKNO = $13 (konkrétní význam neznám, odpovídá “pravému”)
 828  7420
 829  7420 3E 20                    ld a,32
 830  7422 CD 18 7F                 call writecur
 831  7425
 832  7425 CD 9E 83                 call dospage
 833  7428
 834  7428 21 8F 87                 ld hl,pathl
 835  742B CD 50 7F                 call ROZHOD2                          ; externí
 836  742E 7E                       ld a,(hl)
 837  742F 23                       inc hl
 838  7430 66                       ld h,(hl)
 839  7431 6F                       ld l,a
 840  7432
 841  7432 AF                       xor a
 842  7433 CD B1 01                 call $01b1                            ; externí
 843  7436 CD AE 83                 call basicpage
 844  7439 C9                       ret
 845  743A
 846  743A
 847  743A                          ; ------------------------------------------------------------
 848  743A                          ; Wrappery: akce pro levý/pravý panel → nastav okno a skoč do společné rutiny
 849  743A                          ; ------------------------------------------------------------
 850  743A              select_files_left
 851  743A CD F2 73                 call setleftwin
 852  743D C3 08 D6                 jp select_files                       ; externí
 853  7440
 854  7440              deselect_files_left
 855  7440 CD F2 73                 call setleftwin
 856  7443 C3 6A D4                 jp deselect                           ; externí
 857  7446
 858  7446              select_files_right
 859  7446 CD 16 74                 call setrightwin
 860  7449 C3 08 D6                 jp select_files                       ; externí
 861  744C
 862  744C              invert_select_files_left
 863  744C CD F2 73                 call setleftwin
 864  744F C3 D2 D5                 jp invert_select_files                ; externí
 865  7452
 866  7452              invert_select_files_right
 867  7452 CD 16 74                 call setrightwin
 868  7455 C3 D2 D5                 jp invert_select_files                ; externí
 869  7458
 870  7458              deselect_files_right
 871  7458 CD 16 74                 call setrightwin
 872  745B C3 6A D4                 jp deselect                           ; externí
 873  745E
 874  745E
 875  745E                                                                ; ------------------------------------------------------------
 876  745E                                                                ; newdisc_left/right + leftwin/rightwin + lw/rw
 877  745E                                                                ; ------------------------------------------------------------
 878  745E                                                                ; Opakující se blok: nastav aktivní okno, nastav cestu přes DOS,
 879  745E                                                                ; pak buď skoč do changedrive/loop0 nebo se vrať (lw/rw).
 880  745E                                                                ; (Volání externích rutin se neodhadují.)
 881  745E                                                                ; ------------------------------------------------------------
 882  745E              newdisc_left
 883  745E 3E 00                    ld a,0
 884  7460 CD 18 7F                 call writecur
 885  7463 3E 03                    ld a,3
 886  7465 32 88 87                 ld (OKNO),a
 887  7468 3E 20                    ld a,32
 888  746A CD 18 7F                 call writecur
 889  746D
 890  746D CD 9E 83                 call dospage
 891  7470 21 8F 87                 ld hl,pathl
 892  7473 CD 50 7F                 call ROZHOD2
 893  7476 7E                       ld a,(hl)
 894  7477 23                       inc hl
 895  7478 66                       ld h,(hl)
 896  7479 6F                       ld l,a
 897  747A AF                       xor a
 898  747B CD B1 01                 call $01b1
 899  747E CD AE 83                 call basicpage
 900  7481 C3 78 C4                 jp changedrive                        ; externí
 901  7484
 902  7484
 903  7484              leftwin
 904  7484 3E 00                    ld a,0
 905  7486 CD 18 7F                 call writecur
 906  7489 3E 03                    ld a,3
 907  748B 32 88 87                 ld (OKNO),a
 908  748E 3E 20                    ld a,32
 909  7490 CD 18 7F                 call writecur
 910  7493
 911  7493 CD 9E 83                 call dospage
 912  7496 21 8F 87                 ld hl,pathl
 913  7499 CD 50 7F                 call ROZHOD2
 914  749C 7E                       ld a,(hl)
 915  749D 23                       inc hl
 916  749E 66                       ld h,(hl)
 917  749F 6F                       ld l,a
 918  74A0 AF                       xor a
 919  74A1 CD B1 01                 call $01b1
 920  74A4 CD AE 83                 call basicpage
 921  74A7 C3 83 72                 jp loop0
 922  74AA
 923  74AA
 924  74AA              lw
 925  74AA                          ; stejná logika jako leftwin, ale končí RET (použito jako podprogram)
 926  74AA 3E 00                    ld a,0
 927  74AC CD 18 7F                 call writecur
 928  74AF 3E 03                    ld a,3
 929  74B1 32 88 87                 ld (OKNO),a
 930  74B4 3E 20                    ld a,32
 931  74B6 CD 18 7F                 call writecur
 932  74B9
 933  74B9 CD 9E 83                 call dospage
 934  74BC 21 8F 87                 ld hl,pathl
 935  74BF CD 50 7F                 call ROZHOD2
 936  74C2 7E                       ld a,(hl)
 937  74C3 23                       inc hl
 938  74C4 66                       ld h,(hl)
 939  74C5 6F                       ld l,a
 940  74C6 AF                       xor a
 941  74C7 CD B1 01                 call $01b1
 942  74CA CD AE 83                 call basicpage
 943  74CD C9                       ret
 944  74CE
 945  74CE
 946  74CE              rightwin
 947  74CE 3E 00                    ld a,0
 948  74D0 CD 18 7F                 call writecur
 949  74D3 3E 13                    ld a,$13
 950  74D5 32 88 87                 ld (OKNO),a
 951  74D8 3E 20                    ld a,32
 952  74DA CD 18 7F                 call writecur
 953  74DD
 954  74DD CD 9E 83                 call dospage
 955  74E0 21 8F 87                 ld hl,pathl
 956  74E3 CD 50 7F                 call ROZHOD2
 957  74E6 7E                       ld a,(hl)
 958  74E7 23                       inc hl
 959  74E8 66                       ld h,(hl)
 960  74E9 6F                       ld l,a
 961  74EA AF                       xor a
 962  74EB CD B1 01                 call $01b1
 963  74EE CD AE 83                 call basicpage
 964  74F1 C3 83 72                 jp loop0
 965  74F4
 966  74F4
 967  74F4              rw
 968  74F4                          ; stejná logika jako rightwin, ale končí RET
 969  74F4 3E 00                    ld a,0
 970  74F6 CD 18 7F                 call writecur
 971  74F9 3E 13                    ld a,$13
 972  74FB 32 88 87                 ld (OKNO),a
 973  74FE 3E 20                    ld a,32
 974  7500 CD 18 7F                 call writecur
 975  7503
 976  7503 CD 9E 83                 call dospage
 977  7506 21 8F 87                 ld hl,pathl
 978  7509 CD 50 7F                 call ROZHOD2
 979  750C 7E                       ld a,(hl)
 980  750D 23                       inc hl
 981  750E 66                       ld h,(hl)
 982  750F 6F                       ld l,a
 983  7510 AF                       xor a
 984  7511 CD B1 01                 call $01b1
 985  7514 CD AE 83                 call basicpage
 986  7517 C9                       ret
 987  7518
 988  7518
 989  7518              newdisc_right
 990  7518 3E 00                    ld a,0
 991  751A CD 18 7F                 call writecur
 992  751D 3E 13                    ld a,$13
 993  751F 32 88 87                 ld (OKNO),a
 994  7522 3E 20                    ld a,32
 995  7524 CD 18 7F                 call writecur
 996  7527
 997  7527 CD 9E 83                 call dospage
 998  752A 21 8F 87                 ld hl,pathl
 999  752D CD 50 7F                 call ROZHOD2
1000  7530 7E                       ld a,(hl)
1001  7531 23                       inc hl
1002  7532 66                       ld h,(hl)
1003  7533 6F                       ld l,a
1004  7534 AF                       xor a
1005  7535 CD B1 01                 call $01b1
1006  7538 CD AE 83                 call basicpage
1007  753B C3 78 C4                 jp changedrive                        ; externí
1008  753E
1009  753E
1010  753E                                                                ; ------------------------------------------------------------
1011  753E                                                                ; Konfigurace a proměnné pro progress bar
1012  753E                                                                ; ------------------------------------------------------------
1013  753E              souboru_na_radek    equ 26
1014  753E
1015  753E 00 00        PROGPROM    defw 0
1016  7540
1017  7540
1018  7540              ; ------------------------------------------------------------
1019  7540              ; PROVYP – výpočet pro progress (podle komentáře autora)
1020  7540              ; ------------------------------------------------------------
1021  7540              ; Vstup:
1022  7540              ; DE = počet (např. souborů, bloků…)
1023  7540              ; Výstup:
1024  7540              ; HL a A (podle tvého komentáře: HL na CPPX1, A na CPPX3)
1025  7540              ; Pozn:
1026  7540              ; V téhle ukázce nejsou CPPX1/CPPX3, jen algoritmus výpočtu.
1027  7540              ; ------------------------------------------------------------
1028  7540              PROVYP
1029  7540 62                       ld   h,d
1030  7541 6B                       ld   l,e
1031  7542 7A                       ld   a,d
1032  7543 B7                       or   a
1033  7544 20 05                    jr   nz,PROV3
1034  7546 7B                       ld   a,e
1035  7547 FE 09                    cp   9
1036  7549 38 1B                    jr   c,PROV4
1037  754B
1038  754B              PROV3
1039  754B                          ; zde se opakovaně posouvá HL a A – vypadá to jako aproximace dělení (škálování)
1040  754B AF                       xor  a
1041  754C CB 3C                    srl  h
1042  754E CB 1D                    rr   l
1043  7550 1F                       rra
1044  7551 CB 3C                    srl  h
1045  7553 CB 1D                    rr   l
1046  7555 1F                       rra
1047  7556 CB 3C                    srl  h
1048  7558 CB 1D                    rr   l
1049  755A 1F                       rra
1050  755B CB 3C                    srl  h
1051  755D CB 1D                    rr   l
1052  755F 1F                       rra
1053  7560 B7                       or   a
1054  7561
1055  7561 3E 01                    ld   a,1
1056  7563 C8                       ret  z
1057  7564 23                       inc  hl
1058  7565 C9                       ret
1059  7566
1060  7566              PROV4
1061  7566                          ; malé hodnoty (1..8) se mapují tabulkou TABPRO
1062  7566 21 70 75                 ld   hl,TABPRO
1063  7569 1B                       dec  de
1064  756A 19                       add  hl,de
1065  756B 7E                       ld   a,(hl)
1066  756C 21 01 00                 ld   hl,1
1067  756F C9                       ret
1068  7570
1069  7570 10 08 05 04  TABPRO      db 16,8,5,4,3,2,2,2
1069  7574 03 02 02 02
1070  7578
1071  7578
1072  7578              ; ------------------------------------------------------------
1073  7578              ; PRGRS1/PROGRES – vykreslení “teploměru” (progress bar)
1074  7578              ; ------------------------------------------------------------
1075  7578              ; B = počet segmentů; zapisuje se do obrazovky po 2 bajtech (char+attr nebo tile+attr)
1076  7578              ; ------------------------------------------------------------
1077  7578              PRGRS1
1078  7578 06 01                    ld   b,1
1079  757A
1080  757A              PROGRES
1081  757A E5                       push hl
1082  757B
1083  757B 21 79 49     PROGS        ld   hl,$4000+160*15+25              ; self-modify: aktuální pozice bar kreslení
1084  757E 3E 24                    ld   a,36                             ; barva segmentu progressu
1085  7580
1086  7580              PROGRSM1
1087  7580 77                       ld   (hl),a                           ; zapiš hodnotu (barva/atribut)
1088  7581 23                       inc  hl
1089  7582 23                       inc  hl                               ; krok o 2 (zřejmě přeskočí “znak”/“atribut” dle layoutu)
1090  7583 10 FB                    djnz PROGRSM1
1091  7585
1092  7585 22 7C 75                 ld   (PROGS+1),hl                     ; posuň výchozí pozici pro další volání
1093  7588 E1                       pop  hl
1094  7589 C9                       ret
1095  758A
1096  758A                          ; ------------------------------------------------------------
1097  758A                          ; Buffery pro seznam disků
1098  758A                          ; ------------------------------------------------------------
1099  758A 00 00 00...  bufferdisc      defs 18
1100  759C 00 00 00...  listdisc        defs 15
1101  75AB 00           pocetdisku      defb 0
1102  75AC 00           pocetstranek    defb 0
1103  75AD
1104  75AD 00           rtcpresent      defb 0
1105  75AE
1106  75AE
1107  75AE              ; ------------------------------------------------------------
1108  75AE              ; gettime – načti čas/datum z DOSu a vypiš do UI
1109  75AE              ; ------------------------------------------------------------
1110  75AE              ; Volá externí DOS rutinu na $01CC, výsledky ukládá do dostime/dosdate
1111  75AE              ; a formátuje je do textu přes NUM + print.
1112  75AE              ; Pokud není RTC dostupné / volání selže, vypíše prázdný řádek.
1113  75AE              ; ------------------------------------------------------------
1114  75AE              gettime
1115  75AE CD 9E 83                 call dospage
1116  75B1 CD CC 01                 call $01cc                            ; externí: načti čas+datum, DE=time, BC=date
1117  75B4
1118  75B4 D5                       push de
1119  75B5 C5                       push bc
1120  75B6 F5                       push af
1121  75B7 CD AE 83                 call basicpage
1122  75BA F1                       pop af
1123  75BB C1                       pop bc
1124  75BC D1                       pop de
1125  75BD
1126  75BD D2 8B 76                 jp nc,notimeend                       ; pokud “NC” => bez času (dle autora)
1127  75C0
1128  75C0 2A 94 76                 ld hl,(dostime)
1129  75C3 7B                       ld a,e
1130  75C4 AD                       xor l
1131  75C5 E6 E0                    and $e0
1132  75C7 20 0A                    jr nz,.time_changed
1133  75C9 7A                       ld a,d
1134  75CA BC                       cp h
1135  75CB 20 06                    jr nz,.time_changed
1136  75CD 3A 84 40                 ld a,($4000+66*2)
1137  75D0 FE 3A                    cp ":"
1138  75D2 C8                       ret z
1139  75D3              .time_changed
1140  75D3 ED 53 94 76              ld (dostime),de
1141  75D7 C5                       push bc
1142  75D8
1143  75D8 3E 01                    ld a,1
1144  75DA 32 AD 75                 ld (rtcpresent),a
1145  75DD
1146  75DD                          ; Následuje dekódování času z registrů D/E do HH:MM
1147  75DD                          ; (bez přesného formátu zdroje nebudu tvrdit víc, jen že se tu skládají čísla)
1148  75DD 7A                       ld   a,d
1149  75DE 43                       ld   b,e
1150  75DF CB 3F                    srl  a
1151  75E1 CB 18                    rr   b
1152  75E3 CB 3F                    srl  a
1153  75E5 CB 18                    rr   b
1154  75E7 CB 3F                    srl  a
1155  75E9 CB 18                    rr   b
1156  75EB CB 38                    srl  b
1157  75ED CB 38                    srl  b
1158  75EF C5                       push bc
1159  75F0
1160  75F0                          ; tisk “hodiny” (část NUMBUF+3)
1161  75F0 6F                       ld l,a
1162  75F1 26 00                    ld h,0
1163  75F3 CD 57 7D                 call NUM
1164  75F6 21 00 40                 ld hl,64*256+0
1165  75F9 3E 10                    ld a,16
1166  75FB 11 51 7D                 ld de,NUMBUF+3
1167  75FE CD 09 81                 call print
1168  7601
1169  7601                          ; tisk ":" mezi hodinami a minutami
1170  7601 21 00 42                 ld hl,66*256+0
1171  7604 3E 10                    ld a,16
1172  7606 11 90 76                 ld de,dvojt
1173  7609 CD 09 81                 call print
1174  760C
1175  760C F1                       pop  af                               ; zde se zřejmě bere druhá složka času (minuty) z uloženého BC
1176  760D
1177  760D 6F                       ld l,a
1178  760E 26 00                    ld h,0
1179  7610 CD 57 7D                 call NUM
1180  7613 AF                       xor a
1181  7614 32 53 7D                 ld (NUMBUF+3+2),a                     ; ukončení/format
1182  7617 21 00 43                 ld hl,67*256+0
1183  761A 3E 10                    ld a,16
1184  761C 11 51 7D                 ld de,NUMBUF+3
1185  761F CD 09 81                 call print
1186  7622
1187  7622                          ; Dekódování data z dosdate (DE) – den/měsíc/rok
1188  7622 D1                       pop de
1189  7623 7B                       ld a,e
1190  7624 E6 1F                    and 31                                ; den v měsíci (mask 5 bitů)
1191  7626 D5                       push de
1192  7627
1193  7627                          ; tisk dne
1194  7627 6F                       ld l,a
1195  7628 26 00                    ld h,0
1196  762A CD 57 7D                 call NUM
1197  762D 21 00 46                 ld hl,70*256+0
1198  7630 3E C0                    ld a,192
1199  7632 11 51 7D                 ld de,NUMBUF+3
1200  7635 CD 09 81                 call print
1201  7638
1202  7638                          ; tisk "/"
1203  7638 21 00 48                 ld hl,72*256+0
1204  763B 3E C0                    ld a,192
1205  763D 11 92 76                 ld de,slash
1206  7640 CD 09 81                 call print
1207  7643
1208  7643 D1                       pop de
1209  7644
1210  7644                          ; výpočet měsíce (bitové přesuny; přesný formát datum wordu je typicky MS-DOS FAT)
1211  7644 7B                       ld a,e
1212  7645 42                       ld b,d
1213  7646 CB 38                    srl b
1214  7648 C5                       push bc
1215  7649 1F                       rra
1216  764A 1F                       rra
1217  764B 1F                       rra
1218  764C 1F                       rra
1219  764D 1F                       rra
1220  764E E6 0F                    and 15
1221  7650
1222  7650                          ; tisk měsíce
1223  7650 6F                       ld l,a
1224  7651 26 00                    ld h,0
1225  7653 CD 57 7D                 call NUM
1226  7656 21 00 49                 ld hl,73*256+0
1227  7659 3E C0                    ld a,192
1228  765B 11 51 7D                 ld de,NUMBUF+3
1229  765E CD 09 81                 call print
1230  7661
1231  7661                          ; tisk "/"
1232  7661 21 00 4B                 ld hl,75*256+0
1233  7664 3E C0                    ld a,192
1234  7666 11 92 76                 ld de,slash
1235  7669 CD 09 81                 call print
1236  766C
1237  766C F1                       pop af
1238  766D
1239  766D                          ; výpočet roku: tiskne se jen poslední dvojčíslí
1240  766D C6 50                    add a,80
1241  766F FE 64                    cp 100
1242  7671 38 02                    jr c,.year_ok
1243  7673 D6 64                    sub 100
1244  7675              .year_ok
1245  7675 6F                       ld l,a
1246  7676 26 00                    ld h,0
1247  7678 CD 57 7D                 call NUM
1248  767B AF                       xor a
1249  767C 32 53 7D                 ld (NUMBUF+3+2),a
1250  767F 21 00 4C                 ld hl,76*256+0
1251  7682 11 51 7D                 ld de,NUMBUF+3
1252  7685 3E C0                    ld a,192
1253  7687 CD 09 81                 call print
1254  768A
1255  768A              timeend
1256  768A C9                       ret
1257  768B
1258  768B
1259  768B                          ; když není čas dostupný, vymaže řádek a nastaví rtcpresent=0
1260  768B              notimeend
1261  768B AF                       xor a
1262  768C 32 AD 75                 ld (rtcpresent),a
1263  768F C9                       ret
1264  7690
1265  7690              ; proměnné pro čas/datum
1266  7690 3A 00        dvojt       defb ":",0
1267  7692 2F 00        slash       defb "/",0
1268  7694
1269  7694 00 00        dostime     defw 0
1270  7696
1271  7696              ; ------------------------------------------------------------
1272  7696              ; unsup
1273  7696              ; ------------------------------------------------------------
1274  7696              ; Zobrazí okno "unsupported" pro soubory s nepodporovanou příponou
1275  7696              ; a čeká na Enter nebo klik do tlačítka (CONTROL_CLICK).
1276  7696              ; ------------------------------------------------------------
1277  7696              unsup
1278  7696 CD B6 7E             call savescr                              ; externí: ulož obrazovku/VRAM stav pro pozdější obnovu
1279  7699
1280  7699                                                                ; vykresli okno (pozice+velikost) – konkrétní parametry závisí na rutině window
1281  7699 21 0A 0A             ld hl,10 * 256 + 10                       ; HL = (y<<8) + x
1282  769C 01 05 3C             ld bc,60 * 256 + 5                        ; BC = (šířka/…?) + (výška/…?) – dle implementace window
1283  769F 3E 90                ld a,144                                   ; barva/atribut okna
1284  76A1 CD 2C 81             call window                               ; externí: vykresli okno
1285  76A4
1286  76A4                                                                ; text "Unsupported" (nebo podobně) – tisk do okna
1287  76A4 21 0B 0C             ld hl,12*256+11
1288  76A7 3E 90                ld a,144
1289  76A9 11 DC A2             ld de,unsuptxt
1290  76AC CD 09 81             call print                                ; externí: tisk textu
1291  76AF
1292  76AF                                                                ; další řádek hlášky (norun)
1293  76AF 21 0D 0C             ld hl,12*256+13
1294  76B2 3E 90                ld a,144
1295  76B4 11 3D 8C             ld de,norun
1296  76B7 CD 09 81             call print
1297  76BA
1298  76BA                      ; "Continue / press enter" atp. (conttxt), zvýrazněná barva 48
1299  76BA 21 0F 36             ld hl,54*256+15
1300  76BD 3E 10                ld a,16
1301  76BF 11 2C 8C             ld de,conttxt
1302  76C2 CD 09 81             call print
1303  76C5
1304  76C5              enterwait
1305  76C5                      ; v tomhle čekání se vždy vynuluje latched stav myši
1306  76C5 AF                   xor a
1307  76C6 32 4E 73             ld (TLACITKO),a
1308  76C9
1309  76C9 CD AA 7F             call INKEY                                ; externí: načti klávesu do A
1310  76CC FE 0D                cp 13
1311  76CE CA A7 7A             jp z,enterno2                             ; Enter => zavři okno (obnov screen) a návrat do loop0
1312  76D1
1313  76D1                                                                ; klik na potvrzovací tlačítko v okně
1314  76D1                                                                ; CONTROL_CLICK: externí, podle použití CF=1/0 indikace trefení
1315  76D1 21 9E 7A             ld hl,buttonYes2
1316  76D4 CD 89 A7             call CONTROL_CLICK
1317  76D7 D2 A7 7A             jp nc,enterno2                            ; pokud klik na tlačítko => ukonči okno
1318  76DA
1319  76DA 18 E9                jr enterwait
1320  76DC
1321  76DC
1322  76DC                      ; ------------------------------------------------------------
1323  76DC                      ; enter
1324  76DC                      ; ------------------------------------------------------------
1325  76DC                      ; Akce po Enter na souboru:
1326  76DC                      ; - spočítá index vybrané položky v panelu (POSKURZL + STARTWINL)
1327  76DC                      ; - přes BUFF83/find83/FINDLFN získá jméno souboru a metadata
1328  76DC                      ; - rozliší adresář vs soubor
1329  76DC                      ; - pro soubor připraví řetězec cmd2 = filename a podle přípony volí RUN_*
1330  76DC                      ; - nepodporované přípony -> unsup
1331  76DC                      ; ------------------------------------------------------------
1332  76DC              enter
1333  76DC                      ; získej ukazatel na proměnnou POSKURZL podle aktivního okna (ROZHOD)
1334  76DC 21 A3 89             ld hl,POSKURZL
1335  76DF CD 48 7F             call ROZHOD                               ; externí: zřejmě zvolí levý/pravý panel -> vrací HL na správnou proměnnou
1336  76E2 7E                   ld a,(hl)
1337  76E3 6F                   ld l,a
1338  76E4 26 00                ld h,0                                    ; HL = pozice kurzoru v okně (0..)
1339  76E6
1340  76E6                                                                ; HL (pos) si uložíme, a spočítáme absolutní index = STARTWINL + pos
1341  76E6 E5                   push hl
1342  76E7 21 A9 89             ld hl,STARTWINL
1343  76EA CD 50 7F             call ROZHOD2                              ; externí: vrací HL na WORD proměnnou pro aktivní okno
1344  76ED 7E                   ld a,(hl)
1345  76EE 23                   inc hl
1346  76EF 66                   ld h,(hl)
1347  76F0 6F                   ld l,a                                    ; HL = STARTWIN? (word)
1348  76F1
1349  76F1 EB                   ex de,hl                                  ; DE = STARTWIN
1350  76F2 E1                   pop hl                                    ; HL = pos
1351  76F3 19                   add hl,de                                 ; HL = STARTWIN + pos  (index v listu)
1352  76F4 E5                   push hl
1353  76F5 23                   inc hl                                    ; v řadě míst je “+1”, typicky přeskočení hlavičky / 1-based index
1354  76F6 CD C2 84             call BUFF83                               ; externí: připrav 8.3 buffer pro položku index HL
1355  76F9 CD 65 7F             call find83                               ; externí: vyhledej/vyplň TMP83 dle indexu
1356  76FC E1                   pop hl
1357  76FD
1358  76FD                      ; vypln je self-modify (operand) – tady se 2× přepisuje, nakonec zůstane $20
1359  76FD                      ; (pravděpodobně nastavení výplně / paddingu u textu při práci s LFN)
1360  76FD AF                   xor a
1361  76FE 32 EC D1             ld (vypln+1),a
1362  7701 3E 20                ld a,$20
1363  7703 32 EC D1             ld (vypln+1),a
1364  7706
1365  7706 CD C1 D1             call FINDLFN                              ; externí: získej LFN jméno do LFNNAME (podle použití níže)
1366  7709
1367  7709                                                                ; test na “directory” bit v TMP83
1368  7709 DD 21 98 7F          ld ix,TMP83
1369  770D DD CB 07 7E          bit 7,(ix+7)
1370  7711 C2 28 7C             jp nz,enter_directory                     ; pokud je to adresář -> skok do obsluhy adresáře (není v úryvku)
1371  7714
1372  7714                                                                ; ------------------------------------------------------------
1373  7714                                                                ; Příprava cmd2/cmd3 bufferů (vymazání)
1374  7714                                                                ; ------------------------------------------------------------
1375  7714 E5                   push hl
1376  7715 D5                   push de
1377  7716
1378  7716                      ; vynuluj cmd2 (100B) – připravíme si buffer pro příkaz/jméno
1379  7716 21 C4 7B             ld hl,cmd2
1380  7719 11 C5 7B             ld de,cmd2+1
1381  771C 01 63 00             ld bc,99
1382  771F AF                   xor a
1383  7720 77                   ld (hl),a
1384  7721 ED B0                ldir
1385  7723
1386  7723 D1                   pop de
1387  7724 E1                   pop hl
1388  7725
1389  7725                      ; vynuluj name (50B) – lokální buffer (použití mimo úryvek)
1390  7725 21 13 87             ld hl,name
1391  7728 11 14 87             ld de,name+1
1392  772B AF                   xor a
1393  772C 77                   ld (hl),a
1394  772D 01 32 00             ld bc,50
1395  7730 ED B0                ldir
1396  7732
1397  7732
1398  7732                      ; ------------------------------------------------------------
1399  7732                      ; RUN – převeď LFNNAME do nulou ukončeného řetězce, spočítej délku,
1400  7732                      ; zkopíruj do cmd2 a pak zkus přípony.
1401  7732                      ; ------------------------------------------------------------
1402  7732              RUN
1403  7732                      ; LFNNAME+59: hledá se konec jména v pevné šířce 60 znaků
1404  7732 21 00 9D             ld hl,LFNNAME+59
1405  7735
1406  7735              run2
1407  7735                      ; přeskoč trailing mezery (0x20) od konce
1408  7735 7E                   ld a,(hl)
1409  7736 2B                   dec hl
1410  7737 FE 20                cp 32
1411  7739 28 FA                jr z,run2
1412  773B
1413  773B                      ; po nalezení posledního ne-space se posune na skutečný konec a doplní terminátor 0
1414  773B 23                   inc hl
1415  773C 23                   inc hl
1416  773D 3E 00                ld a,0
1417  773F 77                   ld (hl),a                                 ; nulový terminátor
1418  7740
1419  7740                                                                ; spočítej délku: HL - LFNNAME
1420  7740 11 C5 9C             ld de,LFNNAME
1421  7743 B7                   or a
1422  7744 ED 52                sbc hl,de                                 ; HL = délka (včetně terminátoru? dle předchozích posunů)
1423  7746 44                   ld b,h
1424  7747 4D                   ld c,l
1425  7748
1426  7748              xxx
1427  7748                      ; uložit délku do operandu delkaNazvu+1 (self-modify)
1428  7748 60                   ld h,b
1429  7749 69                   ld l,c
1430  774A 22 61 79             ld (delkaNazvu + 1),hl                    ; později se používá jako BC pro kopii jména do BASICu
1431  774D
1432  774D                                                                ; zkopíruj jméno do cmd2 (buffer pro další testy)
1433  774D 21 C5 9C             ld hl,LFNNAME
1434  7750 11 C4 7B             ld de,cmd2
1435  7753
1436  7753 E5                   push hl
1437  7754 C5                   push bc
1438  7755 ED B0                ldir                                      ; kopie BC bajtů (délka) z LFNNAME -> cmd2
1439  7757 C1                   pop bc
1440  7758 E1                   pop hl
1441  7759
1442  7759                      ; zkopíruj zbytek (?) do cmd3 (cmd3 je další buffer 100B)
1443  7759                      ; Pozn.: zde se pokračuje s HL tam kde skončil předchozí LDIR (tj. za jménem)
1444  7759 11 50 7B             ld de,cmd3
1445  775C ED B0                ldir
1446  775E
1447  775E
1448  775E                      ; ------------------------------------------------------------
1449  775E                      ; rrrun – dle přípony zvol konkrétní RUN_* rutinu
1450  775E                      ; Neznámý typ se předá viewer pluginům.
1451  775E                      ; ------------------------------------------------------------
1452  775E              rrrun
1453  775E                      ; NEX
1454  775E 21 C4 7B             ld hl,cmd2
1455  7761 11 CF 7A             ld de,ext_nex
1456  7764 CD AD 7A             call pripony
1457  7767 CA F1 77             jp z,rrrun_nex
1458  776A
1459  776A 21 C4 7B             ld hl,cmd2
1460  776D 11 D3 7A             ld de,ext_NEX
1461  7770 CD AD 7A             call pripony
1462  7773 CA F1 77             jp z,rrrun_nex
1463  7776
1464  7776                      ; TAP
1465  7776 21 C4 7B             ld hl,cmd2
1466  7779 11 D7 7A             ld de,ext_tap
1467  777C CD AD 7A             call pripony
1468  777F CA F7 77             jp z,rrrun_tap
1469  7782
1470  7782 21 C4 7B             ld hl,cmd2
1471  7785 11 DB 7A             ld de,ext_TAP
1472  7788 CD AD 7A             call pripony
1473  778B CA F7 77             jp z,rrrun_tap
1474  778E
1475  778E                      ; snapshoty
1476  778E 21 C4 7B             ld hl,cmd2
1477  7791 11 DF 7A             ld de,ext_z80
1478  7794 CD AD 7A             call pripony
1479  7797 CA FD 77             jp z,rrrun_snap
1480  779A
1481  779A 21 C4 7B             ld hl,cmd2
1482  779D 11 E3 7A             ld de,ext_Z80
1483  77A0 CD AD 7A             call pripony
1484  77A3 CA FD 77             jp z,rrrun_snap
1485  77A6
1486  77A6 21 C4 7B             ld hl,cmd2
1487  77A9 11 E7 7A             ld de,ext_snx
1488  77AC CD AD 7A             call pripony
1489  77AF CA FD 77             jp z,rrrun_snap
1490  77B2
1491  77B2 21 C4 7B             ld hl,cmd2
1492  77B5 11 EF 7A             ld de,ext_sna
1493  77B8 CD AD 7A             call pripony
1494  77BB CA FD 77             jp z,rrrun_snap
1495  77BE
1496  77BE 21 C4 7B             ld hl,cmd2
1497  77C1 11 EB 7A             ld de,ext_SNX
1498  77C4 CD AD 7A             call pripony
1499  77C7 CA FD 77             jp z,rrrun_snap
1500  77CA
1501  77CA 21 C4 7B             ld hl,cmd2
1502  77CD 11 F3 7A             ld de,ext_SNA
1503  77D0 CD AD 7A             call pripony
1504  77D3 CA FD 77             jp z,rrrun_snap
1505  77D6
1506  77D6                      ; BASIC
1507  77D6 21 C4 7B             ld hl,cmd2
1508  77D9 11 FB 7A             ld de,ext_BAS
1509  77DC CD AD 7A             call pripony
1510  77DF CA 03 78             jp z,rrrun_bas
1511  77E2
1512  77E2 21 C4 7B             ld hl,cmd2
1513  77E5 11 F7 7A             ld de,ext_bas
1514  77E8 CD AD 7A             call pripony
1515  77EB CA 03 78             jp z,rrrun_bas
1516  77EE
1517  77EE                      ; pokud soubor nejde spustit, zkus ho otevrit pres viewer plugin
1518  77EE C3 AA AE             jp view_file
1519  77F1
1520  77F1              rrrun_nex
1521  77F1 CD AE 83             call basicpage
1522  77F4 C3 E2 79             jp RUN_NEX_FILE
1523  77F7
1524  77F7              rrrun_tap
1525  77F7 CD AE 83             call basicpage
1526  77FA                      IFDEF CC_DOT
1527  77FA C3 78 78             jp RUN_SNAP                               ; dot: loader cc.bas neni, TAP spusti .run
1528  77FD                      ELSE
1529  77FD ~                    jp RUN_TAP
1530  77FD                      ENDIF
1531  77FD
1532  77FD              rrrun_snap
1533  77FD CD AE 83             call basicpage
1534  7800 C3 78 78             jp RUN_SNAP
1535  7803
1536  7803              rrrun_bas
1537  7803 CD AE 83             call basicpage
1538  7806                      IFDEF CC_DOT
1539  7806 C3 78 78             jp RUN_SNAP                               ; dot: BAS take pres .run
1540  7809                      ELSE
1541  7809 ~                    jp RUN_BAS
1542  7809                      ENDIF
1543  7809
1544  7809
1545  7809                      ; ------------------------------------------------------------
1546  7809                      ; RUN_BAS
1547  7809                      ; ------------------------------------------------------------
1548  7809                      ; Připraví BASIC environment a vloží do BASIC řádku příkaz pro LOAD/RUN
1549  7809                      ; (používá systémové proměnné v oblasti 23296 a BASIC programovou oblast okolo $5Dxx)
1550  7809                      ; ------------------------------------------------------------
1551  7809              RUN_BAS
1552  7809 CD 42 7A             call potvrd                               ; lokální: confirm dialog (Yes/No)
1553  780C CD 9E 83             call dospage                              ; externí
1554  780F CD 83 86             call zapisCfg                             ; externí: uložit konfiguraci
1555  7812 CD AE 83             call basicpage                            ; externí
1556  7815 CD BA 78             call layer0                               ; lokální: nastav vrstvy/grafiku na “BASIC mód”
1557  7818
1558  7818                                                                ; obnov sysvars zpět do 23296 (před spuštěním BASICu)
1559  7818 11 00 5B             ld de,23296
1560  781B 21 EE DD             ld hl,sysvars
1561  781E 01 F4 01             ld bc,500
1562  7821 ED B0                ldir
1563  7823
1564  7823                      ; příprava některých BASIC systémových registrů (typické pro návrat do BASICu)
1565  7823 FD 21 3A 5C          ld   iy,23610
1566  7827 21 58 27             ld   hl,10072
1567  782A D9                   exx
1568  782B ED 56                im   1
1569  782D 3E 3F                ld   a,63
1570  782F ED 47                ld   i,a
1571  7831 3E 10                ld   a,16
1572  7833 01 FD 7F             ld   bc,32765
1573  7836 ED 79                out  (c),a
1574  7838
1575  7838              bass
1576  7838                      ; najdi konec řetězce v cmd2 (hledá 0 v max 100B)
1577  7838 21 C4 7B             ld hl,cmd2
1578  783B 01 64 00             ld bc,100
1579  783E 3E 00                ld a,0
1580  7840 ED B1                cpir
1581  7842
1582  7842                      ; hl ukazuje 1 za nalezeným 0 -> vrátit se na poslední pozici a nahradit 0 uvozovkou
1583  7842 2B                   dec hl
1584  7843 3E 22                ld a,$22
1585  7845 77                   ld (hl),a
1586  7846
1587  7846                      ; spočti délku řetězce v cmd2
1588  7846 11 C4 7B             ld de,cmd2
1589  7849 B7                   or a
1590  784A ED 52                sbc hl,de                                 ; HL = délka
1591  784C 44                   ld b,h
1592  784D 4D                   ld c,l
1593  784E
1594  784E E5                   push hl
1595  784F
1596  784F                      ; před cmd2 připrav token (0xEF) a uvozovku (0x22)
1597  784F                      ; (cmd2-2 a cmd2-1 jsou dva bajty před bufferem cmd2 -> musí být alokované!)
1598  784F 3E EF                ld a,$ef
1599  7851 32 C2 7B             ld (cmd2-2),a
1600  7854 3E 22                ld a,$22
1601  7856 32 C3 7B             ld (cmd2-1),a
1602  7859
1603  7859                      ; zkopíruj připravený token+uvozovku+řetězec do BASIC oblasti $5D3D
1604  7859                      ; (BC se zvětší o 2 kvůli těm dvěma prefix bajtům)
1605  7859 03                   inc bc
1606  785A 03                   inc bc
1607  785B 21 C2 7B             ld hl,cmd2-2
1608  785E 11 3D 5D             ld de,$5d3d
1609  7861 ED B0                ldir
1610  7863
1611  7863                      ; doplň koncovou uvozovku a CR (0x0D) do BASIC řádku
1612  7863 EB                   ex de,hl
1613  7864 3E 22                ld a,$22
1614  7866 77                   ld (hl),a
1615  7867 23                   inc hl
1616  7868 3E 0D                ld a,$d
1617  786A 77                   ld (hl),a
1618  786B
1619  786B E1                   pop hl
1620  786C 22 3B 5D             ld (delkaRadku),hl                        ; uloží délku řádku pro BASIC (adresa je equ níže)
1621  786F CD 34 7A             call spravneStranky
1622  7872
1623  7872
1624  7872                                                                ; “vyremování” tokenu SPECTRUM v BASIC hlavičce
1625  7872                                                                ; (0xEA = REM token)
1626  7872 3E EA                ld a,$ea
1627  7874 32 37 5D             ld ($5d37),a
1628  7877 C9                   ret
1629  7878
1630  7878              delkaRadku  equ $5d3b
1631  7878
1632  7878
1633  7878              ; ------------------------------------------------------------
1634  7878              ; RUN_SNAP
1635  7878              ; ------------------------------------------------------------
1636  7878              ; Připrav prostředí a spustí ESXDOS "dot command" přes rst $08, service $8F
1637  7878              ; (přesnou funkci $8F nepopisuju – je to externí ESXDOS služba)
1638  7878              ; ------------------------------------------------------------
1639  7878              RUN_SNAP
1640  7878 CD 42 7A             call potvrd
1641  787B CD 9E 83             call dospage
1642  787E CD 83 86             call zapisCfg
1643  7881 CD AE 83             call basicpage
1644  7884 CD BA 78             call layer0
1645  7887
1646  7887                      ; obnov sysvars
1647  7887 11 00 5B             ld de,23296
1648  788A 21 EE DD             ld hl,sysvars
1649  788D 01 F4 01             ld bc,500
1650  7890 ED B0                ldir
1651  7892
1652  7892                      ; inicializace systému před návratem do loaderu/ROMu
1653  7892 FD 21 3A 5C          ld   iy,23610
1654  7896 21 58 27             ld   hl,10072
1655  7899 D9                   exx
1656  789A ED 56                im   1
1657  789C 3E 3F                ld   a,63
1658  789E ED 47                ld   i,a
1659  78A0 3E 10                ld   a,16
1660  78A2 01 FD 7F             ld   bc,32765
1661  78A5 ED 79                out  (c),a
1662  78A7
1663  78A7                      ; připrav příkaz “run     ” do cmd (kopíruje tapein -> cmd)
1664  78A7 21 B4 7B             ld hl,tapein
1665  78AA 11 BC 7B             ld de,cmd
1666  78AD 01 08 00             ld bc,cmd-tapein
1667  78B0 ED B0                ldir
1668  78B2
1669  78B2                      ; vypni turbo
1670  78B2 ED 91 07 00          nextreg TURBO_CONTROL_NR_07,0
1671  78B6                      IFDEF CC_DOT
1672  78B6 CD CD BF             call dot_exec_cmd
1673  78B9                      ELSE
1674  78B9 ~                    call spravneStranky
1675  78B9 ~
1676  78B9 ~                    ; zavolej ESXDOS službu $8F s parametry v IX=cmd
1677  78B9 ~                    ld ix,cmd
1678  78B9 ~                    rst $08
1679  78B9 ~                    defb $8f
1680  78B9                      ENDIF
1681  78B9 C9                   ret
1682  78BA
1683  78BA
1684  78BA                      ; ------------------------------------------------------------
1685  78BA                      ; layer0
1686  78BA                      ; ------------------------------------------------------------
1687  78BA                      ; Nastaví grafický režim: tilemap vyp, vyčistí ULA screen, nastaví priority spritů.
1688  78BA                      ; (Používá NextRegy, logika je zde jasná z instrukcí.)
1689  78BA                      ; ------------------------------------------------------------
1690  78BA              layer0
1691  78BA ED 91 43 00          nextreg PALETTE_CONTROL_NR_43,%0'000'0000
1692  78BE ED 91 6E 2C          nextreg TILEMAP_BASE_ADR_NR_6E,44
1693  78C2 ED 91 6F 0C          nextreg TILEMAP_GFX_ADR_NR_6F,12
1694  78C6 ED 91 6B 00          nextreg $6B, 0                            ; TILEMAP_CONTROL? (dle konstant bývá tile ctrl)
1695  78CA ED 91 68 00          nextreg $68, 0                            ; ULA_CONTROL? (dle konstant bývá ula ctrl)
1696  78CE
1697  78CE                                                                ; vyčisti ULA bitmapu+atributy (16384..)
1698  78CE 21 00 40             ld hl,16384
1699  78D1 11 01 40             ld de,16385
1700  78D4 01 FF 17             ld bc,6143
1701  78D7 AF                   xor a
1702  78D8 77                   ld (hl),a
1703  78D9 ED B0                ldir
1704  78DB
1705  78DB                      ; sprite priority / enable (komentář: layer priority: USL)
1706  78DB ED 91 15 62          nextreg SPRITE_CONTROL_NR_15,%01100010
1707  78DF C9                   ret
1708  78E0
1709  78E0
1710  78E0                      ; ------------------------------------------------------------
1711  78E0                      ; Datové konstanty používané pro RUN_TAP / BASIC injekci
1712  78E0                      ; ------------------------------------------------------------
1713  78E0 63 3A 2F 6E  cestaSys        defb "c:/nextzxos/",$ff
1713  78E4 65 78 74 7A
1713  78E8 78 6F 73 2F
1713  78EC FF
1714  78ED
1715  78ED 22 3A EF 22  loadTap         defb $22, ":", $ef,$22,$22,$d
1715  78F1 22 0D
1716  78F3              loadTapLen      equ $-loadTap
1717  78F3
1718  78F3              loadTapNext
1719  78F3 22 3A EF 22          defb $22, ":", $ef,$22,"t:",$22,":",$ef,$22,$22,$d
1719  78F7 74 3A 22 3A
1719  78FB EF 22 22 0D
1720  78FF              loadTapNextLen  equ $-loadTapNext
1721  78FF
1722  78FF              ; BASIC tokenizovaný text (bez rozboru tokenů – jsou to pevná data)
1723  78FF FD 36 35 33  taptxt  defb $fd,$36,$35,$33,$36,$37,$0E,$0,$0,$57,$ff,$00,$3a,$ef,$22,$74,$61,$70,$6c,$6f,$61,$64,$2E,$62,$61,$73,$22,$3A,$66,$24,$3D
1723  7903 36 37 0E 00
1723  7907 00 57 FF 00
1723  790B 3A EF 22 74
1723  790F 61 70 6C 6F
1723  7913 61 64 2E 62
1723  7917 61 73 22 3A
1723  791B 66 24 3D
1724  791E 22                   defb $22
1725  791F 22 3A 61 64  taptxt2 defb $22,$3A,$61,$64,$6A,$3D,$30,$0E,$00,$00,$00,$00,$00,$3A,$ec,$31,$0e,$00,$00,$01,$00,$00,$0d
1725  7923 6A 3D 30 0E
1725  7927 00 00 00 00
1725  792B 00 3A EC 31
1725  792F 0E 00 00 01
1725  7933 00 00 0D
1726  7936              taptxt3
1727  7936
1728  7936              uvozovkyVBasicu  equ $5d72                        ; adresa v BASIC oblasti pro uvozovky/řetězec
1729  7936
1730  7936
1731  7936                                                                ; ------------------------------------------------------------
1732  7936                                                                ; RUN_TAP
1733  7936                                                                ; ------------------------------------------------------------
1734  7936                                                                ; Připraví BASIC řádek pro LOAD a nastaví některé systémové hodnoty,
1735  7936                                                                ; řeší odlišné chování v režimu “Next” (cursorComp==3).
1736  7936                                                                ; ------------------------------------------------------------
1737  7936              RUN_TAP
1738  7936 CD 42 7A             call potvrd                               ; confirm dialog
1739  7939 CD 15 C0             call vyberPocitace                        ; externí: volba “počítače/konfigurace” (neodhadovat)
1740  793C CD BA 78             call layer0
1741  793F
1742  793F              st
1743  793F CD 9E 83             call dospage
1744  7942 CD 83 86             call zapisCfg
1745  7945 CD AE 83             call basicpage
1746  7948
1747  7948                      ; obnov sysvars
1748  7948 11 00 5B             ld de,23296
1749  794B 21 EE DD             ld hl,sysvars
1750  794E 01 F4 01             ld bc,500
1751  7951 ED B0                ldir
1752  7953
1753  7953                      ; reset DATADD ($5C57) na PROG-1 ($5C53): ROM LOAD neresetuje DATADD,
1754  7953                      ; takže stará hodnota ze sysvars snapshotu by způsobila OUT OF DATA při READ
1755  7953 2A 53 5C             ld hl,($5c53)
1756  7956 2B                   dec hl
1757  7957 22 57 5C             ld ($5c57),hl
1758  795A
1759  795A                      ; zkopíruj filename (cmd2) do BASIC oblasti uvozovek
1760  795A 21 C4 7B             ld hl,cmd2
1761  795D 11 72 5D             ld de,uvozovkyVBasicu
1762  7960              delkaNazvu
1763  7960 01 00 00             ld bc,0                                   ; self-modify: délka jména z RUN části
1764  7963 ED B0                ldir
1765  7965
1766  7965                      ; doplň loadTap makro za filename
1767  7965 21 ED 78             ld hl,loadTap
1768  7968 01 06 00             ld bc,loadTapLen
1769  796B ED B0                ldir
1770  796D
1771  796D                      ; spočítej délku BASIC řádku a ulož do $5D21
1772  796D 11 06 00             ld de,loadTapLen
1773  7970 2A 61 79             ld hl,(delkaNazvu+1)
1774  7973 19                   add hl,de
1775  7974 11 09 00             ld de,9
1776  7977 19                   add hl,de
1777  7978 22 3B 5D             ld ($5d3b),hl
1778  797B
1779  797B 31 00 00     savesp   ld sp,0                                  ; self-modify: obnov původní SP uložený na STARTu
1780  797E
1781  797E                                                                ; vyber hodnotu z tabComp podle cursorComp a ulož do $5D65 (BASIC sysvar)
1782  797E 3A AD 89             ld a,(cursorComp)
1783  7981 5F                   ld e,a
1784  7982 16 00                ld d,0
1785  7984 21 DA C0             ld hl,tabComp
1786  7987 19                   add hl,de
1787  7988 7E                   ld a,(hl)
1788  7989 32 65 5D             ld ($5d65),a
1789  798C
1790  798C                      ; další inicializace systému před návratem do BASIC
1791  798C FD 21 3A 5C          ld   iy,23610
1792  7990 21 58 27             ld   hl,10072
1793  7993 D9                   exx
1794  7994 F3                   di
1795  7995 3E 3F                ld   a,63
1796  7997 ED 47                ld   i,a
1797  7999 3E 10                ld   a,16
1798  799B 01 FD 7F             ld   bc,32765
1799  799E ED 79                out  (c),a
1800  79A0 FB                   ei
1801  79A1 ED 56                im   1
1802  79A3
1803  79A3                      ; pokud není zvolen “Next config” (cursorComp != 3), končíme
1804  79A3 3A AD 89             ld a,(cursorComp)
1805  79A6 FE 03                cp 3
1806  79A8 C0                   ret nz
1807  79A9
1808  79A9                      ; pro Next config: vyremuj token SPECTRUM
1809  79A9 3E EA                ld a,$ea
1810  79AB 32 37 5D             ld ($5d37),a
1811  79AE
1812  79AE                      ; znovu překopíruj filename a použij loadTapNext variantu (s "t:")
1813  79AE 21 C4 7B             ld hl,cmd2
1814  79B1 11 72 5D             ld de,uvozovkyVBasicu
1815  79B4 ED 4B 61 79          ld bc,(delkaNazvu+1)
1816  79B8 ED B0                ldir
1817  79BA
1818  79BA 21 F3 78             ld hl,loadTapNext
1819  79BD 01 0C 00             ld bc,loadTapNextLen
1820  79C0 ED B0                ldir
1821  79C2
1822  79C2                      ; přepočet délky řádku (delkaRadku)
1823  79C2 11 0C 00             ld de,loadTapNextLen
1824  79C5 2A 61 79             ld hl,(delkaNazvu+1)
1825  79C8 19                   add hl,de
1826  79C9 11 09 00             ld de,9
1827  79CC 19                   add hl,de
1828  79CD 22 3B 5D             ld (delkaRadku),hl
1829  79D0
1830  79D0                      ; znovu nastav $5D65 podle tabComp
1831  79D0 3A AD 89             ld a,(cursorComp)
1832  79D3 5F                   ld e,a
1833  79D4 16 00                ld d,0
1834  79D6 21 DA C0             ld hl,tabComp
1835  79D9 19                   add hl,de
1836  79DA 7E                   ld a,(hl)
1837  79DB 32 65 5D             ld ($5d65),a
1838  79DE CD 34 7A             call spravneStranky
1839  79E1
1840  79E1 C9                   ret
1841  79E2
1842  79E2
1843  79E2                      ; ------------------------------------------------------------
1844  79E2                      ; RUN_NEX_FILE
1845  79E2                      ; ------------------------------------------------------------
1846  79E2                      ; Confirm + ulož cfg + obnov sysvars + zavolej ESXDOS $8F s IX=cmd
1847  79E2                      ; ------------------------------------------------------------
1848  79E2              RUN_NEX_FILE
1849  79E2
1850  79E2 CD 42 7A             call potvrd
1851  79E5 CD BA 78             call layer0
1852  79E8 CD 9E 83             call dospage
1853  79EB CD 83 86             call zapisCfg
1854  79EE CD AE 83             call basicpage
1855  79F1
1856  79F1                      ; obnov sysvars
1857  79F1 11 00 5B             ld de,23296
1858  79F4 21 EE DD             ld hl,sysvars
1859  79F7 01 F4 01             ld bc,500
1860  79FA ED B0                ldir
1861  79FC CD BA 78             call layer0                               ; znovu (pravděpodobně jistota stavu vrstvy)
1862  79FF
1863  79FF                                                                ; ESXDOS dot-command / loader přes $8F (externí)
1864  79FF
1865  79FF                      IFDEF CC_DOT
1866  79FF CD CD BF             call dot_exec_cmd
1867  7A02                      ELSE
1868  7A02 ~                    call spravneStranky
1869  7A02 ~                    ld ix,cmd
1870  7A02 ~                    rst $08
1871  7A02 ~                    defb $8f
1872  7A02                      ENDIF
1873  7A02
1874  7A02 C3 83 72             jp loop0
1875  7A05
1876  7A05              dfdf
1877  7A05              ClearAllSprites:
1878  7A05 ED 91 34 00          nextreg $34, 0          ; Začni od slotu 0
1879  7A09 06 80            ld b, 128               ; 128 spritů
1880  7A0B              .loop:
1881  7A0B ED 91 35 00      nextreg $35, 0          ; X low = 0
1882  7A0F ED 91 36 00      nextreg $36, 0          ; Y = 0
1883  7A13 ED 91 37 00      nextreg $37, 0          ; Attr 2: Bit 7 = 0 (VYPNUTO), X high = 0
1884  7A17 ED 91 38 00      nextreg $38, 0          ; Attr 3: Všechny flagy pryč
1885  7A1B                  ; Registr $34 se po zápisu do $38 automaticky inkrementuje na další slot!
1886  7A1B 10 EE            djnz .loop
1887  7A1D CD 21 7A         call ClearSpritePatterns
1888  7A20 C9               ret
1889  7A21              ClearSpritePatterns:
1890  7A21 ED 91 3B 00      nextreg $3b, 0          ; Vyber vzor (Pattern) 0
1891  7A25 01 5B 00         ld bc, $005b            ; Port $5B (Sprite Pattern System)
1892  7A28 21 00 80         ld hl, 128 * 256        ; 128 vzorů * 256 bytů
1893  7A2B              .clearLoop:
1894  7A2B AF               xor a
1895  7A2C ED 79            out (c), a              ; Pošli nulu
1896  7A2E 2B               dec hl
1897  7A2F 7C               ld a, h
1898  7A30 B5               or l
1899  7A31 20 F8            jr nz, .clearLoop
1900  7A33 C9               ret
1901  7A34              spravneStranky
1902  7A34 3E 0E                ld a,$0e
1903  7A36 ED 92 56             nextreg $56,a
1904  7A39 3E 0F                ld a,$0f
1905  7A3B ED 92 57             nextreg $57,a
1906  7A3E
1907  7A3E CD 05 7A             call ClearAllSprites
1908  7A41 C9                   ret
1909  7A42                      ; ------------------------------------------------------------
1910  7A42                      ; potvrd
1911  7A42                      ; ------------------------------------------------------------
1912  7A42                      ; Potvrzovací dialog (Yes/No):
1913  7A42                      ; - kreslí okno, text, tlačítka
1914  7A42                      ; - čeká na Enter nebo klik myší
1915  7A42                      ; - pokud No/ESC-like (klávesa==1) -> enterno -> obnov obrazovku a návrat loop0
1916  7A42                      ; ------------------------------------------------------------
1917  7A42              potvrd
1918  7A42 CD B6 7E             call savescr                              ; externí: ulož obrazovku
1919  7A45
1920  7A45 21 0A 0A             ld hl,10 * 256 + 10
1921  7A48 01 05 3C             ld bc,60 * 256 + 5
1922  7A4B 3E 10                ld a,16
1923  7A4D CD 2C 81             call window                               ; externí
1924  7A50
1925  7A50 21 0B 0B             ld hl,11*256+11
1926  7A53 3E 10                ld a,16
1927  7A55 11 C5 A2             ld de,runtxt
1928  7A58 CD 09 81             call print
1929  7A5B
1930  7A5B                      ; tlačítko YES (barva 48)
1931  7A5B 21 0F 3C             ld hl,60*256+15
1932  7A5E 3E 30                ld a,48
1933  7A60 11 20 8C             ld de,yestxt
1934  7A63 CD 09 81             call print
1935  7A66
1936  7A66                      ; tlačítko NO (barva 16)
1937  7A66 21 0E 3C             ld hl,60*256+14
1938  7A69 3E 10                ld a,16
1939  7A6B 11 D4 8C             ld de,notxt
1940  7A6E CD 09 81             call print
1941  7A71
1942  7A71              enterwait2
1943  7A71 AF                   xor a
1944  7A72 32 4E 73             ld (TLACITKO),a                           ; vynuluj latched tlačítka (čekací smyčka)
1945  7A75 CD AA 7F             call INKEY                                ; externí: klávesa do A
1946  7A78
1947  7A78 FE 01                cp 1
1948  7A7A CA A6 7A             jp z,enterno                              ; klávesa 1 => zruš akci (obnov obrazovku, návrat loop0)
1949  7A7D
1950  7A7D FE 0D                cp 13
1951  7A7F 28 18                jr z,enterw2                              ; Enter => potvrď (RET z potvrd)
1952  7A81
1953  7A81                                                                ; čekej dokud není levé tlačítko (bit1) “aktivní”
1954  7A81 3A 4E 73             ld a,(TLACITKO)
1955  7A84 CB 4F                bit 1,a
1956  7A86 28 E9                jr z,enterwait2
1957  7A88
1958  7A88                      ; ověř, že klik padl do oblasti YES, jinak test NO
1959  7A88 21 9A 7A             ld hl,buttonYes
1960  7A8B CD 89 A7             call CONTROL_CLICK
1961  7A8E D0                   ret nc                                    ; klik na YES => potvrdit (CF=1?) => návrat z potvrd
1962  7A8F
1963  7A8F 21 A2 7A             ld hl,buttonNo
1964  7A92 CD 89 A7             call CONTROL_CLICK
1965  7A95 30 0F                jr nc,enterno                             ; klik na NO => zrušit
1966  7A97
1967  7A97 18 D8                jr enterwait2
1968  7A99
1969  7A99              enterw2
1970  7A99 C9                   ret
1971  7A9A
1972  7A9A                      ; definice obdélníků tlačítek (souřadnice pro CONTROL_CLICK)
1973  7A9A 78 78        buttonYes  defb 120,120
1974  7A9C 8C 80                   defb 140,128
1975  7A9E
1976  7A9E 6C 78        buttonYes2 defb 108,120
1977  7AA0 8A 80                   defb 138,128
1978  7AA2
1979  7AA2 78 70        buttonNo   defb 120,112
1980  7AA4 8C 78                   defb 140,120
1981  7AA6
1982  7AA6
1983  7AA6                         ; ------------------------------------------------------------
1984  7AA6                         ; enterno/enterno2
1985  7AA6                         ; ------------------------------------------------------------
1986  7AA6                         ; Zrušení akce: obnoví uloženou obrazovku a skočí do loop0.
1987  7AA6                         ; Pozn.: enterno má "pop hl" – musí odpovídat konkrétnímu call-stacku volajícího.
1988  7AA6                         ; ------------------------------------------------------------
1989  7AA6              enterno
1990  7AA6 E1                   pop hl                                    ; uvolnění návratové adresy/parametru (jen tam kde to sedí!)
1991  7AA7              enterno2
1992  7AA7 CD CA 7E             call loadscr                              ; externí: obnov obrazovku
1993  7AAA C3 83 72             jp loop0
1994  7AAD
1995  7AAD
1996  7AAD                      ; ------------------------------------------------------------
1997  7AAD                      ; pripony
1998  7AAD                      ; ------------------------------------------------------------
1999  7AAD                      ; Porovnání přípony souboru.
2000  7AAD                      ; Vstup:
2001  7AAD                      ; HL = adresa nulou ukončeného názvu (cmd2)
2002  7AAD                      ; DE = adresa řetězce přípony (např ".nex") – v datech je 4 znaky včetně tečky
2003  7AAD                      ; Výstup:
2004  7AAD                      ; Z = shoda (poslední 3 znaky názvu odpovídají posledním 3 znakům přípony)
2005  7AAD
2006  7AAD                      ; Poznámka:
2007  7AAD                      ; Rutina hledá konec názvu (0) přes CPIR, pak jde o 2 bajty zpět a porovnává 3 znaky pozpátku.
2008  7AAD                      ; Tečka se netestuje – testují se jen 3 písmena.
2009  7AAD                      ; ------------------------------------------------------------
2010  7AAD                      ; HL ... adresa nazvu
2011  7AAD                      ; DE ... pripona
2012  7AAD              pripony
2013  7AAD D5                   push de
2014  7AAE
2015  7AAE 01 32 00             ld bc,50
2016  7AB1              hledej
2017  7AB1 3E 00                ld a,0
2018  7AB3 ED B1                cpir                                      ; najdi terminátor 0 (max 50B)
2019  7AB5
2020  7AB5 D1                   pop de
2021  7AB6 2B                   dec hl
2022  7AB7 2B                   dec hl                                    ; vrať se na poslední znak názvu (před 0)
2023  7AB8
2024  7AB8 01 03 00             ld bc,3
2025  7ABB EB                   ex de,hl                                  ; HL = přípona, DE = konec názvu
2026  7ABC
2027  7ABC 09                   add hl,bc                                 ; HL -> třetí znak přípony od konce (např 'x' v ".nex")
2028  7ABD 1A                   ld a,(de)
2029  7ABE BE                   cp (hl)
2030  7ABF C0                   ret nz
2031  7AC0
2032  7AC0 2B                   dec hl
2033  7AC1 1B                   dec de
2034  7AC2 1A                   ld a,(de)
2035  7AC3 BE                   cp (hl)
2036  7AC4 C0                   ret nz
2037  7AC5
2038  7AC5 2B                   dec hl
2039  7AC6 1B                   dec de
2040  7AC7 1A                   ld a,(de)
2041  7AC8 BE                   cp (hl)
2042  7AC9 C0                   ret nz
2043  7ACA
2044  7ACA 2B                   dec hl
2045  7ACB 1B                   dec de
2046  7ACC 1A                   ld a,(de)
2047  7ACD BE                   cp (hl)
2048  7ACE C9                   ret
2049  7ACF
2050  7ACF
2051  7ACF                      ; ------------------------------------------------------------
2052  7ACF                      ; Přípony
2053  7ACF                      ; ------------------------------------------------------------
2054  7ACF 2E 6E 65 78  ext_nex defb ".nex"
2055  7AD3 2E 4E 45 58  ext_NEX defb ".NEX"
2056  7AD7
2057  7AD7 2E 74 61 70  ext_tap defb ".tap"
2058  7ADB 2E 54 41 50  ext_TAP defb ".TAP"
2059  7ADF
2060  7ADF 2E 7A 38 30  ext_z80 defb ".z80"
2061  7AE3 2E 5A 38 30  ext_Z80 defb ".Z80"
2062  7AE7
2063  7AE7 2E 73 6E 78  ext_snx defb ".snx"
2064  7AEB 2E 53 4E 58  ext_SNX defb ".SNX"
2065  7AEF
2066  7AEF 2E 73 6E 61  ext_sna defb ".sna"
2067  7AF3 2E 53 4E 41  ext_SNA defb ".SNA"
2068  7AF7
2069  7AF7 2E 62 61 73  ext_bas defb ".bas"
2070  7AFB 2E 42 41 53  ext_BAS defb ".BAS"
2071  7AFF
2072  7AFF 2E 74 78 74  ext_txt defb ".txt"
2073  7B03 2E 54 58 54  ext_TXT defb ".TXT"
2074  7B07
2075  7B07 2E 61 73 6D  ext_asm defb ".asm"
2076  7B0B 2E 41 53 4D  ext_ASM defb ".ASM"
2077  7B0F
2078  7B0F 2E 63 66 67  ext_cfg defb ".cfg"
2079  7B13 2E 43 46 47  ext_CFG defb ".CFG"
2080  7B17
2081  7B17 2E 69 6E 69  ext_ini defb ".ini"
2082  7B1B 2E 49 4E 49  ext_INI defb ".INI"
2083  7B1F 2E 70 74 32  ext_pt2 defb ".pt2"
2084  7B23 2E 50 54 32  ext_PT2 defb ".PT2"
2085  7B27 2E 70 74 33  ext_pt3 defb ".pt3"
2086  7B2B 2E 50 54 33  ext_PT3 defb ".PT3"
2087  7B2F 2E 73 74 63  ext_stc defb ".stc"
2088  7B33 2E 53 54 43  ext_STC defb ".STC"
2089  7B37 2E 73 74 70  ext_stp defb ".stp"
2090  7B3B 2E 53 54 50  ext_STP defb ".STP"
2091  7B3F 2E 73 71 74  ext_sqt defb ".sqt"
2092  7B43 2E 53 51 54  ext_SQT defb ".SQT"
2093  7B47 2E 6E 78 69  ext_nxi defb ".nxi"
2094  7B4B 2E 4E 58 49  ext_NXI defb ".NXI"
2095  7B4F
2096  7B4F
2097  7B4F              ; ------------------------------------------------------------
2098  7B4F              ; Buffery/příkazy pro ESXDOS/BASIC
2099  7B4F              ; ------------------------------------------------------------
2100  7B4F EF           cmdload defb $ef                                  ; BASIC token LOAD (další bajty připravuje kód výše)
2101  7B50
2102  7B50 00 00 00...  cmd3    defs 100                                  ; pomocný buffer
2103  7BB4
2104  7BB4 72 75 6E 20  tapein  defb "run     "                           ; text pro příkaz (7 znaků + mezery)
2104  7BB8 20 20 20 20
2105  7BBC 6E 65 78 6C  cmd     defb "nexload "                           ; text pro příkaz (8 znaků včetně mezery)
2105  7BC0 6F 61 64 20
2106  7BC4 00 00 00...  cmd2    defs 100                                  ; hlavní buffer pro filename / command
2107  7C28
2108  7C28              enter_directory
2109  7C28 CD 9E 83             call dospage
2110  7C2B
2111  7C2B 21 8D 87             ld hl,actdisc
2112  7C2E CD 48 7F             call ROZHOD
2113  7C31 7E                   ld a,(hl)
2114  7C32 CD 2D 01             call $012d                                ; změna disku
2115  7C35
2116  7C35 CD AE 83             call basicpage
2117  7C38 06 0B                ld b,11
2118  7C3A 21 98 7F             ld hl,TMP83
2119  7C3D              CCC                                               ; vynuluj všechny stavové bity v názvu (7.)
2120  7C3D CB BE                res 7,(hl)
2121  7C3F 23                   inc hl
2122  7C40 10 FB                djnz CCC
2123  7C42 3A 98 7F             ld a,(TMP83)
2124  7C45 FE 2E                cp "."
2125  7C47 20 08                jr nz,not_parent_dir
2126  7C49 3A 99 7F             ld a,(TMP83+1)
2127  7C4C FE 2E                cp "."
2128  7C4E CC 92 BE             call z,parent_prepare_name
2129  7C51              not_parent_dir
2130  7C51 21 A2 7F             ld hl,TMP83+10                            ; najdi poslední znak názvu souboru/adresare
2131  7C54 7E           chng2	ld a,(hl)
2132  7C55 FE 20                cp 32
2133  7C57 20 03                jr nz,zap
2134  7C59 2B                   dec hl
2135  7C5A 18 F8                jr chng2
2136  7C5C 3E FF        zap		ld a,255
2137  7C5E 23                   inc hl
2138  7C5F 77                   ld (hl),a
2139  7C60 CD 9E 83             call dospage
2140  7C63 AF                   xor a                                     ; change path
2141  7C64 21 98 7F             ld hl,TMP83
2142  7C67              AAAA
2143  7C67 CD B1 01             call $01b1                                ; změň adresář
2144  7C6A
2145  7C6A CD AE 83             call basicpage
2146  7C6D 21 4F 87             ld hl,ALLFILES
2147  7C70 CD 50 7F             call ROZHOD2
2148  7C73 AF                   xor a
2149  7C74 77                   ld (hl),a
2150  7C75 23                   inc hl
2151  7C76 77                   ld (hl),a
2152  7C77 21 A3 89             ld hl,POSKURZL
2153  7C7A CD 48 7F             call ROZHOD
2154  7C7D AF                   xor a
2155  7C7E 77                   ld (hl),a
2156  7C7F
2157  7C7F CD B3 82             call reload_dir
2158  7C82
2159  7C82 21 6E 7E             ld hl,pozicel
2160  7C85 CD 50 7F             call ROZHOD2
2161  7C88 7E                   ld a,(hl)
2162  7C89 23                   inc hl
2163  7C8A 66                   ld h,(hl)
2164  7C8B 6F                   ld l,a
2165  7C8C
2166  7C8C 01 1B 26             ld bc,38 * 256 + 27
2167  7C8F 3E 00                ld a,0
2168  7C91 CD D0 81             call draw.window
2169  7C94
2170  7C94 21 8F 87             ld hl,pathl
2171  7C97 CD 50 7F             call ROZHOD2
2172  7C9A 7E                   ld a,(hl)
2173  7C9B 23                   inc hl
2174  7C9C 66                   ld h,(hl)
2175  7C9D 6F                   ld l,a
2176  7C9E 11 03 00             ld de,3
2177  7CA1 19                   add hl,de
2178  7CA2 7E                   ld a,(hl)
2179  7CA3 FE FF                cp 255
2180  7CA5 28 07                jr z,root
2181  7CA7 3E 01                ld a,1
2182  7CA9 32 D2 7C             ld (star+1),a
2183  7CAC 18 04                jr rcont
2184  7CAE AF           root	xor a
2185  7CAF 32 D2 7C             ld (star+1),a
2186  7CB2 21 72 7E     rcont	ld hl,adrl
2187  7CB5 CD 50 7F             call ROZHOD2
2188  7CB8 7E                   ld a,(hl)
2189  7CB9 23                   inc hl
2190  7CBA 66                   ld h,(hl)
2191  7CBB 6F                   ld l,a
2192  7CBC
2193  7CBC 22 A3 C8             ld (adrs+1),hl
2194  7CBF
2195  7CBF 21 A3 89             ld hl,POSKURZL
2196  7CC2 CD 48 7F             call ROZHOD
2197  7CC5 AF                   xor a
2198  7CC6 77                   ld (hl),a
2199  7CC7
2200  7CC7 21 A5 89             ld hl,ALLPOSL
2201  7CCA CD 50 7F             call ROZHOD2
2202  7CCD AF                   xor a
2203  7CCE 77                   ld (hl),a
2204  7CCF 23                   inc hl
2205  7CD0 77                   ld (hl),a
2206  7CD1 21 01 00     star	ld hl,1
2207  7CD4 CD 23 7D             call getroot
2208  7CD7
2209  7CD7 21 8F 87             ld hl,pathl
2210  7CDA CD 50 7F             call ROZHOD2
2211  7CDD 7E                   ld a,(hl)
2212  7CDE 23                   inc hl
2213  7CDF 66                   ld h,(hl)
2214  7CE0 6F                   ld l,a
2215  7CE1 11 03 00             ld de,3
2216  7CE4 19                   add hl,de
2217  7CE5 7E                   ld a,(hl)
2218  7CE6 FE FF                cp 255
2219  7CE8 28 05                jr z,snula
2220  7CEA 21 01 00             ld hl,1
2221  7CED 18 03                jr scont
2222  7CEF 21 00 00     snula	ld hl,0
2223  7CF2              scont
2224  7CF2
2225  7CF2 21 A5 89             ld hl,ALLPOSL
2226  7CF5 CD 50 7F             call ROZHOD2
2227  7CF8 36 00                ld (hl),0
2228  7CFA 21 A9 89             ld hl,STARTWINL
2229  7CFD CD 50 7F             call ROZHOD2
2230  7D00 E5                   push hl
2231  7D01 CD 25 7E             call getroot_reload
2232  7D04 D1                   pop de
2233  7D05 EB                   ex de,hl
2234  7D06
2235  7D06 73                   ld (hl),e
2236  7D07 23                   inc hl
2237  7D08 72                   ld (hl),d
2238  7D09 CD B7 BE             call parent_jump_select
2239  7D0C CD 4B C7             call showwin
2240  7D0F 3E 20                ld a,32
2241  7D11 CD 18 7F             call writecur
2242  7D14 CD 67 8F             call GETDIR
2243  7D17 CD 9E 83             call dospage
2244  7D1A CD 83 86             call zapisCfg
2245  7D1D CD AE 83             call basicpage
2246  7D20 C3 83 72             jp loop0
2247  7D23
2248  7D23
2249  7D23              getroot
2250  7D23 21 8F 87             ld hl,pathl
2251  7D26 CD 50 7F             call ROZHOD2
2252  7D29 7E                   ld a,(hl)
2253  7D2A 23                   inc hl
2254  7D2B 66                   ld h,(hl)
2255  7D2C 6F                   ld l,a
2256  7D2D 11 03 00             ld de,3
2257  7D30 19                   add hl,de
2258  7D31 7E                   ld a,(hl)
2259  7D32 FE FF                cp 255
2260  7D34 28 0C                jr z,mroot
2261  7D36
2262  7D36 21 A9 89             ld hl,STARTWINL
2263  7D39 CD 50 7F             call ROZHOD2
2264  7D3C 7E                   ld a,(hl)
2265  7D3D 23                   inc hl
2266  7D3E 66                   ld h,(hl)
2267  7D3F 6F                   ld l,a
2268  7D40 18 0B                jr mmm0
2269  7D42              mroot
2270  7D42 21 A9 89             ld hl,STARTWINL
2271  7D45 CD 50 7F             call ROZHOD2
2272  7D48 7E                   ld a,(hl)
2273  7D49 23                   inc hl
2274  7D4A 66                   ld h,(hl)
2275  7D4B 6F                   ld l,a
2276  7D4C 2B                   dec hl
2277  7D4D              mmm0
2278  7D4D C9                   ret
2279  7D4E
2280  7D4E 20 20 20 20  NUMBUF	defb "        ",0
2280  7D52 20 20 20 20
2280  7D56 00
2281  7D57              NUM
2282  7D57 E5                   push hl
2283  7D58 21 4E 7D             ld hl,NUMBUF
2284  7D5B 11 4F 7D             ld de,NUMBUF+1
2285  7D5E 01 05 00             ld bc,5
2286  7D61 3E 20                ld a,32
2287  7D63 77                   ld (hl),a
2288  7D64 ED B0                ldir
2289  7D66 21 4E 7D             ld hl,NUMBUF
2290  7D69 22 99 7D             ld (numadr+1),hl
2291  7D6C E1                   pop hl
2292  7D6D 11 10 27     DECIMAL5 ld de,10000                              ; řád desetitisíců
2293  7D70 CD 88 7D              call DIGIT                               ; počet desetitisíců
2294  7D73 11 E8 03     DECIMAL4 ld de,1000                               ; řád tisíců
2295  7D76 CD 88 7D              call DIGIT                               ; a jeho počet
2296  7D79 11 64 00     DECIMAL3 ld de,100                                ; řád stovek
2297  7D7C CD 88 7D              call DIGIT                               ; počet
2298  7D7F 11 0A 00     DECIMAL2 ld de,10                                 ; desítky
2299  7D82 CD 88 7D              call DIGIT                               ; počet
2300  7D85 11 01 00     DECIMAL1 ld de,1                                  ; jednotky
2301  7D88 3E 2F        DIGIT 	 ld a,"0"-1                                ; do A kód znaku 0 bez jedné
2302  7D8A 3C           DIGIT2 	 inc a                                    ; přičti jedničku
2303  7D8B B7                    or a                                     ; vynuluj CARRY Flag
2304  7D8C ED 52                 sbc hl,de                                ; pokusně odečti řád
2305  7D8E 30 FA                 jr nc,DIGIT2                             ; pokud není výsledek záporný opakuj
2306  7D90 19                    add hl,de                                ; přičti řád zpátky
2307  7D91 FE 3A                 cp "9"+1                                 ; testuj znaky 0 až 9
2308  7D93 38 02                 jr c,DIGIT3                              ; odskoč pokud platí
2309  7D95 C6 07                 add a,"A"-"9"-1                          ; oprava na A až F pro hexa čísla
2310  7D97 E5           DIGIT3   push 	hl
2311  7D98 21 00 00     numadr	 ld hl,0
2312  7D9B 77                    ld (hl),a
2313  7D9C 23                    inc hl
2314  7D9D 22 99 7D              ld (numadr+1),hl
2315  7DA0 E1                    pop hl
2316  7DA1 C9                    ret
2317  7DA2
2318  7DA2 00 00 00...  BUFF     defs   11
2319  7DAD 00 00 00...  NUMB      ds 	11                                  ; temp pro vypis cisel
2320  7DB8 FD E5        DEC32	 push iy
2321  7DBA 0E 20                 ld c,32
2322  7DBC CD CD 7D              call D32B
2323  7DBF 11 AD 7D     DEC32SP  ld   de,NUMB
2324  7DC2 21 01 01     dec32pos ld   hl,1*256+1
2325  7DC5 3E 00        decink	 ld a,0
2326  7DC7 CD 09 81              call  print
2327  7DCA FD E1                 pop iy
2328  7DCC C9                    ret
2329  7DCD
2330  7DCD AF           D32B     xor  a
2331  7DCE FD 21 AD 7D           ld   iy,NUMB
2332  7DD2 D5                    push de
2333  7DD3 C5                    push bc
2334  7DD4 11 A2 7D              ld   de,BUFF
2335  7DD7 06 0A                 ld   b,10
2336  7DD9 12           DCC1     ld   (de),a
2337  7DDA 13                    inc  de
2338  7DDB 10 FC                 djnz DCC1
2339  7DDD C1                    pop  bc
2340  7DDE D1                    pop  de
2341  7DDF C5                    push bc
2342  7DE0 06 20                 ld   b,$20
2343  7DE2 29           DCC2     add  hl,hl
2344  7DE3 EB                    ex   de,hl
2345  7DE4 ED 6A                 adc  hl,hl
2346  7DE6 EB                    ex   de,hl
2347  7DE7 C5                    push bc
2348  7DE8 D5                    push de
2349  7DE9 01 0A 0A              ld   bc,$0A0A
2350  7DEC 11 A2 7D              ld   de,BUFF
2351  7DEF 1A           DCC3     ld   a,(de)
2352  7DF0 8F                    adc  a,a
2353  7DF1 B9                    cp   c
2354  7DF2 38 01                 jr   c,DCC4
2355  7DF4 91                    sub  c
2356  7DF5 12           DCC4     ld   (de),a
2357  7DF6 3F                    ccf
2358  7DF7 13                    inc  de
2359  7DF8 10 F5                 djnz DCC3
2360  7DFA D1                    pop  de
2361  7DFB C1                    pop  bc
2362  7DFC 10 E4                 djnz DCC2
2363  7DFE 50                    ld   d,b
2364  7DFF C1                    pop  bc
2365  7E00 58                    ld   e,b
2366  7E01 21 A1 7D              ld   hl,BUFF-1
2367  7E04 19                    add  hl,de
2368  7E05 05                    dec  b
2369  7E06 28 14                 jr   z,DCC8
2370  7E08 7E           DCC5     ld   a,(hl)
2371  7E09 B7                    or   a
2372  7E0A 20 02                 jr   nz,DCC6
2373  7E0C 79                    ld   a,c
2374  7E0D 11                    db $11
2375  7E0E 0E 30        DCC6     ld   c,'0'
2376  7E10 B1           DCC7     or   c
2377  7E11 2B                    dec  hl
2378  7E12 B7                    or   a
2379  7E13 28 05                 jr   z,DCC9
2380  7E15 FD 77 00              ld   (iy+0),a
2381  7E18 FD 23                 inc  iy
2382  7E1A 10 EC        DCC9     djnz DCC5
2383  7E1C 7E           DCC8     ld   a,(hl)
2384  7E1D F6 30                 or   '0'
2385  7E1F FD 77 00              ld   (iy+0),a
2386  7E22 FD 23                 inc  iy
2387  7E24 C9                    ret
2388  7E25
2389  7E25              getroot_reload
2390  7E25 21 8F 87             ld hl,pathl
2391  7E28 CD 50 7F             call ROZHOD2
2392  7E2B 7E                   ld a,(hl)
2393  7E2C 23                   inc hl
2394  7E2D 66                   ld h,(hl)
2395  7E2E 6F                   ld l,a
2396  7E2F 11 03 00             ld de,3
2397  7E32 19                   add hl,de
2398  7E33 7E                   ld a,(hl)
2399  7E34 FE FF                cp 255
2400  7E36 28 04                jr z,amroot
2401  7E38 21 01 00             ld hl,1
2402  7E3B C9                   ret
2403  7E3C              amroot
2404  7E3C 21 00 00             ld hl,0
2405  7E3F C9                   ret
2406  7E40
2407  7E40
2408  7E40 43 3A FF     DIRTMP  defb "C:",255
2409  7E43
2410  7E43              getdir
2411  7E43 21 8D 87             ld hl,actdisc
2412  7E46 CD 48 7F             call ROZHOD
2413  7E49 7E                   ld a,(hl)
2414  7E4A 32 40 7E             ld (DIRTMP),a
2415  7E4D
2416  7E4D 21 8F 87             ld hl,pathl
2417  7E50 CD 50 7F             call ROZHOD2
2418  7E53 7E                   ld a,(hl)
2419  7E54 23                   inc hl
2420  7E55 66                   ld h,(hl)
2421  7E56 6F                   ld l,a
2422  7E57 EB                   ex de,hl
2423  7E58 D5                   push de
2424  7E59 21 40 7E             ld hl,DIRTMP
2425  7E5C
2426  7E5C
2427  7E5C 01 04 00             ld bc,4
2428  7E5F ED B0                ldir
2429  7E61
2430  7E61 CD 9E 83             call dospage
2431  7E64
2432  7E64 E1                   pop hl
2433  7E65 3E 01                ld a,1
2434  7E67 CD B1 01             call $01b1
2435  7E6A CD AE 83             call basicpage
2436  7E6D C9                   ret
2437  7E6E
2438  7E6E
2439  7E6E 01 00        pozicel	defw $01
2440  7E70 01 28        pozice2 defw 40* 256 + 1
2441  7E72
2442  7E72 02 40        adrl	defw $4000+2
2443  7E74 52 40        adrr 	defw $4000+2+80
2444  7E76
2445  7E76              PROHOD
2446  7E76 3A 88 87             ld a,(OKNO)
2447  7E79 EE 10                xor 16
2448  7E7B 32 88 87             ld (OKNO),a
2449  7E7E
2450  7E7E CD 9E 83             call dospage
2451  7E81 CD 88 7E             call set_active_panel_drive
2452  7E84 CD AE 83             call basicpage                            ; změn aktualni disk
2453  7E87 C9                   ret
2454  7E88
2455  7E88              set_active_panel_drive
2456  7E88 21 8D 87             ld hl,actdisc
2457  7E8B CD 48 7F             call ROZHOD
2458  7E8E 7E                   ld a,(hl)
2459  7E8F C3 2D 01             jp $012d
2460  7E92
2461  7E92
2462  7E92              changewin
2463  7E92              CHANGEWIN
2464  7E92
2465  7E92 3E 00                ld a,0
2466  7E94 CD 18 7F             call writecur
2467  7E97 CD 76 7E             call PROHOD
2468  7E9A 3E 20                ld a,32
2469  7E9C CD 18 7F             call writecur
2470  7E9F
2471  7E9F CD 9E 83             call dospage
2472  7EA2
2473  7EA2 21 8F 87             ld hl,pathl
2474  7EA5 CD 50 7F             call ROZHOD2
2475  7EA8 7E                   ld a,(hl)
2476  7EA9 23                   inc hl
2477  7EAA 66                   ld h,(hl)
2478  7EAB 6F                   ld l,a
2479  7EAC
2480  7EAC AF                   xor a
2481  7EAD CD B1 01             call $01b1
2482  7EB0
2483  7EB0 CD AE 83             call basicpage
2484  7EB3 C3 83 72             jp loop0
2485  7EB6
2486  7EB6              bufscr equ $e000
2487  7EB6              ; Uloží obrazovku do banky 19 ZX Next.
2488  7EB6              savescr
2489  7EB6 ED 91 57 4E          nextreg $57,78; 19                            ; Stránka na uložení VideoRam
2490  7EBA 21 00 40             ld hl,16384
2491  7EBD 11 00 E0             ld de,bufscr
2492  7EC0 01 00 14             ld bc,32*160
2493  7EC3 ED B0                ldir
2494  7EC5 ED 91 57 01          nextreg $57,1                             ; Nastránkuj zpátky
2495  7EC9 C9                   ret
2496  7ECA
2497  7ECA
2498  7ECA
2499  7ECA                      ; Obnovení obrazovky z 19 stárnky ZX Next.
2500  7ECA              loadscr
2501  7ECA ED 91 57 4E          nextreg $57,78 ;19
2502  7ECE 21 00 E0             ld hl,bufscr
2503  7ED1 11 00 40             ld de,16384
2504  7ED4 01 00 14             ld bc,32*160
2505  7ED7 ED B0                ldir
2506  7ED9 ED 91 57 01          nextreg $57,1
2507  7EDD C9                   ret
2508  7EDE
2509  7EDE
2510  7EDE              KL
2511  7EDE 00           klavesa	defb 0
2512  7EDF
2513  7EDF 00 00        leftpos	defw	0
2514  7EE1
2515  7EE1              ; Test jestli je soubor označený nebo ne
2516  7EE1              ; Z - není označený
2517  7EE1              ; NZ - je označený
2518  7EE1              CHECKSEL
2519  7EE1 21 A3 89             ld hl,POSKURZL
2520  7EE4 CD 48 7F             call ROZHOD
2521  7EE7 7E                   ld a,(hl)
2522  7EE8 6F                   ld l,a
2523  7EE9 26 00                ld h,0
2524  7EEB
2525  7EEB E5                   push hl
2526  7EEC 21 A9 89             ld hl,STARTWINL
2527  7EEF CD 50 7F             call ROZHOD2
2528  7EF2 7E                   ld a,(hl)
2529  7EF3 23                   inc hl
2530  7EF4 66                   ld h,(hl)
2531  7EF5 6F                   ld l,a
2532  7EF6
2533  7EF6 EB                   ex de,hl
2534  7EF7 E1                   pop hl
2535  7EF8 19                   add hl,de
2536  7EF9 23                   inc hl
2537  7EFA CD C2 84             call BUFF83
2538  7EFD CD 65 7F             call find83
2539  7F00 21 98 7F             ld hl,TMP83
2540  7F03 CB 7E                bit 7,(hl)
2541  7F05 3A 3F 7F             ld a,(curcolor+1)
2542  7F08 28 07                jr z,neni_oznacen
2543  7F0A B7                   or a
2544  7F0B 3E 50                ld a,80
2545  7F0D C8                   ret z
2546  7F0E 3E 60                ld a,96
2547  7F10 C9                   ret
2548  7F11
2549  7F11
2550  7F11              neni_oznacen
2551  7F11 B7                   or a
2552  7F12 3E 00                ld a,0
2553  7F14 C8                   ret z
2554  7F15 3E 20                ld a,32
2555  7F17 C9                   ret
2556  7F18
2557  7F18                      ; Nakreslí kurzor
2558  7F18              writecur
2559  7F18 32 3F 7F             ld (curcolor+1),a
2560  7F1B CD E1 7E             call CHECKSEL
2561  7F1E CD 08 81             call cc_map_palette_attr
2562  7F21 32 3F 7F             ld (curcolor+1),a
2563  7F24 21 89 87             ld hl,KURZL
2564  7F27 CD 50 7F             call ROZHOD2
2565  7F2A
2566  7F2A 7E                   ld a,(hl)
2567  7F2B 23                   inc hl
2568  7F2C 66                   ld h,(hl)
2569  7F2D 6F                   ld l,a
2570  7F2E 23                   inc hl
2571  7F2F E5                   push hl
2572  7F30 21 A3 89             ld hl,POSKURZL
2573  7F33 CD 48 7F             call ROZHOD
2574  7F36 7E                   ld a,(hl)
2575  7F37 5F                   ld e,a
2576  7F38 16 A0                ld d,160
2577  7F3A ED 30                mul d,e
2578  7F3C
2579  7F3C E1                   pop hl
2580  7F3D 19                   add hl,de
2581  7F3E
2582  7F3E 3E 20        curcolor ld a,32
2583  7F40 06 26                ld b,38
2584  7F42 77           wr0		ld (hl),a
2585  7F43 23                   inc hl
2586  7F44 23                   inc hl
2587  7F45 10 FB                djnz wr0
2588  7F47 C9                   ret
2589  7F48
2590  7F48 3A 88 87     ROZHOD   ld   a,(OKNO)
2591  7F4B CB 67                 bit  4,a
2592  7F4D C8                    ret  z
2593  7F4E 23                    inc  hl
2594  7F4F C9                    ret
2595  7F50
2596  7F50 3A 88 87     ROZHOD2  ld   a,(OKNO)
2597  7F53 CB 67                 bit  4,a
2598  7F55 C8                    ret  z
2599  7F56 23                    inc  hl
2600  7F57 23                    inc  hl
2601  7F58 C9                    ret
2602  7F59
2603  7F59
2604  7F59
2605  7F59
2606  7F59
2607  7F59
2608  7F59
2609  7F59                       ; Násobení HL x B
2610  7F59                       ; Vysledek HL
2611  7F59 55           mull		ld d,l                                      ; vynásob spodní byty
2612  7F5A 58                       ld e,b
2613  7F5B ED 30                    mul d,e                               ; vysledek je v de
2614  7F5D EB                       ex de,hl                              ; vysledek je v hl
2615  7F5E 58                       ld e,b                                ; násobitel do e
2616  7F5F ED 30                    mul d,e                               ; vynásob
2617  7F61 7B                       ld a,e                                ; do akumulátoru hoď výsledek (spodní byte)
2618  7F62 84                       add a,h
2619  7F63 67                       ld h,a                                ; konečný výsledek je v HL
2620  7F64 C9                       ret
2621  7F65
2622  7F65                          ; Najde podle pozice souboru nazev 8.3, se kterým dále pracujeme
2623  7F65                          ; HL ... pozice
2624  7F65              find83
2625  7F65 E5                   push hl
2626  7F66 21 8F 87             ld hl,pathl
2627  7F69 CD 50 7F             call ROZHOD2
2628  7F6C 7E                   ld a,(hl)
2629  7F6D 23                   inc hl
2630  7F6E 66                   ld h,(hl)
2631  7F6F 6F                   ld l,a
2632  7F70
2633  7F70 11 02 00             ld de,2
2634  7F73 19                   add hl,de
2635  7F74 7E                   ld a,(hl)
2636  7F75
2637  7F75 E1                   pop hl
2638  7F76 FE FF                cp 255
2639  7F78 20 01                jr nz,find830
2640  7F7A 2B                   dec hl
2641  7F7B              find830
2642  7F7B 06 0D                ld b,13
2643  7F7D CD 59 7F             call mull
2644  7F80 11 00 A0             ld de,$a000
2645  7F83 19                   add hl,de
2646  7F84
2647  7F84 CD C2 84             call BUFF83
2648  7F87 22 96 7F             ld (foundfile),hl
2649  7F8A 11 98 7F             ld de,TMP83
2650  7F8D 01 0D 00             ld bc,13
2651  7F90 ED B0                ldir
2652  7F92 CD D3 84             call NOBUFF83
2653  7F95 C9                   ret
2654  7F96
2655  7F96 00 00        foundfile	defw 0
2656  7F98 00 00 00...  TMP83		ds 13
2657  7FA5
2658  7FA5              clickMouse
2659  7FA5
2660  7FA5 AF                   xor a
2661  7FA6 32 12 80             ld   (aLAST_KEY+1),a
2662  7FA9 C9                   ret
2663  7FAA
2664  7FAA CD AE 75     INKEY 	call gettime
2665  7FAD                      ; Nejdřív načti aktuální souřadnice a tlačítka. Dříve se hover
2666  7FAD                      ; vyhodnotil nad starou pozicí a klik pak spustil předchozí řádek menu.
2667  7FAD CD F5 A6             call MOUSE
2668  7FB0 F5                   push af
2669  7FB1 CD B4 A9             call podbarviPodlePoziceMysky
2670  7FB4 CD 1E A8             call zjistiJestliMyskaNeniVHorniCastiMenu
2671  7FB7 F1                   pop af
2672  7FB8 47                   ld b,a                                    ; uložit aktuální stav tlačítek
2673  7FB9
2674  7FB9                                                                ; kontrola změny tlačítek oproti uloženému stavu
2675  7FB9 3A 4E 73             ld a,(TLACITKO)
2676  7FBC A8                   xor b
2677  7FBD 28 07                jr z,nemenTlacitka                               ; žádná změna → pokračuj
2678  7FBF
2679  7FBF                                                                ; při změně uložíme OR stav
2680  7FBF                                                                ; tlačítko zůstane "aktivní", dokud se ručně nevynuluje
2681  7FBF 3A 86 A7             ld a,(CONTRB)
2682  7FC2 B0                   or b
2683  7FC3 32 4E 73             ld (TLACITKO),a
2684  7FC6              nemenTlacitka
2685  7FC6 2A 84 A7             ld hl,(COORD)
2686  7FC9 ED 5B C9 D7          ld de,(lastCoordMouse)
2687  7FCD B7                   or a
2688  7FCE ED 52                sbc hl,de
2689  7FD0 28 03                jr z,nekresliMysku      ;pokud nebyl zadny pohyb nekresly kurzor mysky
2690  7FD2 CD CB D7             call showSprite
2691  7FD5              nekresliMysku
2692  7FD5 2A 84 A7             ld hl,(COORD)
2693  7FD8 22 C9 D7             ld (lastCoordMouse),hl
2694  7FDB
2695  7FDB 3A 8D 73             ld a,(wheelOld)
2696  7FDE
2697  7FDE 5F                   ld e,a
2698  7FDF CD 42 73             call nactiWheelMysky
2699  7FE2 AB                   xor e
2700  7FE3 20 C0                jr nz,clickMouse
2701  7FE5
2702  7FE5 3A 4E 73             ld a,(TLACITKO)
2703  7FE8 B7                   or a
2704  7FE9 20 BA                jr nz,clickMouse
2705  7FEB
2706  7FEB FB                   ei
2707  7FEC
2708  7FEC 06 02                ld b,2
2709  7FEE 76           CEKEJ	halt
2710  7FEF 10 FD                djnz CEKEJ
2711  7FF1              ahl0
2712  7FF1 CD 4C 80              call KEYSCAN
2713  7FF4
2714  7FF4 7B                    ld   a,e
2715  7FF5 3C                    inc  a
2716  7FF6 28 4A                 jr   z,aNO_KEY
2717  7FF8 7A                    ld   a,d
2718  7FF9 21 90 80              ld   hl,SYMTAB
2719  7FFC FE 18                 cp   $18
2720  7FFE 28 0A                 jr   z,aHLSM2
2721  8000 21 B8 80              ld   hl,CAPSTAB
2722  8003 FE 27                 cp   $27
2723  8005 28 03                 jr   z,aHLSM2
2724  8007 21 DF 80              ld   hl,NORMTAB
2725  800A 16 00        aHLSM2    ld   d,0
2726  800C 19                    add  hl,de
2727  800D 7E                    ld   a,(hl)
2728  800E B7                    or   a
2729  800F 28 31                 jr   z,aNO_KEY
2730  8011
2731  8011 06 00        aLAST_KEY ld   b,0
2732  8013 B8                    cp   b
2733  8014 20 17                 jr   nz,aNEW_KEY
2734  8016
2735  8016 06 00        aREPEAT_CNT ld b,0
2736  8018 78                    ld   a,b
2737  8019 B7                    or   a
2738  801A 28 07                 jr   z,aREPEAT_KEY
2739  801C 3D                    dec  a
2740  801D 32 17 80              ld   (aREPEAT_CNT+1),a
2741  8020 C3 AA 7F              jp   INKEY
2742  8023
2743  8023              aREPEAT_KEY
2744  8023 3E 01                 ld   a,1
2745  8025 32 17 80              ld   (aREPEAT_CNT+1),a
2746  8028 3A 12 80              ld   a,(aLAST_KEY+1)
2747  802B 18 0C                 jr   aSEDI_KEY
2748  802D
2749  802D F5           aNEW_KEY push af
2750  802E 3E 0A                 ld   a,10
2751  8030 32 17 80              ld   (aREPEAT_CNT+1),a
2752  8033 F1                    pop  af
2753  8034 06 03                 ld   b,3
2754  8036 76           aLOOP_LST halt
2755  8037 10 FD                 djnz aLOOP_LST
2756  8039              aSEDI_KEY
2757  8039 32 12 80              ld   (aLAST_KEY+1),a
2758  803C F5                   push af
2759  803D CD B5 BF             call beepk
2760  8040 F1                   pop af
2761  8041 C9                   ret
2762  8042
2763  8042 AF           aNO_KEY xor  a
2764  8043 32 12 80              ld   (aLAST_KEY+1),a
2765  8046 32 17 80              ld   (aREPEAT_CNT+1),a
2766  8049 C3 AA 7F              jp   INKEY
2767  804C
2768  804C                      ; Fyzický scanner klávesnice.
2769  804C                      ; OUT: D=$27 CAPS SHIFT, D=$18 SYMBOL SHIFT, jinak D=$FF.
2770  804C                      ;      E=index 0..38 do SYMTAB/CAPSTAB/NORMTAB, nebo $FF bez klávesy.
2771  804C                      ; Modifier se čte samostatně a při procházení 38 běžných kláves se
2772  804C                      ; jeho vlastní maticový bit vynechá. Všechny kombinace CAPS/SYMBOL
2773  804C                      ; tak používají stejnou obecnou cestu bez speciálních výjimek.
2774  804C 11 FF FF     KEYSCAN  ld   de,$ffff
2775  804F 01 FE FE              ld   bc,$fefe                            ; CAPS SHIFT, Z, X, C, V
2776  8052 ED 78                 in   a,(c)
2777  8054 1F                    rra                                       ; CAPS SHIFT = bit 0 aktivní v nule
2778  8055 38 04                 jr   c,.check_symbol
2779  8057 16 27                 ld   d,$27
2780  8059 18 0A                 jr   .scan_init
2781  805B              .check_symbol
2782  805B 06 7F                 ld   b,$7f                               ; SPACE, SYMBOL SHIFT, M, N, B
2783  805D ED 78                 in   a,(c)
2784  805F CB 4F                 bit  1,a
2785  8061 20 02                 jr   nz,.scan_init
2786  8063 16 18                 ld   d,$18
2787  8065              .scan_init
2788  8065 2E 2F                 ld   l,47                                ; základ kódu pro první půlřádek
2789  8067 06 FE                 ld   b,$fe                               ; C zůstává $FE
2790  8069              .row
2791  8069 ED 78                 in   a,(c)
2792  806B 2F                    cpl
2793  806C E6 1F                 and  31
2794  806E 67                    ld   h,a
2795  806F 7D                    ld   a,l
2796  8070 FE 2F                 cp   47
2797  8072 20 02                 jr   nz,.not_caps_row
2798  8074 CB 84                 res  0,h                                 ; CAPS není samostatná výsledná klávesa
2799  8076              .not_caps_row
2800  8076 FE 28                 cp   40
2801  8078 20 02                 jr   nz,.find_key
2802  807A CB 8C                 res  1,h                                 ; SYMBOL není samostatná výsledná klávesa
2803  807C              .find_key
2804  807C 7C                    ld   a,h
2805  807D B7                    or   a
2806  807E 28 09                 jr   z,.next_row
2807  8080 7D                    ld   a,l
2808  8081              .next_bit
2809  8081 D6 08                 sub  8
2810  8083 CB 3C                 srl  h
2811  8085 30 FA                 jr   nc,.next_bit
2812  8087 5F                    ld   e,a
2813  8088 C9                    ret
2814  8089              .next_row
2815  8089 2D                    dec  l
2816  808A CB 00                 rlc  b
2817  808C 38 DB                 jr   c,.row
2818  808E C9                    ret
2819  808F 00           keysound db 0                                     ; key sound 0= yes,1= no, klavesnicove echo
2820  8090 2A 5E 5B 26  SYMTAB   db "*^[&%>}/"
2820  8094 25 3E 7D 2F
2821  8098 2C 2D 5D 27           db ",-]'$<{?"
2821  809C 24 3C 7B 3F
2822  80A0 2E 2B 7F 28           db ".+($"
2822  80A4 24
2823  80A5 C8                    db 200
2824  80A6 2F 20                 db '/',' '
2825  80A8 00                    db 0
2826  80A9 3D 3B 29 40           db "=;)@"
2827  80AD C9                    db 201
2828  80AE 7C 3A                 db "|:"
2829  80B0 20 0D 22              db 32,13,34
2830  80B3 5F 21                 db "_!"
2831  80B5 C7                    db 199
2832  80B6 7E 00                 db "~",0
2833  80B8
2834  80B8 42 48 59     CAPSTAB  db "BHY"
2835  80BB 0A 08                 db 10,8
2836  80BD 54 47 56              db "TGV"
2837  80C0 4E 4A 55              db "NJU"
2838  80C3 0B 05                 db 11,5
2839  80C5 52 46 43              db "RFC"
2840  80C8 4D 4B 49              db "MKI"
2841  80CB 09 04                 db 9,4
2842  80CD 45 44 58              db "EDX"
2843  80D0 02                    db 2
2844  80D1 4C 4F                 db "LO"
2845  80D3 0F 06                 db 15,6
2846  80D5 57 53 5A              db "WSZ"
2847  80D8 01 0D 50              db 1,13,"P"
2848  80DB 0C 07                 db 12,7
2849  80DD 51 41                 db "QA"
2850  80DF
2851  80DF 62 68 79 36  NORMTAB  db "bhy65tgv"
2851  80E3 35 74 67 76
2852  80E7 6E 6A 75 37           db "nju74rfc"
2852  80EB 34 72 66 63
2853  80EF 6D 6B 69 38           db "mki83edx"
2853  80F3 33 65 64 78
2854  80F7 00                    db 0
2855  80F8 6C 6F 39 32           db "lo92wsz"
2855  80FC 77 73 7A
2856  80FF 20 0D                 db 32,13
2857  8101 70 30 31 71           db "p01qa"
2857  8105 61
2858  8106 00                    db 0
2859  8107 01           BORDER   db 1                                     ; okraj
2860  8108
2861  8108              offset	equ 3
2862  8108
2863  8108              ; Map a legacy Tilemap palette attribute through the persistent Settings map.
2864  8108              ; The low nibble is preserved, allowing callers to address another colour
2865  8108              ; inside the selected 16-colour group. All other registers are preserved.
2866  8108              cc_map_palette_attr
2867  8108 C9                   ret
2868  8109
2869  8109              ; vstup:
2870  8109              ; HL .... XY
2871  8109              ; DE .... TEXT zakonceny 0 bytem
2872  8109              ; A ..... atribut palety
2873  8109 CD 08 81     print  call cc_map_palette_attr
2874  810C 32 25 81             ld (paleta + 1),a
2875  810F D5                   push de
2876  8110 55                   ld d,l
2877  8111 1E A0                ld e,160
2878  8113 ED 30                mul d,e
2879  8115 7C                   ld a,h
2880  8116 87                   add a,a
2881  8117 6F                   ld l,a
2882  8118 26 00                ld h,0
2883  811A 19                   add hl,de
2884  811B 11 00 40             ld de,$4000
2885  811E 19                   add hl,de
2886  811F D1                   pop de
2887  8120              print0
2888  8120 1A                   ld a,(de)
2889  8121 B7                   or a
2890  8122 C8                   ret z
2891  8123 77                   ld (hl),a
2892  8124
2893  8124 3E 00        paleta	ld a,0
2894  8126 23                   inc hl
2895  8127 13                   inc de
2896  8128 77                   ld (hl),a
2897  8129 23                   inc hl
2898  812A 18 F4                jr print0
2899  812C
2900  812C              window
2901  812C CD 08 81             call cc_map_palette_attr
2902  812F 32 5F 81             ld (atr1+1),a
2903  8132 32 6A 81             ld (atr2+1),a
2904  8135 32 73 81             ld (atr3+1),a
2905  8138 32 8B 81             ld (atr4+1),a
2906  813B 32 9B 81             ld (atr5+1),a
2907  813E 32 A6 81             ld (atr6+1),a
2908  8141 32 BC 81             ld (atr7+1),a
2909  8144 32 C5 81             ld (atr8+1),a
2910  8147 32 CE 81             ld (atr9+1),a
2911  814A
2912  814A 5D                   ld e,l
2913  814B 16 A0                ld d,160
2914  814D ED 30                mul d,e
2915  814F 7C                   ld a,h
2916  8150 87                   add a,a
2917  8151 6F                   ld l,a
2918  8152 26 00                ld h,0
2919  8154 19                   add hl,de
2920  8155 11 00 40             ld de,#4000
2921  8158 19                   add hl,de                                 ; adresa v tilemode
2922  8159 E5           window0	push hl
2923  815A
2924  815A 3E 12                ld a,18
2925  815C 77                   ld (hl),a
2926  815D 23                   inc hl
2927  815E 36 00        atr1	ld (hl),0
2928  8160 78                   ld a,b
2929  8161 32 BE 81             ld (w5+1),a
2930  8164 3E 10                ld a,16
2931  8166 23                   inc hl
2932  8167
2933  8167
2934  8167 77           w2		ld (hl),a
2935  8168 23                   inc hl
2936  8169 36 00        atr2	ld (hl),0
2937  816B 23                   inc hl
2938  816C 10 F9                djnz w2
2939  816E 3E 13                ld a,19
2940  8170 77                   ld (hl),a
2941  8171 23                   inc hl
2942  8172
2943  8172 36 00        atr3	ld (hl),0
2944  8174 11 9F 00             ld de,160-1
2945  8177 19                   add hl,de
2946  8178
2947  8178 22 84 81             ld (w3+1),hl                              ; uloz adresu
2948  817B E1                   pop hl
2949  817C 11 A0 00             ld de,160
2950  817F 19                   add hl,de
2951  8180 22 94 81             ld (w4+1),hl
2952  8183
2953  8183 21 00 00     w3		ld hl,0
2954  8186 3E 17                ld a,23
2955  8188 77                   ld (hl),a
2956  8189 23                   inc hl
2957  818A 36 00        atr4	ld (hl),0
2958  818C
2959  818C 11 9F 00             ld de,160-1
2960  818F 19                   add hl,de
2961  8190 22 84 81             ld (w3+1),hl
2962  8193 21 00 00     w4		ld hl,0                                       ; leva cast
2963  8196 3E 16                ld a,22
2964  8198 77                   ld (hl),a
2965  8199 23                   inc hl
2966  819A 36 00        atr5	ld (hl),0
2967  819C E5                   push hl
2968  819D 23                   inc hl
2969  819E 3A BE 81             ld a,(w5+1)
2970  81A1 47                   ld b,a
2971  81A2 36 00        cisti	ld 	(hl),0
2972  81A4 23                   inc hl
2973  81A5 36 00        atr6	ld (hl),0
2974  81A7 23                   inc hl
2975  81A8 10 F8                djnz cisti
2976  81AA
2977  81AA E1                   pop hl
2978  81AB 11 9F 00             ld de,160-1
2979  81AE 19                   add hl,de
2980  81AF 22 94 81             ld (w4+1),hl
2981  81B2 0D                   dec c
2982  81B3 79                   ld a,c
2983  81B4 B7                   or a
2984  81B5 20 CC                jr nz,w3
2985  81B7
2986  81B7 3E 15                ld a,21
2987  81B9 77                   ld (hl),a
2988  81BA 23                   inc hl
2989  81BB 36 00        atr7	ld (hl),0
2990  81BD 06 00        w5 		ld b,0
2991  81BF 3E 11                ld a,17
2992  81C1 23           w6		inc hl
2993  81C2 77                   ld (hl),a
2994  81C3 23                   inc hl
2995  81C4 36 00        atr8	ld (hl),0
2996  81C6 10 F9                djnz w6
2997  81C8 23                   inc hl
2998  81C9 3E 14                ld a,20
2999  81CB 77                   ld (hl),a
3000  81CC 23                   inc hl
3001  81CD 36 00        atr9	ld (hl),0
3002  81CF C9                   ret
3003  81D0
3004  81D0
3005  81D0                      module draw
3006  81D0              window
3007  81D0              UZZ
3008  81D0 CD 08 81             call cc_map_palette_attr
3009  81D3 32 06 82             ld (atr1+1),a
3010  81D6 32 1A 82             ld (atr2+1),a
3011  81D9 32 56 82             ld (atr3+1),a
3012  81DC 32 6E 82             ld (atr4+1),a
3013  81DF 32 7E 82             ld (atr5+1),a
3014  81E2 32 89 82             ld (atr6+1),a
3015  81E5 32 9F 82             ld (atr7+1),a
3016  81E8 32 A8 82             ld (atr8+1),a
3017  81EB 32 B1 82             ld (atr9+1),a
3018  81EE 32 4D 82             ld (atr200+1),a
3019  81F1
3020  81F1
3021  81F1 5D                   ld e,l
3022  81F2 16 A0                ld d,160
3023  81F4 ED 30                mul d,e
3024  81F6 7C                   ld a,h
3025  81F7 87                   add a,a
3026  81F8 6F                   ld l,a
3027  81F9 26 00                ld h,0
3028  81FB 19                   add hl,de
3029  81FC 11 00 40             ld de,#4000
3030  81FF 19                   add hl,de                                 ; adresa v tilemode
3031  8200 E5           window0	push hl
3032  8201
3033  8201 3E 12                ld a,18
3034  8203 77                   ld (hl),a
3035  8204 23                   inc hl
3036  8205 36 00        atr1	ld (hl),0
3037  8207 78                   ld a,b
3038  8208
3039  8208 32 A1 82             ld (w5+1),a
3040  820B
3041  820B 1F                   rra                                       ; vyděl dvěma
3042  820C 06 0C                ld b,12                                   ; odečti 10
3043  820E B7                   or a
3044  820F 98                   sbc a,b
3045  8210 47                   ld b,a
3046  8211 32 49 82             ld (w20+1),a
3047  8214
3048  8214 3E 10                ld a,16
3049  8216 23                   inc hl
3050  8217
3051  8217
3052  8217 77           w2		ld (hl),a
3053  8218 23                   inc hl
3054  8219 36 00        atr2	ld (hl),0
3055  821B 23                   inc hl
3056  821C 10 F9                djnz w2
3057  821E
3058  821E 3E 5B                ld a,"["
3059  8220 77                   ld (hl),a
3060  8221 23                   inc hl
3061  8222 3A 4D 82             ld a,(atr200+1)
3062  8225 77                   ld (hl),a
3063  8226 23                   inc hl
3064  8227
3065  8227
3066  8227 06 15                ld b,21
3067  8229              writmes
3068  8229 3E 20                ld a," "
3069  822B 77                   ld (hl),a
3070  822C 23                   inc hl
3071  822D 3A 4D 82             ld a,(atr200+1)
3072  8230 77                   ld (hl),a
3073  8231 23                   inc hl
3074  8232 10 F5                djnz writmes
3075  8234 3E 5D                ld a,"]"
3076  8236 77                   ld (hl),a
3077  8237 23                   inc hl
3078  8238 3A 4D 82             ld a,(atr200+1)
3079  823B 77                   ld (hl),a
3080  823C 23                   inc hl
3081  823D
3082  823D 3E 10                ld a,16
3083  823F 77                   ld (hl),a
3084  8240 23                   inc hl
3085  8241 3A 4D 82             ld a,(atr200+1)
3086  8244 77                   ld (hl),a
3087  8245 23                   inc hl
3088  8246 3E 10                ld a,16
3089  8248 06 00        w20		ld b,0
3090  824A
3091  824A 77           w2000	ld (hl),a
3092  824B 23                   inc hl
3093  824C 36 00        atr200	ld (hl),0
3094  824E 23                   inc hl
3095  824F 10 F9                djnz w2000
3096  8251
3097  8251
3098  8251
3099  8251 3E 13                ld a,19
3100  8253 77                   ld (hl),a
3101  8254 23                   inc hl
3102  8255
3103  8255 36 00        atr3	ld (hl),0
3104  8257 11 9F 00             ld de,160-1
3105  825A 19                   add hl,de
3106  825B
3107  825B 22 67 82             ld (w3+1),hl                              ; uloz adresu
3108  825E E1                   pop hl
3109  825F 11 A0 00             ld de,160
3110  8262 19                   add hl,de
3111  8263 22 77 82             ld (w4+1),hl
3112  8266
3113  8266 21 00 00     w3		ld hl,0
3114  8269 3E 17                ld a,23
3115  826B 77                   ld (hl),a
3116  826C 23                   inc hl
3117  826D 36 00        atr4	ld (hl),0
3118  826F
3119  826F 11 9F 00             ld de,160-1
3120  8272 19                   add hl,de
3121  8273 22 67 82             ld (w3+1),hl
3122  8276 21 00 00     w4		ld hl,0                                       ; leva cast
3123  8279 3E 16                ld a,22
3124  827B 77                   ld (hl),a
3125  827C 23                   inc hl
3126  827D 36 00        atr5	ld (hl),0
3127  827F E5                   push hl
3128  8280 23                   inc hl
3129  8281 3A A1 82             ld a,(w5+1)
3130  8284 47                   ld b,a
3131  8285 36 00        cisti	ld 	(hl),0
3132  8287 23                   inc hl
3133  8288 36 00        atr6	ld (hl),0
3134  828A 23                   inc hl
3135  828B 10 F8                djnz cisti
3136  828D
3137  828D E1                   pop hl
3138  828E 11 9F 00             ld de,160-1
3139  8291 19                   add hl,de
3140  8292 22 77 82             ld (w4+1),hl
3141  8295 0D                   dec c
3142  8296 79                   ld a,c
3143  8297 B7                   or a
3144  8298 20 CC                jr nz,w3
3145  829A
3146  829A 3E 15                ld a,21
3147  829C 77                   ld (hl),a
3148  829D 23                   inc hl
3149  829E 36 00        atr7	ld (hl),0
3150  82A0 06 00        w5 		ld b,0
3151  82A2 3E 11                ld a,17
3152  82A4 23           w6		inc hl
3153  82A5 77                   ld (hl),a
3154  82A6 23                   inc hl
3155  82A7 36 00        atr8	ld (hl),0
3156  82A9 10 F9                djnz w6
3157  82AB 23                   inc hl
3158  82AC 3E 14                ld a,20
3159  82AE 77                   ld (hl),a
3160  82AF 23                   inc hl
3161  82B0 36 00        atr9	ld (hl),0
3162  82B2 C9                   ret
3163  82B3
3164  82B3                      endmodule
3165  82B3
3166  82B3                      ; ------------------------------------------------------------
3167  82B3                      ; reload_dir
3168  82B3                      ; ------------------------------------------------------------
3169  82B3                      ; Načte katalog aktuálního disku/adresáře do RAM bufferu catbuff,
3170  82B3                      ; aktualizuje počty souborů (ALLFILES) a připraví pomocné struktury:
3171  82B3                      ; - vynuluje počty (ALLFILES, numsel, virtmem)
3172  82B3                      ; - vyčistí pracovní oblast $A000 (pravděpodobně pro 8.3 cache / TMP83 práci)
3173  82B3                      ; - zavolá DOS katalog rutinu (dos_catalog) opakovaně (po blocích) a skládá výsledky
3174  82B3                      ; - po dokončení:
3175  82B3                      ; * uloží návratovou hodnotu do dosret
3176  82B3                      ; * nastaví STARTWIN dle root/non-root (path +3 == 255)
3177  82B3                      ; * zavolá getAllLFN (naplnění LFN bufferů) a getdir (aktualizace cesty)
3178  82B3                      ; ------------------------------------------------------------
3179  82B3              reload_dir
3180  82B3
3181  82B3 F3                   di                                        ; během práce s bankováním/ROM (dále se přepíná dospage/basicpage)
3182  82B4
3183  82B4 21 00 A0             ld hl,catbuff
3184  82B7 22 DC 84             ld (Count11+1),hl                         ; self-modify: Count11 bude ukazovat na catbuff (pro CountMemory)
3185  82BA
3186  82BA                                                                ; ALLFILES (word) pro aktivní okno = 0
3187  82BA 21 4F 87             ld hl,ALLFILES
3188  82BD CD 50 7F             call ROZHOD2
3189  82C0 AF                   xor a
3190  82C1 77                   ld (hl),a
3191  82C2 23                   inc hl
3192  82C3 77                   ld (hl),a
3193  82C4
3194  82C4                      ; numsel (word) pro aktivní okno = 0
3195  82C4 21 0A CB             ld hl,numsel
3196  82C7 CD 50 7F             call ROZHOD2
3197  82CA AF                   xor a
3198  82CB 77                   ld (hl),a
3199  82CC 23                   inc hl
3200  82CD 77                   ld (hl),a
3201  82CE
3202  82CE                      ; virtmem = 0 (počítá, kolik “virtuálních” bloků katalogu už bylo nataženo)
3203  82CE 32 85 87             ld (virtmem),a
3204  82D1
3205  82D1                      ; Přepni stránku dat pro aktivní okno (NextReg $55) a vyčisti oblast $A000..$A400
3206  82D1 CD C2 84             call BUFF83
3207  82D4 21 00 A0             ld hl,#a000
3208  82D7 11 01 A0             ld de,#a001
3209  82DA 01 00 04             ld bc,1024
3210  82DD AF                   xor a
3211  82DE 77                   ld (hl),a
3212  82DF ED B0                ldir
3213  82E1
3214  82E1 CD 9E 83             call dospage                              ; přepnout na “DOS stránku” (ROM/RAM mapping přes port #7FFD)
3215  82E4
3216  82E4
3217  82E4                                                                ; --------------------------------------------------------
3218  82E4                                                                ; Příprava catbuff pro katalog
3219  82E4                                                                ; --------------------------------------------------------
3220  82E4 21 00 A0             ld hl,catbuff                             ; buffer pro DOS katalog
3221  82E7 11 01 A0             ld de,catbuff+1
3222  82EA 01 00 04             ld bc,1024                                ; poznámka v kódu: 64*13+13=845 pro +3DOS, tady se alokuje 1024
3223  82ED 36 00                ld (hl),0
3224  82EF ED B0                ldir                                      ; vyčistí buffer (aspoň první položka bude 0)
3225  82F1
3226  82F1 11 00 A0             ld de,catbuff                             ; DE = kam DOS rutiny zapisují položky
3227  82F4
3228  82F4              aNextDirItem
3229  82F4 06 C8                ld b,pocetpolozek                         ; max počet položek v jednom volání dos_catalog (konstanta / equ jinde)
3230  82F6 0E 05                ld c,%101                                 ; flagy pro dos_catalog (komentář: “include system files”)
3231  82F8 21 6B 87             ld hl,stardstar                           ; "*.*" + $FF terminátor
3232  82FB CD 1E 01             call dos_catalog                          ; externí (ROM/DOS): naplní katalog do bufferu (DE), vrací stav v registrech
3233  82FE
3234  82FE
3235  82FE                                                                ; ------------------------------------------------------------
3236  82FE                                                                ; NEXT0: zpracování výsledku dos_catalog
3237  82FE                                                                ; ------------------------------------------------------------
3238  82FE              NEXT0
3239  82FE 22 66 87             ld (savehl),hl                            ; ukládá registry vrácené DOSem (použije se v getAllLFN)
3240  8301 DD 22 68 87          ld (saveix),ix
3241  8305
3242  8305 78                   ld a,b
3243  8306 FE C8                cp pocetpolozek                           ; pokud B == pocetpolozek, buffer byl plný (=> možná další “page” katalogu)
3244  8308 F5                   push af
3245  8309
3246  8309 E5                   push hl
3247  830A D5                   push de
3248  830B C5                   push bc
3249  830C
3250  830C                      ; Aktualizace ALLFILES? + (B-1) ? – tady se počítá “celkový počet položek”
3251  830C                      ; Pozor: přesnou sémantiku B (kolik položek DOS vrátil) nechávám bez spekulace,
3252  830C                      ; ale je zřejmé, že se z něj odvozuje index do ALLFILES a zároveň dirNum.
3253  830C 21 4F 87             ld hl,ALLFILES
3254  830F CD 50 7F             call ROZHOD2
3255  8312 7E                   ld a,(hl)
3256  8313 23                   inc hl
3257  8314 66                   ld h,(hl)
3258  8315 6F                   ld l,a                                    ; HL = ALLFILES (word)
3259  8316
3260  8316 58                   ld e,b
3261  8317 16 00                ld d,0
3262  8319 19                   add hl,de
3263  831A 2B                   dec hl
3264  831B E5                   push hl
3265  831C
3266  831C                      ; ALLFILESL je tabulka dvou pointerů (pro L/R okno) – ukládá se do ní HL
3267  831C 21 0F 87             ld hl,ALLFILESL
3268  831F CD 50 7F             call ROZHOD2
3269  8322 7E                   ld a,(hl)
3270  8323 23                   inc hl
3271  8324 66                   ld h,(hl)
3272  8325 6F                   ld l,a
3273  8326 22 2B 83             ld (N0+1),hl                              ; self-modify: kam se uloží hodnota
3274  8329
3275  8329 E1                   pop hl
3276  832A 22 00 00     N0      ld (0),hl                                 ; self-modify store: *(ALLFILESL[okno]) = HL
3277  832D
3278  832D                                                                ; dirNum = dirNum + B - 1
3279  832D 2A 74 87             ld hl,(dirNum)
3280  8330 19                   add hl,de
3281  8331 2B                   dec hl
3282  8332 22 74 87             ld (dirNum),hl
3283  8335
3284  8335 C1                   pop bc
3285  8336 D1                   pop de
3286  8337 E1                   pop hl
3287  8338 F1                   pop af
3288  8339
3289  8339 38 15                jr c,acont                                ; pokud B == pocetpolozek (carry po CP), skonči smyčku (nebo přepni režim) – dle logiky níže
3290  833B
3291  833B 78                   ld a,b
3292  833C B7                   or a
3293  833D 28 11                jr z,acont                                ; pokud B == 0, nic nepřišlo => konec
3294  833F
3295  833F 3A 85 87             ld a,(virtmem)
3296  8342 FE 02                cp 2
3297  8344 28 0A                jr z,acont                                ; limit virtmem na 2 (další stránky se už neberou)
3298  8346
3299  8346 CD D8 84             call CountMemory                          ; posune Count11+1 na konec posledního bloku v catbuff
3300  8349 EB                   ex de,hl                                  ; DE = ukazatel na další místo (podle CountMemory)
3301  834A 21 85 87             ld hl,virtmem
3302  834D 34                   inc (hl)                                  ; virtmem++
3303  834E
3304  834E 18 A4                jr aNextDirItem                           ; načti další blok katalogu
3305  8350
3306  8350              acont
3307  8350 F5                   push af
3308  8351
3309  8351                      ; zde se pracuje s dirNum a “dosret” pro NextBASIC (původní kód stylově)
3310  8351 2A 74 87             ld hl,(dirNum)
3311  8354
3312  8354 E1                   pop hl
3313  8355 22 6F 87             ld (dosret),hl                            ; uloží návratovou hodnotu (viditelné z NextBASIC dle komentáře v pův. kódu)
3314  8358
3315  8358 48                   ld c,b                                    ; BC = počet souborů? (low byte = B)
3316  8359 06 00                ld b,0
3317  835B
3318  835B F3                   di                                        ; bude se přepínat přes #7FFD
3319  835C
3320  835C C5                   push bc
3321  835D CD AE 83             call basicpage                            ; návrat na “základní stránku” (ZXOS/NextBASIC mapování)
3322  8360 C1                   pop bc
3323  8361 0B                   dec bc                                    ; úprava počtu (pravděpodobně korekce o 1 položku – bez spekulace proč)
3324  8362
3325  8362 CD D3 84             call NOBUFF83                             ; rutina níže běží z $A000, vrať tam programový kód
3326  8365 CD C2 84             call BUFF83                               ; přepni datovou stránku pro okno zpět (NextReg $55)
3327  8368
3328  8368                                                                ; Přeskočí první položku (catbuff+13), pak načítá LFN pro všechny položky
3329  8368 21 0D A0             ld hl,catbuff+13
3330  836B              askon
3331  836B CD DE 83             call getAllLFN                            ; interní: prochází catbuff a pro každou položku ukládá LFN do “paged bufferu”
3332  836E CD 23 D1             call sort_loaded_dir_trampoline
3333  8371 CD 43 7E             call getdir                               ; interní/external mix: aktualizace cesty (nemám celý include, neodhaduju)
3334  8374
3335  8374                      ; root detekce: path + 3 == 255
3336  8374 21 8F 87             ld hl,pathl
3337  8377 CD 50 7F             call ROZHOD2
3338  837A 7E                   ld a,(hl)
3339  837B 23                   inc hl
3340  837C 66                   ld h,(hl)
3341  837D 6F                   ld l,a
3342  837E 11 03 00             ld de,3
3343  8381 19                   add hl,de
3344  8382 7E                   ld a,(hl)
3345  8383 FE FF                cp 255
3346  8385 28 04                jr z,jetoroot
3347  8387 3E 01                ld a,1
3348  8389 18 01                jr nenitoroot
3349  838B              jetoroot
3350  838B AF                   xor a
3351  838C              nenitoroot
3352  838C 32 96 83             ld (pocatek+1),a                          ; self-modify: operand v “ld (hl),0” níže bude 0 nebo 1
3353  838F
3354  838F                                                                ; STARTWIN (word) pro aktivní okno nastav podle root/non-root
3355  838F 21 A9 89             ld hl,STARTWINL
3356  8392 CD 50 7F             call ROZHOD2
3357  8395 36 00        pocatek ld (hl),0                                 ; self-modify: nastav STARTWIN low byte
3358  8397 23                   inc hl
3359  8398 36 00                ld (hl),0                                 ; high byte musí být po načtení cfg nulový
3360  839A CD D3 84             call NOBUFF83                             ; vrátí stránkování NextReg $55 do defaultu
3361  839D
3362  839D C9                   ret
3363  839E
3364  839E
3365  839E                      ; ------------------------------------------------------------
3366  839E                      ; dospage / basicpage
3367  839E                      ; ------------------------------------------------------------
3368  839E                      ; Přepínání bankování přes port #7FFD (bankm je “shadow” poslední hodnoty).
3369  839E                      ; - dospage: reset bit4, OR 7  (mapování pro DOS rutiny)
3370  839E                      ; - basicpage: set bit4, AND #F8 (mapování pro “základ”/ZXOS)
3371  839E                      ; ------------------------------------------------------------
3372  839E              dospage
3373  839E 01 FD 7F             ld bc,port1
3374  83A1 3A 6A 87             ld a,(bankm)
3375  83A4 CB A7                res 4,a
3376  83A6 F6 07                or 7
3377  83A8 32 6A 87             ld (bankm),a
3378  83AB ED 79                out (c),a
3379  83AD C9                   ret
3380  83AE
3381  83AE              basicpage                                         ; nastránkuje základní stránku ZXOS
3382  83AE 01 FD 7F             ld bc,port1
3383  83B1 3A 6A 87             ld a,(bankm)
3384  83B4 CB E7                set 4,a
3385  83B6 E6 F8                and #F8
3386  83B8 32 6A 87             ld (bankm),a
3387  83BB ED 79                out (c),a
3388  83BD C9                   ret
3389  83BE
3390  83BE
3391  83BE                      ; ------------------------------------------------------------
3392  83BE                      ; getAllLFN
3393  83BE                      ; ------------------------------------------------------------
3394  83BE                      ; Projde položky v catbuff (13B záznamy) a pro každou položku:
3395  83BE                      ; - zavolá DOS funkci $01B7 pro získání LFN (long file name)
3396  83BE                      ; - uloží LFN + metadata (délka, datum, čas – ukládá se do LFNNAME+261..)
3397  83BE                      ; - zkopíruje maxlen bajtů do “paged” paměti na stránkách (NextReg $57), začátek #E000
3398  83BE                      ; - při zaplnění stránky posune Page+1 a resetuje InBuff na #E000
3399  83BE                      ; ------------------------------------------------------------
3400  83BE              DETT
3401  83BE 00 00 00...  discdetail      defs 30
3402  83DC
3403  83DC 18 3C        lfnpage defb 24,60                                ; stránky (pro L/R okno) – ROZHOD vybírá byte
3404  83DE
3405  83DE              getAllLFN
3406  83DE 21 00 00             ld hl,0
3407  83E1 22 71 87             ld (numLoop),hl                           ; počítadlo zpracovaných položek
3408  83E4
3409  83E4 21 00 E0             ld hl,#e000
3410  83E7 22 54 84             ld (InBuff+1),hl                          ; self-modify: kam v aktuální stránce ukládat
3411  83EA
3412  83EA                                                                ; zvol stránku pro LFN buffer podle aktivního okna
3413  83EA 21 DC 83             ld hl,lfnpage
3414  83ED CD 48 7F             call ROZHOD
3415  83F0 7E                   ld a,(hl)
3416  83F1 32 4F 84             ld (Page+1),a                             ; self-modify: nextreg $57,Page
3417  83F4
3418  83F4                                                                ; načti první 13B záznam z catbuff+0x0D do bufftmp (startovní položka)
3419  83F4 CD C2 84             call BUFF83
3420  83F7 21 0D A0             ld hl,catbuff+#d
3421  83FA 11 57 87             ld de,bufftmp
3422  83FD 01 0D 00             ld bc,13
3423  8400 ED B0                ldir
3424  8402 CD D3 84             call NOBUFF83
3425  8405
3426  8405 21 0D A0             ld hl,catbuff+#d
3427  8408 22 55 87             ld (tmpname),hl                           ; ukazatel na aktuální 13B záznam v catbuff
3428  840B
3429  840B                                                                ; BC = ALLFILES (word) pro aktivní okno; pokud 0 => nic nedělej
3430  840B 21 4F 87             ld hl,ALLFILES
3431  840E CD 50 7F             call ROZHOD2
3432  8411 7E                   ld a,(hl)
3433  8412 23                   inc hl
3434  8413 46                   ld b,(hl)
3435  8414 4F                   ld c,a
3436  8415 B0                   or b
3437  8416 C8                   ret z
3438  8417
3439  8417              LFN1
3440  8417 C5                   push bc
3441  8418
3442  8418                      ; numLoop++ (pouze statistika/ladění)
3443  8418 2A 71 87             ld hl,(numLoop)
3444  841B 23                   inc hl
3445  841C 22 71 87             ld (numLoop),hl
3446  841F 7D                   ld a,l
3447  8420 FE 30                cp 48                                     ; roughly 0.5 s of normal LFN work
3448  8422 CC 49 DD             call z,loading_status_draw
3449  8425
3450  8425 11 98 48     lfnpos  ld de,18560+24                            ; pozice ve VRAM (nejspíš ladění / nepoužité v tomto úryvku)
3451  8428
3452  8428 F3                   di                                        ; při DOS volání musí být správně nastránkovaná ROM
3453  8429
3454  8429 CD 9E 83             call dospage
3455  842C
3456  842C              BFN
3457  842C              BufferName
3458  842C 11 57 87             ld de,bufftmp                             ; 8.3 jméno (z catbuff) pro dotaz na LFN
3459  842F 21 6B 87             ld hl,stardstar                           ; (vstupní parametr DOSu – přesný význam bez spekulace)
3460  8432 DD 2A 66 87          ld ix,(savehl)                            ; DOS “context” z předchozího katalogu
3461  8436 01 C5 9C             ld bc,LFNNAME                             ; buffer pro výstup LFN
3462  8439 CD B7 01             call $01b7                                ; externí: zjisti LFN
3463  843C
3464  843C                                                                ; uloží “metadata” vedle LFNNAME (offsety 261..)
3465  843C DD 22 CA 9D          ld (LFNNAME + 261),ix                     ; délka? / pomocný návrat z DOSu (bez spekulace přesného významu)
3466  8440 22 CC 9D             ld (LFNNAME + 261 + 2),hl
3467  8443 ED 43 CE 9D          ld (LFNNAME + 261 + 4),bc                 ; datum
3468  8447 ED 53 D0 9D          ld (LFNNAME + 261 + 6),de                 ; čas
3469  844B
3470  844B CD AE 83             call basicpage
3471  844E
3472  844E 3E 18        Page    ld a,24
3473  8450 ED 92 57             nextreg $57,a                             ; nastránkuj stránku pro uložení LFN bloků
3474  8453
3475  8453 11 00 E0     InBuff  ld de,#e000                               ; self-modify: cílová adresa v aktuální stránce
3476  8456 21 C5 9C             ld hl,LFNNAME                             ; zdroj: LFN buffer
3477  8459 01 0D 01             ld bc,maxlen                              ; kolik bajtů ukládat z LFNNAME
3478  845C ED B0                ldir
3479  845E
3480  845E                      ; posuň se na další 13B položku v catbuff a zkopíruj ji do bufftmp
3481  845E CD C2 84             call BUFF83
3482  8461 2A 55 87             ld hl,(tmpname)
3483  8464 11 0D 00             ld de,13
3484  8467 19                   add hl,de
3485  8468 22 55 87             ld (tmpname),hl
3486  846B
3487  846B 11 57 87             ld de,bufftmp
3488  846E 01 0D 00             ld bc,13
3489  8471 ED B0                ldir
3490  8473 CD D3 84             call NOBUFF83
3491  8476
3492  8476                      ; obnov stránkování $57 a posuň InBuff o maxlen
3493  8476 3A 4F 84             ld a,(Page+1)
3494  8479 ED 92 57             nextreg $57,a
3495  847C
3496  847C 2A 54 84             ld hl,(InBuff+1)
3497  847F 11 0D 01             ld de,maxlen
3498  8482 19                   add hl,de
3499  8483 22 54 84             ld (InBuff+1),hl
3500  8486
3501  8486                      ; kontrola, jestli se InBuff nevejde (porovnání s #FFFF-261)
3502  8486 11 FA FE             ld de,#FFFF-261
3503  8489 B7                   or a
3504  848A ED 52                sbc hl,de
3505  848C 38 0A                jr c,contin                               ; pokud je ještě místo, pokračuj
3506  848E
3507  848E                                                                ; přeteklo: další stránka a reset InBuff na #E000
3508  848E 21 4F 84             ld hl,Page+1
3509  8491 34                   inc (hl)
3510  8492 21 00 E0             ld hl,#e000
3511  8495 22 54 84             ld (InBuff+1),hl
3512  8498
3513  8498              contin
3514  8498 C1                   pop bc
3515  8499 0B                   dec bc
3516  849A 78                   ld a,b
3517  849B B1                   or c
3518  849C C2 17 84             jp nz,LFN1
3519  849F
3520  849F              AAA
3521  849F C9                   ret
3522  84A0
3523  84A0
3524  84A0              ; ------------------------------------------------------------
3525  84A0              ; sort_loaded_dir
3526  84A0              ; ------------------------------------------------------------
3527  84A0              ; Selection sort nad právě načteným panelem. Společně přehazuje 13B DOS
3528  84A0              ; katalog a odpovídající maxlen LFN blok, takže všechny následné operace
3529  84A0              ; používají stále správné jméno, atributy, velikost, datum i čas.
3530  84A0              ; "." a ".." se neřadí. Při cfgDirsFirst se zvlášť seřadí souvislá skupina
3531  84A0              ; adresářů a zvlášť soubory.
3532  84A0              ; ------------------------------------------------------------
3533  84A0                      MACRO emit_sort_code
3534  84A0 ~            sort_loaded_dir
3535  84A0 ~                    ld hl,ALLFILES
3536  84A0 ~                    call ROZHOD2
3537  84A0 ~                    ld a,(hl)                                ; katalog má nejvýše pocetpolozek (200)
3538  84A0 ~                    cp 2
3539  84A0 ~                    ret c
3540  84A0 ~                    ld (sortEnd),a
3541  84A0 ~
3542  84A0 ~                    xor a
3543  84A0 ~                    ld (sortStart),a
3544  84A0 ~                    call sort_skip_dot
3545  84A0 ~                    call sort_skip_dot
3546  84A0 ~
3547  84A0 ~                    ld a,(sortEnd)
3548  84A0 ~                    ld (sortRangeEnd),a
3549  84A0 ~                    call sort_range
3550  84A0 ~                    nextreg $56,0                             ; MMU6 zpet na stranku 0 = kod casti 2 na $C000
3551  84A0 ~                    ret
3552  84A0 ~
3553  84A0 ~            sort_skip_dot
3554  84A0 ~                    ld a,(sortStart)
3555  84A0 ~                    ld b,a
3556  84A0 ~                    ld a,(sortEnd)
3557  84A0 ~                    cp b
3558  84A0 ~                    ret z
3559  84A0 ~                    ld a,b
3560  84A0 ~                    call sort_cat_ptr
3561  84A0 ~                    ld a,(hl)
3562  84A0 ~                    and $7f
3563  84A0 ~                    cp "."
3564  84A0 ~                    call NOBUFF83
3565  84A0 ~                    ret nz
3566  84A0 ~                    ld hl,sortStart
3567  84A0 ~                    inc (hl)
3568  84A0 ~                    ret
3569  84A0 ~
3570  84A0 ~            ; A = fyzický index položky (0 = catbuff+13), HL = ukazatel v katalogové bance
3571  84A0 ~            sort_cat_ptr
3572  84A0 ~                    ld l,a
3573  84A0 ~                    ld h,0
3574  84A0 ~                    ld b,13
3575  84A0 ~                    call mull
3576  84A0 ~                    ld de,catbuff+13
3577  84A0 ~                    add hl,de
3578  84A0 ~                    call BUFF83
3579  84A0 ~                    ret
3580  84A0 ~
3581  84A0 ~            sort_range
3582  84A0 ~                    ld a,(sortStart)
3583  84A0 ~                    ld (sortOuter),a
3584  84A0 ~            .outer
3585  84A0 ~                    ld a,(sortOuter)
3586  84A0 ~                    inc a
3587  84A0 ~                    ld b,a
3588  84A0 ~                    ld a,(sortRangeEnd)
3589  84A0 ~                    cp b
3590  84A0 ~                    ret c
3591  84A0 ~                    ret z
3592  84A0 ~
3593  84A0 ~                    ld a,(sortOuter)
3594  84A0 ~                    ld (sortBest),a
3595  84A0 ~                    ld de,LFNNAME2
3596  84A0 ~                    call sort_load_lfn
3597  84A0 ~
3598  84A0 ~                    ld a,(sortOuter)
3599  84A0 ~                    inc a
3600  84A0 ~                    ld (sortCandidate),a
3601  84A0 ~            .inner
3602  84A0 ~                    ld a,(sortCandidate)
3603  84A0 ~                    ld b,a
3604  84A0 ~                    ld a,(sortRangeEnd)
3605  84A0 ~                    cp b
3606  84A0 ~                    jr z,.selected
3607  84A0 ~
3608  84A0 ~                    ld a,b
3609  84A0 ~                    ld de,LFNNAME
3610  84A0 ~                    call sort_load_lfn
3611  84A0 ~                    call sort_candidate_before_best
3612  84A0 ~                    jr nc,.next_candidate
3613  84A0 ~                    ld a,(sortCandidate)
3614  84A0 ~                    ld (sortBest),a
3615  84A0 ~                    ld hl,LFNNAME
3616  84A0 ~                    ld de,LFNNAME2
3617  84A0 ~                    ld bc,maxlen
3618  84A0 ~                    ldir
3619  84A0 ~            .next_candidate
3620  84A0 ~                    ld hl,sortCandidate
3621  84A0 ~                    inc (hl)
3622  84A0 ~                    jr .inner
3623  84A0 ~
3624  84A0 ~            .selected
3625  84A0 ~                    ld a,(sortBest)
3626  84A0 ~                    ld b,a
3627  84A0 ~                    ld a,(sortOuter)
3628  84A0 ~                    cp b
3629  84A0 ~                    call nz,sort_swap_items
3630  84A0 ~                    ld hl,sortOuter
3631  84A0 ~                    inc (hl)
3632  84A0 ~                    jr .outer
3633  84A0 ~
3634  84A0 ~            ; C=1 pokud LFNNAME (candidate) patří před LFNNAME2 (best)
3635  84A0 ~            sort_candidate_before_best
3636  84A0 ~                    ; Speciální adresáře mají vždy pořadí "." -> ".." -> ostatní.
3637  84A0 ~                    ld a,(sortCandidate)
3638  84A0 ~                    call sort_item_dot_rank
3639  84A0 ~                    ld (sortTempKey),a
3640  84A0 ~                    ld a,(sortBest)
3641  84A0 ~                    call sort_item_dot_rank
3642  84A0 ~                    ld b,a
3643  84A0 ~                    ld a,(sortTempKey)
3644  84A0 ~                    cp b
3645  84A0 ~                    jr z,.not_dot_priority
3646  84A0 ~                    jr nc,.dot_before
3647  84A0 ~                    or a
3648  84A0 ~                    ret
3649  84A0 ~            .dot_before
3650  84A0 ~                    scf
3651  84A0 ~                    ret
3652  84A0 ~            .not_dot_priority
3653  84A0 ~                    ; DIRS FIRST je primární klíč, vlastní způsob řazení až sekundární.
3654  84A0 ~                    ld a,(cfgDirsFirst)
3655  84A0 ~                    or a
3656  84A0 ~                    jr z,.same_kind
3657  84A0 ~                    ld a,(sortCandidate)
3658  84A0 ~                    call sort_item_is_dir
3659  84A0 ~                    ld (sortTempKey),a
3660  84A0 ~                    ld a,(sortBest)
3661  84A0 ~                    call sort_item_is_dir
3662  84A0 ~                    ld b,a
3663  84A0 ~                    ld a,(sortTempKey)
3664  84A0 ~                    cp b
3665  84A0 ~                    jr z,.same_kind
3666  84A0 ~                    or a
3667  84A0 ~                    jr nz,.dir_before
3668  84A0 ~                    or a
3669  84A0 ~                    ret
3670  84A0 ~            .dir_before
3671  84A0 ~                    scf
3672  84A0 ~                    ret
3673  84A0 ~            .same_kind
3674  84A0 ~                    ld a,(cfgSortMode)
3675  84A0 ~                    cp 2
3676  84A0 ~                    jp z,sort_compare_date
3677  84A0 ~                    cp 1
3678  84A0 ~                    jp z,sort_compare_extension
3679  84A0 ~            sort_compare_name
3680  84A0 ~                    ld hl,LFNNAME
3681  84A0 ~                    ld de,LFNNAME2
3682  84A0 ~            sort_compare_strings
3683  84A0 ~                    ld b,0                                    ; max. 256 znaků LFN
3684  84A0 ~            .loop
3685  84A0 ~                    ld a,(de)
3686  84A0 ~                    call sort_normalize_char
3687  84A0 ~                    ld c,a
3688  84A0 ~                    ld a,(hl)
3689  84A0 ~                    call sort_normalize_char
3690  84A0 ~                    cp c
3691  84A0 ~                    jr c,.before
3692  84A0 ~                    jr nz,.after
3693  84A0 ~                    or a
3694  84A0 ~                    jr z,.equal
3695  84A0 ~                    inc hl
3696  84A0 ~                    inc de
3697  84A0 ~                    djnz .loop
3698  84A0 ~            .equal
3699  84A0 ~                    or a
3700  84A0 ~                    ret
3701  84A0 ~            .before
3702  84A0 ~                    scf
3703  84A0 ~                    ret
3704  84A0 ~            .after
3705  84A0 ~                    or a
3706  84A0 ~                    ret
3707  84A0 ~
3708  84A0 ~            sort_normalize_char
3709  84A0 ~                    cp 255
3710  84A0 ~                    jr z,.zero
3711  84A0 ~                    or a
3712  84A0 ~                    ret z
3713  84A0 ~                    cp "a"
3714  84A0 ~                    ret c
3715  84A0 ~                    cp "z"+1
3716  84A0 ~                    ret nc
3717  84A0 ~                    sub 32
3718  84A0 ~                    ret
3719  84A0 ~            .zero
3720  84A0 ~                    xor a
3721  84A0 ~                    ret
3722  84A0 ~
3723  84A0 ~            sort_item_is_dir
3724  84A0 ~                    call sort_cat_ptr
3725  84A0 ~                    ld de,7
3726  84A0 ~                    add hl,de
3727  84A0 ~                    ld a,(hl)
3728  84A0 ~                    rlca
3729  84A0 ~                    and 1
3730  84A0 ~                    push af
3731  84A0 ~                    call NOBUFF83
3732  84A0 ~                    pop af
3733  84A0 ~                    ret
3734  84A0 ~
3735  84A0 ~            sort_item_dot_rank
3736  84A0 ~                    call sort_cat_ptr
3737  84A0 ~                    ld a,(hl)
3738  84A0 ~                    and $7f
3739  84A0 ~                    cp "."
3740  84A0 ~                    jr nz,.normal
3741  84A0 ~                    inc hl
3742  84A0 ~                    ld a,(hl)
3743  84A0 ~                    and $7f
3744  84A0 ~                    cp 32
3745  84A0 ~                    jr z,.one_dot
3746  84A0 ~                    cp "."
3747  84A0 ~                    jr nz,.normal
3748  84A0 ~                    ld b,1
3749  84A0 ~                    jr .dot_done
3750  84A0 ~            .one_dot
3751  84A0 ~                    ld b,2
3752  84A0 ~                    jr .dot_done
3753  84A0 ~            .normal
3754  84A0 ~                    ld b,0
3755  84A0 ~            .dot_done
3756  84A0 ~                    push bc
3757  84A0 ~                    call NOBUFF83
3758  84A0 ~                    pop bc
3759  84A0 ~                    ld a,b
3760  84A0 ~                    ret
3761  84A0 ~
3762  84A0 ~            sort_compare_extension
3763  84A0 ~                    ld hl,LFNNAME
3764  84A0 ~                    call sort_find_extension
3765  84A0 ~                    push hl
3766  84A0 ~                    ld hl,LFNNAME2
3767  84A0 ~                    call sort_find_extension
3768  84A0 ~                    ex de,hl
3769  84A0 ~                    pop hl
3770  84A0 ~                    call sort_compare_strings
3771  84A0 ~                    ret c
3772  84A0 ~                    ret nz
3773  84A0 ~                    jp sort_compare_name
3774  84A0 ~
3775  84A0 ~            ; HL = jméno, vrací HL = znak za poslední tečkou (nebo terminátor)
3776  84A0 ~            sort_find_extension
3777  84A0 ~                    ld de,0                                   ; bez tečky se porovnává prázdná přípona
3778  84A0 ~                    ld b,0
3779  84A0 ~            .scan
3780  84A0 ~                    ld a,(hl)
3781  84A0 ~                    cp 255
3782  84A0 ~                    jr z,.done
3783  84A0 ~                    or a
3784  84A0 ~                    jr z,.done
3785  84A0 ~                    cp "."
3786  84A0 ~                    jr nz,.next
3787  84A0 ~                    push hl
3788  84A0 ~                    pop de
3789  84A0 ~                    inc de
3790  84A0 ~            .next
3791  84A0 ~                    inc hl
3792  84A0 ~                    djnz .scan
3793  84A0 ~            .done
3794  84A0 ~                    ld a,d
3795  84A0 ~                    or e
3796  84A0 ~                    ret z                                    ; HL už ukazuje na terminátor
3797  84A0 ~                    ex de,hl
3798  84A0 ~                    ret
3799  84A0 ~
3800  84A0 ~            ; Datum a čas sestupně (nejnovější první), při shodě jméno.
3801  84A0 ~            sort_compare_date
3802  84A0 ~                    ld hl,(LFNNAME+265)
3803  84A0 ~                    ld de,(LFNNAME2+265)
3804  84A0 ~                    ld a,h
3805  84A0 ~                    cp d
3806  84A0 ~                    jr c,.date_after
3807  84A0 ~                    jr nz,.date_before
3808  84A0 ~                    ld a,l
3809  84A0 ~                    cp e
3810  84A0 ~                    jr c,.date_after
3811  84A0 ~                    jr nz,.date_before
3812  84A0 ~                    ld hl,(LFNNAME+267)
3813  84A0 ~                    ld de,(LFNNAME2+267)
3814  84A0 ~                    ld a,h
3815  84A0 ~                    cp d
3816  84A0 ~                    jr c,.date_after
3817  84A0 ~                    jr nz,.date_before
3818  84A0 ~                    ld a,l
3819  84A0 ~                    cp e
3820  84A0 ~                    jr c,.date_after
3821  84A0 ~                    jr nz,.date_before
3822  84A0 ~                    jp sort_compare_name
3823  84A0 ~            .date_before
3824  84A0 ~                    scf
3825  84A0 ~                    ret
3826  84A0 ~            .date_after
3827  84A0 ~                    or a
3828  84A0 ~                    ret
3829  84A0 ~
3830  84A0 ~            ; A=index, DE=cílový buffer
3831  84A0 ~            sort_load_lfn
3832  84A0 ~                    push de
3833  84A0 ~                    call sort_lfn_ptr
3834  84A0 ~                    pop de
3835  84A0 ~                    ld bc,maxlen
3836  84A0 ~                    ldir
3837  84A0 ~                    nextreg $56,0                             ; MMU6 zpet na stranku 0 = kod casti 2 na $C000
3838  84A0 ~                    ret
3839  84A0 ~
3840  84A0 ~            ; A=index, HL=zdrojový buffer
3841  84A0 ~            sort_store_lfn
3842  84A0 ~                    push hl
3843  84A0 ~                    call sort_lfn_ptr
3844  84A0 ~                    ex de,hl                                 ; DE = cíl v bance
3845  84A0 ~                    pop hl                                   ; HL = zdroj
3846  84A0 ~                    ld bc,maxlen
3847  84A0 ~                    ldir
3848  84A0 ~                    nextreg $56,0                             ; MMU6 zpet na stranku 0 = kod casti 2 na $C000
3849  84A0 ~                    ret
3850  84A0 ~
3851  84A0 ~            ; A=index, vrací HL=adresa LFN bloku na $C000 a namapuje LFN stránku do MMU6.
3852  84A0 ~            ; MMU7 použít nelze – v něm běží tenhle kód (extra banka, stránka 90).
3853  84A0 ~            sort_lfn_ptr
3854  84A0 ~                    ld c,0                                   ; číslo stránky nad základem
3855  84A0 ~            .divide30
3856  84A0 ~                    cp 30
3857  84A0 ~                    jr c,.remainder
3858  84A0 ~                    sub 30
3859  84A0 ~                    inc c
3860  84A0 ~                    jr .divide30
3861  84A0 ~            .remainder
3862  84A0 ~                    ld e,a
3863  84A0 ~                    ld d,0
3864  84A0 ~                    ld hl,0
3865  84A0 ~                    ld b,e
3866  84A0 ~                    ld de,maxlen
3867  84A0 ~                    ld a,b
3868  84A0 ~                    or a
3869  84A0 ~                    jr z,.offset_done
3870  84A0 ~            .multiply
3871  84A0 ~                    add hl,de
3872  84A0 ~                    djnz .multiply
3873  84A0 ~            .offset_done
3874  84A0 ~                    ld de,#c000
3875  84A0 ~                    add hl,de
3876  84A0 ~                    push hl
3877  84A0 ~                    ld hl,lfnpage
3878  84A0 ~                    call ROZHOD
3879  84A0 ~                    ld a,(hl)
3880  84A0 ~                    add a,c
3881  84A0 ~                    nextreg $56,a
3882  84A0 ~                    pop hl
3883  84A0 ~                    ret
3884  84A0 ~
3885  84A0 ~            ; A=outer, B=best
3886  84A0 ~            sort_swap_items
3887  84A0 ~                    ld (sortSwapA),a
3888  84A0 ~                    ld a,b
3889  84A0 ~                    ld (sortSwapB),a
3890  84A0 ~
3891  84A0 ~                    ld a,(sortSwapA)
3892  84A0 ~                    ld de,LFNNAME2
3893  84A0 ~                    call sort_load_lfn
3894  84A0 ~                    ld a,(sortSwapB)
3895  84A0 ~                    ld de,LFNNAME
3896  84A0 ~                    call sort_load_lfn
3897  84A0 ~                    ld a,(sortSwapA)
3898  84A0 ~                    ld hl,LFNNAME
3899  84A0 ~                    call sort_store_lfn
3900  84A0 ~                    ld a,(sortSwapB)
3901  84A0 ~                    ld hl,LFNNAME2
3902  84A0 ~                    call sort_store_lfn
3903  84A0 ~
3904  84A0 ~                    ld a,(sortSwapA)
3905  84A0 ~                    call sort_cat_ptr
3906  84A0 ~                    ld de,bufftmp
3907  84A0 ~                    ld bc,13
3908  84A0 ~                    ldir
3909  84A0 ~                    call NOBUFF83
3910  84A0 ~
3911  84A0 ~                    ld a,(sortSwapB)
3912  84A0 ~                    call sort_cat_ptr
3913  84A0 ~                    push hl
3914  84A0 ~                    ld de,LFNNAME                            ; dočasných 13 B
3915  84A0 ~                    ld bc,13
3916  84A0 ~                    ldir
3917  84A0 ~                    pop de
3918  84A0 ~                    ld hl,bufftmp
3919  84A0 ~                    ld bc,13
3920  84A0 ~                    ldir
3921  84A0 ~                    call NOBUFF83
3922  84A0 ~
3923  84A0 ~                    ld a,(sortSwapA)
3924  84A0 ~                    call sort_cat_ptr
3925  84A0 ~                    ex de,hl
3926  84A0 ~                    ld hl,LFNNAME
3927  84A0 ~                    ld bc,13
3928  84A0 ~                    ldir
3929  84A0 ~                    call NOBUFF83
3930  84A0 ~                    ret
3931  84A0 ~
3932  84A0 ~            sortStart      defb 0
3933  84A0 ~            sortEnd        defb 0
3934  84A0 ~            sortRangeEnd   defb 0
3935  84A0 ~            sortOuter      defb 0
3936  84A0 ~            sortCandidate  defb 0
3937  84A0 ~            sortBest       defb 0
3938  84A0 ~            sortSwapA      defb 0
3939  84A0 ~            sortSwapB      defb 0
3940  84A0 ~            sortTempKey    defb 0
3941  84A0                      ENDM
3942  84A0
3943  84A0
3944  84A0                      ; ------------------------------------------------------------
3945  84A0                      ; deleno8 / deleno
3946  84A0                      ; ------------------------------------------------------------
3947  84A0                      ; Pomocné dělení:
3948  84A0                      ; - deleno8: D/E -> D=quotient, A=remainder (8 bit)
3949  84A0                      ; - deleno : HL/C -> HL=quotient, A=remainder (16 bit)
3950  84A0                      ; ------------------------------------------------------------
3951  84A0                      ; Input: D = Dividend, E = Divisor, A = 0
3952  84A0                      ; Output: D = Quotient, A = Remainder
3953  84A0              deleno8
3954  84A0 AF                   xor a
3955  84A1 06 08                ld b,8
3956  84A3 CB 22        de8     sla d
3957  84A5 17                   rla
3958  84A6 BB                   cp e
3959  84A7 38 02                jr c,$+4
3960  84A9 93                   sub e
3961  84AA 14                   inc d
3962  84AB 10 F6                djnz de8
3963  84AD C9                   ret
3964  84AE
3965  84AE                      ; Input: HL = Dividend, C = Divisor, A = 0
3966  84AE                      ; Output: HL = Quotient, A = Remainder
3967  84AE              deleno
3968  84AE AF                   xor a
3969  84AF 06 10                ld b,16
3970  84B1              de
3971  84B1 29                   add hl,hl
3972  84B2 17                   rla
3973  84B3 B9                   cp c
3974  84B4 38 02                jr c,de1
3975  84B6 91                   sub c
3976  84B7 2C                   inc l
3977  84B8 10 F7        de1     djnz de
3978  84BA C9                   ret
3979  84BB
3980  84BB
3981  84BB 00 00        addrlfn dw 0
3982  84BD
3983  84BD
3984  84BD              ; ------------------------------------------------------------
3985  84BD              ; BUFF83 / NOBUFF83
3986  84BD              ; ------------------------------------------------------------
3987  84BD              ; Přepíná NextReg $55 na stránku dat podle aktivního okna (buffl/buffr),
3988  84BD              ; a vrací zpět na default (5).
3989  84BD              ; ------------------------------------------------------------
3990  84BD              setspace
3991  84BD 36 20                ld (hl),32
3992  84BF C9                   ret
3993  84C0
3994  84C0 4A           buffl   defb 74; 20
3995  84C1 4C           buffr   defb 76; 22
3996  84C2
3997  84C2              BUFF83
3998  84C2 E5                   push hl
3999  84C3 D5                   push de
4000  84C4 F5                   push af
4001  84C5 21 C0 84             ld hl,buffl
4002  84C8 CD 48 7F             call ROZHOD
4003  84CB 7E                   ld a,(hl)
4004  84CC ED 92 55             nextreg $55,a                             ; nastránkuj data pro správné okno
4005  84CF F1                   pop af
4006  84D0 D1                   pop de
4007  84D1 E1                   pop hl
4008  84D2 C9                   ret
4009  84D3
4010  84D3              NOBUFF83
4011  84D3 ED 91 55 05          nextreg $55,5
4012  84D7 C9                   ret
4013  84D8
4014  84D8
4015  84D8                      ; ------------------------------------------------------------
4016  84D8                      ; CountMemory
4017  84D8                      ; ------------------------------------------------------------
4018  84D8                      ; Posune “Count11+1” (self-modify ukazatel) na poslední položku v catbuff bloku:
4019  84D8                      ; hl = catbuff + 13*(pocetpolozek-1)
4020  84D8                      ; Používá se při iterativním načítání katalogu po blocích.
4021  84D8                      ; ------------------------------------------------------------
4022  84D8              CountMemory
4023  84D8 11 1B 0A             ld de,13*(pocetpolozek-1)
4024  84DB 21 00 A0     Count11  ld hl,catbuff                            ; self-modify: base adresa se průběžně posouvá
4025  84DE 19                   add hl,de
4026  84DF 22 DC 84             ld (Count11+1),hl
4027  84E2 C9                   ret
4028  84E3
4029  84E3
4030  84E3 44 72 69 76  changedrivetxt defb "Drive:",0
4030  84E7 65 3A 00
4031  84EA 45 4E 54 45  selecttxt     defb "ENTER",0
4031  84EE 52 00
4032  84F0
4033  84F0
4034  84F0              ; ------------------------------------------------------------
4035  84F0              ; enterdrv
4036  84F0              ; ------------------------------------------------------------
4037  84F0              ; Potvrzení vybraného disku (posdrv) pro aktivní okno:
4038  84F0              ; - přepne disk přes $012D
4039  84F0              ; - uloží písmeno do actdisc (L/R dle OKNO)
4040  84F0              ; - aktualizuje dir a znovu načte katalog + překreslení okna
4041  84F0              ; ------------------------------------------------------------
4042  84F0              enterdrv
4043  84F0 CD 9E 83             call dospage
4044  84F3
4045  84F3              HNH
4046  84F3                      ; A = listdisc[posdrv]
4047  84F3 3A 0E 87             ld a,(posdrv)
4048  84F6 5F                   ld e,a
4049  84F7 16 00                ld d,0
4050  84F9 21 9C 75             ld hl,listdisc
4051  84FC 19                   add hl,de
4052  84FD 7E                   ld a,(hl)
4053  84FE F5                   push af
4054  84FF
4055  84FF CD 2D 01             call $012d                                ; externí: změna disku
4056  8502
4057  8502                                                                ; načti ukazatel path pro aktivní okno (bez dalšího použití v tomto úryvku)
4058  8502 21 8F 87             ld hl,pathl
4059  8505 CD 50 7F             call ROZHOD2
4060  8508 7E                   ld a,(hl)
4061  8509 23                   inc hl
4062  850A 66                   ld h,(hl)
4063  850B 6F                   ld l,a
4064  850C
4065  850C                      ; actdisc (L/R) = vybraný disk
4066  850C 21 8D 87             ld hl,actdisc
4067  850F CD 48 7F             call ROZHOD
4068  8512 F1                   pop af
4069  8513 77                   ld (hl),a
4070  8514
4071  8514 CD AE 83             call basicpage
4072  8517 CD 43 7E             call getdir                               ; aktualizace cesty (externí/include)
4073  851A
4074  851A                                                                ; reset ALLFILES a POSKURZ pro aktivní okno
4075  851A 21 4F 87             ld hl,ALLFILES
4076  851D CD 50 7F             call ROZHOD2
4077  8520 AF                   xor a
4078  8521 77                   ld (hl),a
4079  8522 23                   inc hl
4080  8523 77                   ld (hl),a
4081  8524
4082  8524 21 A3 89             ld hl,POSKURZL
4083  8527 CD 48 7F             call ROZHOD
4084  852A AF                   xor a
4085  852B 77                   ld (hl),a
4086  852C
4087  852C CD B3 82     RLD     call reload_dir
4088  852F
4089  852F                      ; vykresli rám okna
4090  852F 21 6E 7E             ld hl,pozicel
4091  8532 CD 50 7F             call ROZHOD2
4092  8535 7E                   ld a,(hl)
4093  8536 23                   inc hl
4094  8537 66                   ld h,(hl)
4095  8538 6F                   ld l,a
4096  8539
4097  8539 01 1B 26             ld bc,38 * 256 + 27
4098  853C 3E 00                ld a,0
4099  853E CD 2C 81             call window
4100  8541
4101  8541                      ; root detekce podle path+3 (255) a připrav “astar” self-modify pro getroot/showwin
4102  8541 21 8F 87             ld hl,pathl
4103  8544 CD 50 7F             call ROZHOD2
4104  8547 7E                   ld a,(hl)
4105  8548 23                   inc hl
4106  8549 66                   ld h,(hl)
4107  854A 6F                   ld l,a
4108  854B 11 03 00             ld de,3
4109  854E 19                   add hl,de
4110  854F 7E                   ld a,(hl)
4111  8550 FE FF                cp 255
4112  8552 28 07                jr z,aroot
4113  8554 3E 01                ld a,1
4114  8556 32 6D 85             ld (astar+1),a
4115  8559 18 04                jr arcont
4116  855B AF           aroot   xor a
4117  855C 32 6D 85             ld (astar+1),a
4118  855F              arcont
4119  855F                      ; nastav adrs+1 pro showwin podle panelu
4120  855F 21 72 7E             ld hl,adrl
4121  8562 CD 50 7F             call ROZHOD2
4122  8565 7E                   ld a,(hl)
4123  8566 23                   inc hl
4124  8567 66                   ld h,(hl)
4125  8568 6F                   ld l,a
4126  8569 22 A3 C8             ld (adrs+1),hl
4127  856C
4128  856C 21 01 00     astar   ld hl,1                                   ; self-modify 0/1
4129  856F
4130  856F                                                                ; pokud ALLFILES==0, návrat do loop0
4131  856F E5                   push hl
4132  8570 21 4F 87             ld hl,ALLFILES
4133  8573 CD 50 7F             call ROZHOD2
4134  8576 7E                   ld a,(hl)
4135  8577 23                   inc hl
4136  8578 66                   ld h,(hl)
4137  8579 B4                   or h
4138  857A E1                   pop hl
4139  857B CA 83 72             jp z,loop0
4140  857E
4141  857E                      ; vykresli listing + kurzor
4142  857E CD 4B C7             call showwin                              ; externí
4143  8581 3E 20                ld a,32
4144  8583 CD 18 7F             call writecur                             ; interní
4145  8586
4146  8586                                                                ; reset ALLPOS/STARTWIN podle root
4147  8586 21 8F 87             ld hl,pathl
4148  8589 CD 50 7F             call ROZHOD2
4149  858C 7E                   ld a,(hl)
4150  858D 23                   inc hl
4151  858E 66                   ld h,(hl)
4152  858F 6F                   ld l,a
4153  8590 11 03 00             ld de,3
4154  8593 19                   add hl,de
4155  8594 7E                   ld a,(hl)
4156  8595 FE FF                cp 255
4157  8597 28 05                jr z,asnula
4158  8599 21 01 00             ld hl,1
4159  859C 18 03                jr ascont
4160  859E 21 00 00     asnula  ld hl,0
4161  85A1              ascont
4162  85A1
4163  85A1 21 A5 89             ld hl,ALLPOSL
4164  85A4 CD 50 7F             call ROZHOD2
4165  85A7 36 00                ld (hl),0
4166  85A9
4167  85A9 21 A9 89             ld hl,STARTWINL
4168  85AC CD 50 7F             call ROZHOD2
4169  85AF E5                   push hl
4170  85B0 CD 25 7E             call getroot_reload                       ; interní
4171  85B3 D1                   pop de
4172  85B4 EB                   ex de,hl
4173  85B5
4174  85B5 73                   ld (hl),e
4175  85B6 23                   inc hl
4176  85B7 72                   ld (hl),d
4177  85B8
4178  85B8                      ; redraw + další UI
4179  85B8 CD 4B C7             call showwin
4180  85BB 3E 20                ld a,32
4181  85BD CD 18 7F             call writecur
4182  85C0 CD 67 8F             call GETDIR                               ; externí/include
4183  85C3 CD 9C A8             call zobraz_nadpis                        ; externí/include
4184  85C6 C3 83 72             jp loop0
4185  85C9
4186  85C9
4187  85C9 20 28 72 61  ramdisc defb " (ramdisc)",0
4187  85CD 6D 64 69 73
4187  85D1 63 29 00
4188  85D4 20 28 64 69  image   defb " (disc image)  ",0
4188  85D8 73 63 20 69
4188  85DC 6D 61 67 65
4188  85E0 29 20 20 00
4189  85E4 20 28 53 44  sdcard  defb " (SD card)",0
4189  85E8 20 63 61 72
4189  85EC 64 29 00
4190  85EF
4191  85EF
4192  85EF              ; ------------------------------------------------------------
4193  85EF              ; writecurdrv
4194  85EF              ; ------------------------------------------------------------
4195  85EF              ; Vykreslí “kurzor” v menu výběru disku podle posdrv.
4196  85EF              ; - cíl (kkam+1) se volí podle aktivního panelu
4197  85EF              ; - barva/atribut se bere z A (chngcol+1 self-modify)
4198  85EF              ; ------------------------------------------------------------
4199  85EF              writecurdrv
4200  85EF F5                   push af
4201  85F0
4202  85F0                      ; podle lftw (L/R?) zvol základní adresu v obrazovce
4203  85F0 21 76 C4             ld hl,lftw
4204  85F3 CD 48 7F             call ROZHOD
4205  85F6 7E                   ld a,(hl)
4206  85F7 B7                   or a
4207  85F8 28 08                jr z,levy_panel
4208  85FA
4209  85FA 21 5F 45             ld hl,$4000 + 160*8 + 17 + 78
4210  85FD 22 18 86             ld (kkam +1),hl
4211  8600 18 06                jr pravy_panel
4212  8602
4213  8602              levy_panel
4214  8602 21 0F 45             ld hl,$4000 + 160*8 + 15
4215  8605 22 18 86             ld (kkam +1),hl
4216  8608
4217  8608              pravy_panel
4218  8608 F1                   pop af
4219  8609 CD 08 81             call cc_map_palette_attr
4220  860C 32 1E 86             ld (chngcol+1),a                          ; self-modify: barva/atribut kurzoru
4221  860F
4222  860F                                                                ; posuň se o (posdrv * 160) řádků
4223  860F 3A 0E 87             ld a,(posdrv)
4224  8612 5F                   ld e,a
4225  8613 16 A0                ld d,160
4226  8615 ED 30                mul d,e
4227  8617
4228  8617 21 00 00     kkam    ld hl,0                                   ; self-modify: base adresa
4229  861A 19                   add hl,de
4230  861B
4231  861B                      ; vykresli 15 znaků “atributu” (krok po 2 B)
4232  861B 06 0F                ld b,15
4233  861D              wrcurdrv
4234  861D 36 40        chngcol ld (hl),64
4235  861F 23                   inc hl
4236  8620 23                   inc hl
4237  8621 10 FA                djnz wrcurdrv
4238  8623
4239  8623 C9                   ret
4240  8624
4241  8624
4242  8624                      ; ------------------------------------------------------------
4243  8624                      ; chng_save
4244  8624                      ; ------------------------------------------------------------
4245  8624                      ; Uloží změnu atributů souboru (R/O, SYS, ARCH) – z TMP83+7..:
4246  8624                      ; - sestaví masku v E podle stavů v TMP83
4247  8624                      ; - přepíše extension (TMP83+8..+10) do záznamu v katalogu (foundfile+8)
4248  8624                      ; - vyčistí bit7 v názvu (TMP83[0..10])
4249  8624                      ; - nastaví terminátor 255 a zavolá ROM rutinu 0148h (externí) pro zápis atributů
4250  8624                      ; ------------------------------------------------------------
4251  8624              chng_save
4252  8624 CD 9E 83             call dospage
4253  8627
4254  8627 16 07                ld d,00000111b
4255  8629 1E 00                ld e,0
4256  862B DD 21 9F 7F          ld ix,TMP83+7
4257  862F
4258  862F DD CB 01 7E          bit 7,(ix+1)
4259  8633 CC 7A 86             call z,clr_ro
4260  8636 DD CB 02 7E          bit 7,(ix+2)
4261  863A CC 7D 86             call z,clr_sys
4262  863D DD CB 03 7E          bit 7,(ix+3)
4263  8641 CC 80 86             call z,clr_arch
4264  8644
4265  8644 D5                   push de
4266  8645
4267  8645                      ; přepiš 3B extension v katalogovém záznamu (foundfile+8)
4268  8645 2A 96 7F             ld hl,(foundfile)
4269  8648 CD C2 84             call BUFF83
4270  864B 11 08 00             ld de,8
4271  864E 19                   add hl,de
4272  864F EB                   ex de,hl
4273  8650 21 A0 7F             ld hl,TMP83+8
4274  8653 01 03 00             ld bc,3
4275  8656 ED B0                ldir
4276  8658 CD D3 84             call NOBUFF83
4277  865B
4278  865B                      ; očisti bit7 u názvu (prvních 11 znaků)
4279  865B 21 98 7F             ld hl,TMP83
4280  865E 06 0B                ld b,11
4281  8660              c_save
4282  8660 CB BE                res 7,(hl)
4283  8662 23                   inc hl
4284  8663 10 FB                djnz c_save
4285  8665
4286  8665                      ; terminátor pro DOS/ROM rutiny pracující s 8.3
4287  8665 21 98 7F             ld hl,TMP83
4288  8668 3E FF                ld a,255
4289  866A 32 A3 7F             ld (TMP83+11),a
4290  866D
4291  866D D1                   pop de
4292  866E CD 48 01             call 0148h                                ; externí: změna atributů (přesný význam registrů neodhadovat)
4293  8671
4294  8671 CD AE 83             call basicpage
4295  8674 CD CA 7E             call loadscr
4296  8677 C3 83 72             jp loop0
4297  867A
4298  867A              clr_ro
4299  867A CB D3                set 2,e
4300  867C C9                   ret
4301  867D              clr_sys
4302  867D CB CB                set 1,e
4303  867F C9                   ret
4304  8680              clr_arch
4305  8680 CB C3                set 0,e
4306  8682 C9                   ret
4307  8683
4308  8683
4309  8683                      ; ------------------------------------------------------------
4310  8683                      ; zapisCfg
4311  8683                      ; ------------------------------------------------------------
4312  8683                      ; Zapíše konfigurační soubor cc.cfg vždy do c:/sys
4313  8683                      ; - přepne cestu na pathCfg
4314  8683                      ; - create file (0106h) přes absolutní filespec
4315  8683                      ; - write blok Cfg o délce DelkaCfg (115h)
4316  8683                      ; - close (0109h)
4317  8683                      ; - vrátí cestu zpět dle pathl aktivního okna
4318  8683                      ; Pozn.: konkrétní ESXDOS/ROM API význam 0106h/0112h/0115h beru jako externí.
4319  8683                      ; ------------------------------------------------------------
4320  8683              zapisCfg
4321  8683 21 F9 86             ld hl,pathCfg
4322  8686 AF                   xor a
4323  8687 CD B1 01             call $01b1
4324  868A 06 01                ld b,1
4325  868C 0E 03                ld c,3
4326  868E 16 01                ld d,1
4327  8690 1E 01                ld e,1
4328  8692 21 00 87             ld hl,nameCfg
4329  8695 CD 06 01             call 0106h
4330  8698 0E 03                ld c,PAGE_BUFF
4331  869A 06 01                ld b,1
4332  869C 11 65 02             ld de,DelkaCfg
4333  869F 21 93 87             ld hl,Cfg
4334  86A2 CD 15 01             call 115h
4335  86A5 06 01                ld b,1
4336  86A7 CD 09 01             call $0109
4337  86AA 21 8F 87             ld hl,pathl
4338  86AD CD 50 7F             call ROZHOD2
4339  86B0 7E                   ld a,(hl)
4340  86B1 23                   inc hl
4341  86B2 66                   ld h,(hl)
4342  86B3 6F                   ld l,a
4343  86B4 AF                   xor a
4344  86B5 CD B1 01             call $01b1
4345  86B8 C9                   ret
4346  86B9
4347  86B9
4348  86B9                      ; ------------------------------------------------------------
4349  86B9                      ; createCfg
4350  86B9                      ; ------------------------------------------------------------
4351  86B9                      ; Zajistí existenci cc.cfg vždy v c:/sys:
4352  86B9                      ; - vytvoří soubor (0106h) přes absolutní filespec
4353  86B9                      ; - pokud vytvoření uspěje -> zapíše default Cfg
4354  86B9                      ; - pokud soubor už existuje -> načte ho do Cfg (0112h)
4355  86B9                      ; - zavře soubor a končí
4356  86B9                      ; ------------------------------------------------------------
4357  86B9              createCfg
4358  86B9 CD 9E 83             call dospage
4359  86BC 21 F9 86             ld hl,pathCfg
4360  86BF AF                   xor a
4361  86C0 CD B1 01             call $01b1
4362  86C3 06 01                ld b,1
4363  86C5 0E 03                ld c,3
4364  86C7 16 01                ld d,1
4365  86C9 1E 01                ld e,1
4366  86CB 21 00 87             ld hl,nameCfg
4367  86CE CD 06 01             call 0106h
4368  86D1 20 0F                jr nz,.read
4369  86D3 0E 03                ld c,PAGE_BUFF
4370  86D5 06 01                ld b,1
4371  86D7 11 65 02             ld de,DelkaCfg
4372  86DA 21 93 87             ld hl,Cfg
4373  86DD CD 15 01             call 115h
4374  86E0 18 11                jr .close
4375  86E2              .read
4376  86E2 AF                   xor a
4377  86E3 32 F6 89             ld (cfgColourVersion),a
4378  86E6 06 01                ld b,1
4379  86E8 0E 03                ld c,PAGE_BUFF
4380  86EA 11 65 02             ld de,DelkaCfg
4381  86ED 21 93 87             ld hl,Cfg
4382  86F0 CD 12 01             call 0112h
4383  86F3              .close
4384  86F3 06 01                ld b,1
4385  86F5 CD 09 01             call $0109
4386  86F8 C9                   ret
4387  86F9
4388  86F9
4389  86F9                      ; ------------------------------------------------------------
4390  86F9                      ; Data / proměnné používané výše
4391  86F9                      ; ------------------------------------------------------------
4392  86F9 63 3A 2F 73  pathCfg  defb "c:/sys",255
4392  86FD 79 73 FF
4393  8700 63 3A 2F 73  nameCfg  defb "c:/sys/cc.cfg",255
4393  8704 79 73 2F 63
4393  8708 63 2E 63 66
4393  870C 67 FF
4394  870E 00           posdrv   defb 0
4395  870F
4396  870F 4F 87 51 87  ALLFILESL defw ALLFILES, ALLFILES2                ; tabulka pointerů na “ALLFILES word” pro levý/pravý panel
4397  8713
4398  8713 00 00 00...  name     defs 60
4399  874F
4400  874F 00 00        ALLFILES  defw 0
4401  8751 00 00        ALLFILES2 defw 0
4402  8753 00 00        ALLFILESR defw 0
4403  8755
4404  8755
4405  8755 00 00        tmpname   ds 2
4406  8757 00 00 00...  bufftmp   ds 15
4407  8766
4408  8766              M_P3DOS   equ $94
4409  8766 00 00        savehl    defw 0
4410  8768 00 00        saveix    defw 0
4411  876A
4412  876A 00           bankm     defb 0                                  ; “shadow” poslední hodnoty posílané na #7FFD
4413  876B
4414  876B              stardstar:
4415  876B 2A 2E 2A FF          defb "*.*",#FF
4416  876F
4417  876F              dosret:
4418  876F 00 00                defw 0
4419  8771
4420  8771 00 00        numLoop  defw 0
4421  8773 00           FILES    defb 0
4422  8774 00 00        dirNum   defw 0
4423  8776
4424  8776                      include "functions/texts.asm"
# file opened: functions/texts.asm
   1+ 8776 00 00 00...  filename 	  ds   15
   2+ 8785              typ 		  equ $-4
   3+ 8785              pocetpolozek	equ 200
   4+ 8785 00           virtmem		defb 0
   5+ 8786              maxlen		equ 261 + 4 + 4		;+4 je délka souboru a 4 cas a datum
   6+ 8786              maxline 	equ 37
   7+ 8786 00 00        save_allfiles	defw 0
   8+ 8788 00           OKNO 		defb 0
   9+ 8789
  10+ 8789 42 41        KURZL		defw $4002+160*2		;adresa kurzoru levého okna
  11+ 878B 92 41        KURZR		defw $4002+160*2+80		;adresa kurzoru pravého okna
  12+ 878D
  13+ 878D              ACTDISC
  14+ 878D 43 43        actdisc		defb "C","C"
  15+ 878F
  16+ 878F 93 87        pathl		defw 	PATHLEFT
  17+ 8791 9B 88        pathr       defw 	PATHRIGHT
  18+ 8793
  19+ 8793              Cfg
  20+ 8793 43 3A FF     PATHLEFT	defb 	"C:",255
  21+ 8796 00 00 00...  			ds 		261
  22+ 889B 43 3A FF     PATHRIGHT   defb 	"C:",255
  23+ 889E 00 00 00...  			ds 		261
  24+ 89A3
  25+ 89A3 00           POSKURZL	defb 0				;pozice kurzoru v levém okně
  26+ 89A4 00           POSKURZR	defb 0				;pozice kurzoru v pravém okně
  27+ 89A5
  28+ 89A5 00 00        ALLPOSL		defw 0				;celková pozice na souboru
  29+ 89A7 00 00        ALLPOSR		defw 0
  30+ 89A9
  31+ 89A9 01 00        STARTWINL	defw 1				;pocatecni soubor na zacatku okna
  32+ 89AB 01 00        STARTWINR	defw 1
  33+ 89AD 00           cursorComp	defb 0
  34+ 89AE 00           cfgUseKMouse	defb 0				; 0 = K-Mouse vypnuta (vychozi), 1 = zapnuta
  35+ 89AF 00           cfgDirsFirst	defb 0				; 0 = poradi z DOSu, 1 = adresare pred soubory
  36+ 89B0 00           cfgSortMode	defb 0				; 0 = jmeno, 1 = pripona, 2 = datum (nejnovejsi prvni)
  37+ 89B1
  38+ 89B1              ; New theme data intentionally begins where the legacy 16-byte palette map
  39+ 89B1              ; lived. On first load of an old cc.cfg the upgrade routine consumes the raw
  40+ 89B1              ; map/key layout before replacing it with this packed RGB333 table.
  41+ 89B1              cfgLegacyThemeArea
  42+ 89B1              cfgStyleColours
  43+ 89B1              		EMIT_SETTINGS_DEFAULT_COLOURS
  43+ 89B1 02 DB       >        db %000'000'10,%110'110'11
  43+ 89B3 01 FF       >        db %000'000'01,%111'111'11
  43+ 89B5 13 FF       >        db %000'100'11,%111'111'11
  43+ 89B7 FF 00       >        db %111'111'11,%000'000'00
  43+ 89B9 74 00       >        db %011'101'00,%000'000'00
  43+ 89BB D0 00       >        db %110'100'00,%000'000'00
  43+ 89BD 8C 00       >        db %100'011'00,%000'000'00
  43+ 89BF 02 1F       >        db %000'000'10,%000'111'11
  43+ 89C1 02 5C       >        db %000'000'10,%010'111'00
  43+ 89C3 60 B7       >        db %011'000'00,%101'101'11
  43+ 89C5 01 FC       >        db %000'000'01,%111'111'00
  43+ 89C7 01 1C       >        db %000'000'01,%000'111'00
  43+ 89C9 01 1F       >        db %000'000'01,%000'111'11
  43+ 89CB 01 1C       >        db %000'000'01,%000'111'00
  43+ 89CD 01 FC       >        db %000'000'01,%111'111'00
  43+ 89CF 01 E0       >        db %000'000'01,%111'000'00
  43+ 89D1 7A 81 00 02 >        db $7a,$81,$00,$02
  44+ 89D5              cfgStyleColoursEnd
  45+ 89D5              		assert cfgStyleColoursEnd-cfgStyleColours = SETTINGS_COLOUR_BYTES
  46+ 89D5
  47+ 89D5              ; One physical INKEY result per logical action (see settings_api.i.asm).
  48+ 89D5              ; Keeping action -> key makes dispatch, Settings and dynamic Help share the
  49+ 89D5              ; same single source of truth.
  50+ 89D5              cfgKeyBindings
  51+ 89D5 7F 0A 0B 09  		defb 127,10,11,9,8,4,13,"8",12,"9","0","5","6",32,"7",7
  51+ 89D9 08 04 0D 38
  51+ 89DD 0C 39 30 35
  51+ 89E1 36 20 37 07
  52+ 89E5 06 2B 2A 2D  		defb 6,"+","*","-","s","1","2","3","4","P","B","b","h","c","i",199
  52+ 89E9 73 31 32 33
  52+ 89ED 34 50 42 62
  52+ 89F1 68 63 69 C7
  53+ 89F5 53           		defb "S"
  54+ 89F6              cfgKeyBindingsEnd
  55+ 89F6              		assert cfgKeyBindingsEnd-cfgKeyBindings = SETTINGS_ACTION_COUNT
  56+ 89F6
  57+ 89F6              ; Kept after the old end-of-file, allowing createCfg to distinguish old and
  58+ 89F6              ; new layouts after it clears this byte immediately before reading.
  59+ 89F6              cfgColourVersion
  60+ 89F6 01           		defb SETTINGS_COLOUR_VERSION
  61+ 89F7              cfgColourScheme
  62+ 89F7 00           		defb SETTINGS_SCHEME_DEFAULT
  63+ 89F8
  64+ 89F8              DelkaCfg	equ $-PATHLEFT
  65+ 89F8
  66+ 89F8 20 20 20 20  bottom		defb 	"                                                                                ",0
  66+ 89FC 20 20 20 20
  66+ 8A00 20 20 20 20
  66+ 8A04 20 20 20 20
  66+ 8A08 20 20 20 20
  66+ 8A0C 20 20 20 20
  66+ 8A10 20 20 20 20
  66+ 8A14 20 20 20 20
  66+ 8A18 20 20 20 20
  66+ 8A1C 20 20 20 20
  66+ 8A20 20 20 20 20
  66+ 8A24 20 20 20 20
  66+ 8A28 20 20 20 20
  66+ 8A2C 20 20 20 20
  66+ 8A30 20 20 20 20
  66+ 8A34 20 20 20 20
  66+ 8A38 20 20 20 20
  66+ 8A3C 20 20 20 20
  66+ 8A40 20 20 20 20
  66+ 8A44 20 20 20 20
  66+ 8A48 00
  67+ 8A49
  68+ 8A49 2E 20 20 20  ban1		defb 	".      ",$a0,"   ",0
  68+ 8A4D 20 20 20 A0
  68+ 8A51 20 20 20 00
  69+ 8A55 2E 2E 20 20  ban2		defb 	"..     ",$a0,"   ",0
  69+ 8A59 20 20 20 A0
  69+ 8A5D 20 20 20 00
  70+ 8A61 2E FF 00     banlfn1 	defb 	".",255,0
  71+ 8A64 2E 2E FF 00  banlfn2 	defb 	"..",255,0
  72+ 8A68
  73+ 8A68 4F 72 69 67  origin		defb "Original:",0
  73+ 8A6C 69 6E 61 6C
  73+ 8A70 3A 00
  74+ 8A72 4E 65 77 20  newfile		defb "New file:",0
  74+ 8A76 66 69 6C 65
  74+ 8A7A 3A 00
  75+ 8A7C
  76+ 8A7C 63 63 5F 78  xb_fname        defb    "cc_xb.bin",255
  76+ 8A80 62 2E 62 69
  76+ 8A84 6E FF
  77+ 8A86 63 3A 2F 43  xb_dir          defb    "c:/CalmCommander",255
  77+ 8A8A 61 6C 6D 43
  77+ 8A8E 6F 6D 6D 61
  77+ 8A92 6E 64 65 72
  77+ 8A96 FF
  78+ 8A97
  79+ 8A97 43 41 4C 4D  calmcommander	defb    "CALM COMMANDER "
  79+ 8A9B 20 43 4F 4D
  79+ 8A9F 4D 41 4E 44
  79+ 8AA3 45 52 20
  79+ 8AA6                VERSION
  79+ 8AA6 31 2E 36 62 >  defb "1.6b"
  79+ 8AAA 00             defb 0
  80+ 8AAB 42 52 45 41  breaktxt 		defb    "BREAK: close this window",0
  80+ 8AAF 4B 3A 20 63
  80+ 8AB3 6C 6F 73 65
  80+ 8AB7 20 74 68 69
  80+ 8ABB 73 20 77 69
  80+ 8ABF 6E 64 6F 77
  80+ 8AC3 00
  81+ 8AC4 46 69 6C 65  info1txt 		defb    "File manager for ZX Spectrum Next. ",0
  81+ 8AC8 20 6D 61 6E
  81+ 8ACC 61 67 65 72
  81+ 8AD0 20 66 6F 72
  81+ 8AD4 20 5A 58 20
  81+ 8AD8 53 70 65 63
  81+ 8ADC 74 72 75 6D
  81+ 8AE0 20 4E 65 78
  81+ 8AE4 74 2E 20 00
  82+ 8AE8 4D 61 69 6E  info2txt 		defb    "Main program: Shrek/MB Maniax",0
  82+ 8AEC 20 70 72 6F
  82+ 8AF0 67 72 61 6D
  82+ 8AF4 3A 20 53 68
  82+ 8AF8 72 65 6B 2F
  82+ 8AFC 4D 42 20 4D
  82+ 8B00 61 6E 69 61
  82+ 8B04 78 00
  83+ 8B06 42 69 67 20  info3txt 		defb    "Big help: ped7g",0
  83+ 8B0A 68 65 6C 70
  83+ 8B0E 3A 20 70 65
  83+ 8B12 64 37 67 00
  84+ 8B16 20 00        info4txt 		defb    " ",0
  85+ 8B18 47 72 65 65  info5txt 		defb    "Greetinx: Logout, z00m, mborik",0
  85+ 8B1C 74 69 6E 78
  85+ 8B20 3A 20 4C 6F
  85+ 8B24 67 6F 75 74
  85+ 8B28 2C 20 7A 30
  85+ 8B2C 30 6D 2C 20
  85+ 8B30 6D 62 6F 72
  85+ 8B34 69 6B 00
  86+ 8B37 41 76 61 69  info6txt        defb    "Available memory:",0
  86+ 8B3B 6C 61 62 6C
  86+ 8B3F 65 20 6D 65
  86+ 8B43 6D 6F 72 79
  86+ 8B47 3A 00
  87+ 8B49 6B 42 00     kB              defb    "kB",0
  88+ 8B4C 52 54 43 3A  rtc             defb    "RTC:",0
  88+ 8B50 00
  89+ 8B51 70 72 65 73  presenttxt      defb    "present",0
  89+ 8B55 65 6E 74 00
  90+ 8B59 6E 6F 74 20  notpresenttxt   defb    "not present",0
  90+ 8B5D 70 72 65 73
  90+ 8B61 65 6E 74 00
  91+ 8B65 31 3A 20 4C  left_txt        defb    "1: LEFT",0
  91+ 8B69 45 46 54 00
  92+ 8B6D 32 3A 20 52  right_txt       defb    "2: RIGHT",0
  92+ 8B71 49 47 48 54
  92+ 8B75 00
  93+ 8B76 33 3A 20 56  view_txt        defb    "3: VIEW",0
  93+ 8B7A 49 45 57 00
  94+ 8B7E 34 3A 20 45  edit_txt        defb    "4: EDIT",0
  94+ 8B82 44 49 54 00
  95+ 8B86 35 3A 20 43  copy_txt        defb    "5: COPY",0
  95+ 8B8A 4F 50 59 00
  96+ 8B8E 36 3A 20 4D  move_txt        defb    "6: MOVE",0
  96+ 8B92 4F 56 45 00
  97+ 8B96 37 3A 20 4D  mkdir_txt       defb    "7: MKDIR",0
  97+ 8B9A 4B 44 49 52
  97+ 8B9E 00
  98+ 8B9F 38 3A 20 44  delete_txt      defb    "8: DELETE",0
  98+ 8BA3 45 4C 45 54
  98+ 8BA7 45 00
  99+ 8BA9 30 3A 20 4D  menu_txt        defb    "0: MENU",0
  99+ 8BAD 45 4E 55 00
 100+ 8BB1
 101+ 8BB1 54 68 69 73  file_exists_txt defb    "This file already exists!",0
 101+ 8BB5 20 66 69 6C
 101+ 8BB9 65 20 61 6C
 101+ 8BBD 72 65 61 64
 101+ 8BC1 79 20 65 78
 101+ 8BC5 69 73 74 73
 101+ 8BC9 21 00
 102+ 8BCB 44 6F 20 79  overwrite_txt   defb    "Do you want to overwrite it?",0
 102+ 8BCF 6F 75 20 77
 102+ 8BD3 61 6E 74 20
 102+ 8BD7 74 6F 20 6F
 102+ 8BDB 76 65 72 77
 102+ 8BDF 72 69 74 65
 102+ 8BE3 20 69 74 3F
 102+ 8BE7 00
 103+ 8BE8
 104+ 8BE8 20 20 3C 44  dirext	defb "  <DIR>",0
 104+ 8BEC 49 52 3E 00
 105+ 8BF0
 106+ 8BF0 43 6F 70 79  onecopytxt 	defb "Copy file: ",0
 106+ 8BF4 20 66 69 6C
 106+ 8BF8 65 3A 20 00
 107+ 8BFC 4D 6F 76 65  onemovetxt	defb "Move file: ",0
 107+ 8C00 20 66 69 6C
 107+ 8C04 65 3A 20 00
 108+ 8C08 44 65 6C 65  onedeletetxt 	defb "Delete file/directory: ",0
 108+ 8C0C 74 65 20 66
 108+ 8C10 69 6C 65 2F
 108+ 8C14 64 69 72 65
 108+ 8C18 63 74 6F 72
 108+ 8C1C 79 3A 20 00
 109+ 8C20 45 4E 54 45  yestxt		defb "ENTER = yes",0
 109+ 8C24 52 20 3D 20
 109+ 8C28 79 65 73 00
 110+ 8C2C 45 4E 54 45  conttxt		defb "ENTER = continue",0
 110+ 8C30 52 20 3D 20
 110+ 8C34 63 6F 6E 74
 110+ 8C38 69 6E 75 65
 110+ 8C3C 00
 111+ 8C3D 54 68 69 73  norun 		defb "This file type cannot be executed.",0
 111+ 8C41 20 66 69 6C
 111+ 8C45 65 20 74 79
 111+ 8C49 70 65 20 63
 111+ 8C4D 61 6E 6E 6F
 111+ 8C51 74 20 62 65
 111+ 8C55 20 65 78 65
 111+ 8C59 63 75 74 65
 111+ 8C5D 64 2E 00
 112+ 8C60 53 50 41 43  yesall		defb "SPACE = yes to all directory",0
 112+ 8C64 45 20 3D 20
 112+ 8C68 79 65 73 20
 112+ 8C6C 74 6F 20 61
 112+ 8C70 6C 6C 20 64
 112+ 8C74 69 72 65 63
 112+ 8C78 74 6F 72 79
 112+ 8C7C 00
 113+ 8C7D 20 20 20 20  yesallsp	defb "                            ",0
 113+ 8C81 20 20 20 20
 113+ 8C85 20 20 20 20
 113+ 8C89 20 20 20 20
 113+ 8C8D 20 20 20 20
 113+ 8C91 20 20 20 20
 113+ 8C95 20 20 20 20
 113+ 8C99 00
 114+ 8C9A
 115+ 8C9A 45 4E 54 45  createtxt	defb "ENTER = create",0
 115+ 8C9E 52 20 3D 20
 115+ 8CA2 63 72 65 61
 115+ 8CA6 74 65 00
 116+ 8CA9 45 4E 54 45  renametxt	defb "ENTER = rename",0
 116+ 8CAD 52 20 3D 20
 116+ 8CB1 72 65 6E 61
 116+ 8CB5 6D 65 00
 117+ 8CB8 45 4E 54 45  searchtxt	defb "ENTER = search",0
 117+ 8CBC 52 20 3D 20
 117+ 8CC0 73 65 61 72
 117+ 8CC4 63 68 00
 118+ 8CC7 45 4E 54 45  savetxt		defb "ENTER = save",0
 118+ 8CCB 52 20 3D 20
 118+ 8CCF 73 61 76 65
 118+ 8CD3 00
 119+ 8CD4 42 52 45 41  notxt 		defb "BREAK = no",0
 119+ 8CD8 4B 20 3D 20
 119+ 8CDC 6E 6F 00
 120+ 8CDF 42 52 45 41  cancel_txt  defb "BREAK = cancel",0
 120+ 8CE3 4B 20 3D 20
 120+ 8CE7 63 61 6E 63
 120+ 8CEB 65 6C 00
 121+ 8CEE 4E 20 3D 20  no_txt      defb "N = no",0
 121+ 8CF2 6E 6F 00
 122+ 8CF5 43 41 50 53  all_txt     defb "CAPS+ENTER = all",0
 122+ 8CF9 2B 45 4E 54
 122+ 8CFD 45 52 20 3D
 122+ 8D01 20 61 6C 6C
 122+ 8D05 00
 123+ 8D06
 124+ 8D06
 125+ 8D06 20 20 20 20  spaces 		defb "           ",0
 125+ 8D0A 20 20 20 20
 125+ 8D0E 20 20 20 00
 126+ 8D12 50 6C 65 61  pleasewait	defb "Please wait",0
 126+ 8D16 73 65 20 77
 126+ 8D1A 61 69 74 00
 127+ 8D1E 00 00 00...  bfname		defs 45
 128+ 8D4B 00           			defb 0
 129+ 8D4C
 130+ 8D4C 00           ismove	defb 0
 131+ 8D4D 50 6C 65 61  please_wait	defb "Please wait...",0
 131+ 8D51 73 65 20 77
 131+ 8D55 61 69 74 2E
 131+ 8D59 2E 2E 00
 132+ 8D5C 49 27 6D 20  nocopy	defb "I'm sorry, but you can't copy or move files to the same",0
 132+ 8D60 73 6F 72 72
 132+ 8D64 79 2C 20 62
 132+ 8D68 75 74 20 79
 132+ 8D6C 6F 75 20 63
 132+ 8D70 61 6E 27 74
 132+ 8D74 20 63 6F 70
 132+ 8D78 79 20 6F 72
 132+ 8D7C 20 6D 6F 76
 132+ 8D80 65 20 66 69
 132+ 8D84 6C 65 73 20
 132+ 8D88 74 6F 20 74
 132+ 8D8C 68 65 20 73
 132+ 8D90 61 6D 65 00
 133+ 8D94 64 69 72 65  nocopy2 defb "directory.",0
 133+ 8D98 63 74 6F 72
 133+ 8D9C 79 2E 00
 134+ 8D9F
# file closed: functions/texts.asm
4425  8D9F                      include "functions/rename.asm"
# file opened: functions/rename.asm
   1+ 8D9F
   2+ 8D9F 52 65 6E 61  RENAMETXT	defb "Rename",0
   2+ 8DA3 6D 65 00
   3+ 8DA6 4E 65 77 20  RENAMETXT2	defb "New name:",0
   3+ 8DAA 6E 61 6D 65
   3+ 8DAE 3A 00
   4+ 8DB0
   5+ 8DB0              RENAME
   6+ 8DB0 21 A3 89             ld hl,POSKURZL
   7+ 8DB3 CD 48 7F     		call ROZHOD
   8+ 8DB6 7E           		ld a,(hl)
   9+ 8DB7 6F           		ld l,a
  10+ 8DB8 26 00        		ld h,0
  11+ 8DBA
  12+ 8DBA E5           		push hl
  13+ 8DBB 21 A9 89     		ld hl,STARTWINL
  14+ 8DBE CD 50 7F     		call ROZHOD2
  15+ 8DC1 7E           		ld a,(hl)
  16+ 8DC2 23           		inc hl
  17+ 8DC3 66           		ld h,(hl)
  18+ 8DC4 6F           		ld l,a
  19+ 8DC5
  20+ 8DC5 EB           		ex de,hl
  21+ 8DC6 E1           		pop hl
  22+ 8DC7 19           		add hl,de
  23+ 8DC8 E5           		push hl
  24+ 8DC9 23                   inc hl
  25+ 8DCA CD C2 84     		call BUFF83
  26+ 8DCD CD 65 7F     		call find83
  27+ 8DD0 E1                   pop hl
  28+ 8DD1 CD C1 D1             call FINDLFN
  29+ 8DD4 CD 75 9B             call syscopy_is_dot_lfn
  30+ 8DD7 CA 83 72             jp z,loop0
  31+ 8DDA
  32+ 8DDA CD D3 84     		call NOBUFF83
  33+ 8DDD 2A 96 7F     		ld hl,(foundfile)
  34+ 8DE0 11 49 8A     		ld de,ban1
  35+ 8DE3 3E 00        		ld a,0
  36+ 8DE5 CD E6 D2     		call specific_search
  37+ 8DE8 CA 83 72     		jp z,loop0
  38+ 8DEB 2A 96 7F     		ld hl,(foundfile)
  39+ 8DEE 11 55 8A     		ld de,ban2
  40+ 8DF1 3E 00        		ld a,0
  41+ 8DF3 CD E6 D2     		call specific_search
  42+ 8DF6 CA 83 72     		jp z,loop0
  43+ 8DF9
  44+ 8DF9
  45+ 8DF9
  46+ 8DF9 CD B6 7E     		call savescr
  47+ 8DFC
  48+ 8DFC 21 0A 0A     		ld hl,10 * 256 + 10
  49+ 8DFF 01 0A 3C     		ld bc,60 * 256 + 10
  50+ 8E02 3E 10        		ld a,16
  51+ 8E04 CD 2C 81     		call window
  52+ 8E07
  53+ 8E07 21 0B 0B     		ld hl,11*256+11
  54+ 8E0A 3E 10        		ld a,16
  55+ 8E0C 11 9F 8D     		ld de,RENAMETXT
  56+ 8E0F CD 09 81     		call print
  57+ 8E12
  58+ 8E12 21 0D 0B     		ld hl,11*256+13
  59+ 8E15 3E 10        		ld a,16
  60+ 8E17 11 A6 8D     		ld de,RENAMETXT2
  61+ 8E1A CD 09 81     		call print
  62+ 8E1D
  63+ 8E1D 21 14 38     		ld hl,56*256+20
  64+ 8E20 3E 30        		ld a,48
  65+ 8E22 11 A9 8C     		ld de,renametxt
  66+ 8E25 CD 09 81     		call print
  67+ 8E28
  68+ 8E28 21 13 3C     		ld hl,60*256+19
  69+ 8E2B 3E 10        		ld a,16
  70+ 8E2D 11 D4 8C     		ld de,notxt
  71+ 8E30 CD 09 81     		call print
  72+ 8E33
  73+ 8E33
  74+ 8E33 DD 26 3B     		ld hx,59
  75+ 8E36 21 76 49     		ld hl,$4000 + 15*160 + 11*2
  76+ 8E39 3E 50        		ld a,80
  77+ 8E3B
  78+ 8E3B FB           	    ei
  79+ 8E3C 22 19 AE     		ld (INPOS+1),hl     ;ulož adresu začátku pro další použití
  80+ 8E3F 32 A2 AE             ld (INCOL+1),a      ;ulož barvu
  81+ 8E42 21 00 5B     		ld hl,23296         ;do HL adresa editační oblasti
  82+ 8E45 DD 44        		ld b,hx             ;do B délka editační oblasti
  83+ 8E47 36 20        RIN1 	ld (hl),32          ;a nyní celou editační
  84+ 8E49 23           		inc hl              ;zónu vyplníme mezerami
  85+ 8E4A 10 FB        		djnz RIN1            ;na konec editační zóny
  86+ 8E4C 21 00 9D             ld hl,LFNNAME+59
  87+ 8E4F
  88+ 8E4F 7E           RIN2    ld a,(hl)
  89+ 8E50 2B                   dec hl
  90+ 8E51 FE 20                cp 32
  91+ 8E53 28 FA                jr z,RIN2
  92+ 8E55 23                   inc hl
  93+ 8E56 11 C5 9C             ld de,LFNNAME
  94+ 8E59 B7                   or a
  95+ 8E5A ED 52                sbc hl,de
  96+ 8E5C 7D                   ld a,l
  97+ 8E5D 3C                   inc a
  98+ 8E5E 32 22 AE             ld (CURSOR+1),a
  99+ 8E61 4F                   ld c,a
 100+ 8E62 21 C5 9C             ld hl,LFNNAME
 101+ 8E65 11 00 5B             ld de,23296
 102+ 8E68 ED B0                ldir
 103+ 8E6A 21 3B 5B             ld hl,23296 + 59
 104+ 8E6D 70           		ld (hl),b           ;přijde 0
 105+ 8E6E FD CB 01 AE  		res 5,(iy+1)        ;signál není stisknuta klávesa
 106+ 8E72 AF           		xor a
 107+ 8E73 CD 16 AE             call IN2
 108+ 8E76 FE 01        		cp 1                    ;testuj BREAK
 109+ 8E78 CA 61 8F     		jp z,end_rename
 110+ 8E7B 21 3B 5B     		ld hl,23296 + 59		;najdi poslední znak
 111+ 8E7E              rename1
 112+ 8E7E 2B           		dec hl
 113+ 8E7F 7E           		ld a,(hl)
 114+ 8E80 FE 20        		cp 32
 115+ 8E82 28 FA        		jr z,rename1
 116+ 8E84 23           		inc hl
 117+ 8E85 3E FF        		ld a,255
 118+ 8E87 77           		ld (hl),a
 119+ 8E88 21 00 5B     		ld hl,23296
 120+ 8E8B CD 78 9B     		call syscopy_is_dot_name
 121+ 8E8E CA 61 8F     		jp z,end_rename
 122+ 8E91
 123+ 8E91 06 0B        		ld b,11
 124+ 8E93 21 98 7F     		ld hl,TMP83
 125+ 8E96              rename0							;vynuluj všechny stavové bity v názvu (7.)
 126+ 8E96 CB BE        		res 7,(hl)
 127+ 8E98 23           		inc hl
 128+ 8E99 10 FB        		djnz rename0
 129+ 8E9B 3E FF        		ld a,$ff
 130+ 8E9D 32 A3 7F     		ld (TMP83+11),a
 131+ 8EA0
 132+ 8EA0
 133+ 8EA0
 134+ 8EA0              REN3
 135+ 8EA0 CD 9E 83     		call dospage
 136+ 8EA3 3E 02        		ld a,2
 137+ 8EA5 21 98 7F     		ld hl,TMP83
 138+ 8EA8 11 00 5B             ld de,23296
 139+ 8EAB CD 27 01     		call $0127
 140+ 8EAE CD AE 83     		call basicpage
 141+ 8EB1              		;call loadscr
 142+ 8EB1
 143+ 8EB1              ;---------------- KONEC --------------------
 144+ 8EB1              KONEC_OPERACE
 145+ 8EB1 21 00 00     	    ld hl,0
 146+ 8EB4 21 4F 87     		ld hl,ALLFILES
 147+ 8EB7 CD 50 7F     		call ROZHOD2
 148+ 8EBA AF           		xor a
 149+ 8EBB 77           		ld (hl),a
 150+ 8EBC 23           		inc hl
 151+ 8EBD 77           		ld (hl),a
 152+ 8EBE 21 A3 89     		ld hl,POSKURZL
 153+ 8EC1 CD 48 7F     		call ROZHOD
 154+ 8EC4 AF           		xor a
 155+ 8EC5 77           		ld (hl),a
 156+ 8EC6              		;call loadscr
 157+ 8EC6
 158+ 8EC6 21 6E 7E     		ld hl,pozicel
 159+ 8EC9 CD 50 7F     		call ROZHOD2
 160+ 8ECC 7E           		ld a,(hl)
 161+ 8ECD 23           		inc hl
 162+ 8ECE 66           		ld h,(hl)
 163+ 8ECF 6F           		ld l,a
 164+ 8ED0
 165+ 8ED0 01 1B 26     		ld bc,38 * 256 + 27
 166+ 8ED3 3E 00        		ld a,0
 167+ 8ED5 CD 2C 81     		call window
 168+ 8ED8
 169+ 8ED8 CD B3 82     		call reload_dir
 170+ 8EDB
 171+ 8EDB 21 72 7E     		ld hl,adrl
 172+ 8EDE CD 50 7F     		call ROZHOD2
 173+ 8EE1 7E           		ld a,(hl)
 174+ 8EE2 23           		inc hl
 175+ 8EE3 66           		ld h,(hl)
 176+ 8EE4 6F           		ld l,a
 177+ 8EE5 22 A3 C8     		ld (adrs+1),hl
 178+ 8EE8 CD 25 7E     		call getroot_reload
 179+ 8EEB CD 4B C7     		call showwin
 180+ 8EEE 3E 20        		ld a,32
 181+ 8EF0 CD 18 7F     		call writecur
 182+ 8EF3
 183+ 8EF3
 184+ 8EF3 CD 76 7E     		call PROHOD
 185+ 8EF6
 186+ 8EF6 CD 9E 83     		call dospage
 187+ 8EF9 21 8F 87     		ld hl,pathl
 188+ 8EFC CD 50 7F     		call ROZHOD2
 189+ 8EFF 7E           		ld a,(hl)
 190+ 8F00 23           		inc hl
 191+ 8F01 66           		ld h,(hl)
 192+ 8F02 6F           		ld l,a
 193+ 8F03
 194+ 8F03 AF           		xor a
 195+ 8F04 CD B1 01     		call $01b1
 196+ 8F07 CD AE 83     		call basicpage
 197+ 8F0A
 198+ 8F0A 21 00 00     		ld hl,0
 199+ 8F0D 21 4F 87     		ld hl,ALLFILES
 200+ 8F10 CD 50 7F     		call ROZHOD2
 201+ 8F13 AF           		xor a
 202+ 8F14 77           		ld (hl),a
 203+ 8F15 23           		inc hl
 204+ 8F16 77           		ld (hl),a
 205+ 8F17 21 A3 89     		ld hl,POSKURZL
 206+ 8F1A CD 48 7F     		call ROZHOD
 207+ 8F1D AF           		xor a
 208+ 8F1E 77           		ld (hl),a
 209+ 8F1F
 210+ 8F1F
 211+ 8F1F 21 6E 7E     		ld hl,pozicel
 212+ 8F22 CD 50 7F     		call ROZHOD2
 213+ 8F25 7E           		ld a,(hl)
 214+ 8F26 23           		inc hl
 215+ 8F27 66           		ld h,(hl)
 216+ 8F28 6F           		ld l,a
 217+ 8F29
 218+ 8F29 01 1B 26     		ld bc,38 * 256 + 27
 219+ 8F2C 3E 00        		ld a,0
 220+ 8F2E CD 2C 81     		call window
 221+ 8F31 CD B3 82     		call reload_dir
 222+ 8F34
 223+ 8F34 21 72 7E     		ld hl,adrl
 224+ 8F37 CD 50 7F     		call ROZHOD2
 225+ 8F3A 7E           		ld a,(hl)
 226+ 8F3B 23           		inc hl
 227+ 8F3C 66           		ld h,(hl)
 228+ 8F3D 6F           		ld l,a
 229+ 8F3E 22 A3 C8     		ld (adrs+1),hl
 230+ 8F41 CD 25 7E     		call getroot_reload
 231+ 8F44 CD 4B C7     		call showwin
 232+ 8F47 CD 76 7E     		call PROHOD
 233+ 8F4A
 234+ 8F4A CD 9E 83     		call dospage
 235+ 8F4D 21 8F 87     		ld hl,pathl
 236+ 8F50 CD 50 7F     		call ROZHOD2
 237+ 8F53 7E           		ld a,(hl)
 238+ 8F54 23           		inc hl
 239+ 8F55 66           		ld h,(hl)
 240+ 8F56 6F           		ld l,a
 241+ 8F57
 242+ 8F57 AF           		xor a
 243+ 8F58 CD B1 01     		call $01b1
 244+ 8F5B CD AE 83     		call basicpage
 245+ 8F5E C3 83 72     		jp loop0
 246+ 8F61
 247+ 8F61              end_rename
 248+ 8F61 CD CA 7E     		call loadscr
 249+ 8F64 C3 83 72     		jp loop0
 250+ 8F67
# file closed: functions/rename.asm
4426  8F67                      include "functions/getdir.asm"
# file opened: functions/getdir.asm
   1+ 8F67
   2+ 8F67              GETDIR
   3+ 8F67 21 8F 87     		ld hl,pathl
   4+ 8F6A CD 50 7F     		call ROZHOD2
   5+ 8F6D 7E           		ld a,(hl)
   6+ 8F6E 23           		inc hl
   7+ 8F6F 66           		ld h,(hl)
   8+ 8F70 6F           		ld l,a
   9+ 8F71 11 1C 91     		ld de,modstart
  10+ 8F74 ED A0        		ldi
  11+ 8F76 ED A0        		ldi
  12+ 8F78 3E FF        		ld a,255
  13+ 8F7A 12           		ld (de),a
  14+ 8F7B
  15+ 8F7B CD 9E 83             call dospage
  16+ 8F7E
  17+ 8F7E 3E 01        		ld a,1				;get path
  18+ 8F80 21 1C 91     		ld hl,modstart
  19+ 8F83 CD B1 01     		call $01b1
  20+ 8F86
  21+ 8F86
  22+ 8F86 38 04        		jr c,ok1
  23+ 8F88 3E 02            	ld a,2
  24+ 8F8A D3 FE        		out (254),a
  25+ 8F8C
  26+ 8F8C CD AE 83     ok1		call basicpage
  27+ 8F8F
  28+ 8F8F 21 1C 91     		ld hl,modstart
  29+ 8F92 01 64 00     		ld bc,100
  30+ 8F95 3E FF        		ld a,#ff
  31+ 8F97 ED B1        		cpir
  32+ 8F99
  33+ 8F99 2B           		dec hl
  34+ 8F9A 2B           		dec hl
  35+ 8F9B 2B           		dec hl
  36+ 8F9C
  37+ 8F9C E5           		push hl
  38+ 8F9D 21 0D 91     		ld hl,DIRBUFF
  39+ 8FA0 11 0E 91     		ld de,DIRBUFF+1
  40+ 8FA3 01 0D 00     		ld bc,13
  41+ 8FA6 3E 20        		ld a,32
  42+ 8FA8 77           		ld (hl),a
  43+ 8FA9 ED B0        		ldir
  44+ 8FAB E1           		pop hl
  45+ 8FAC
  46+ 8FAC
  47+ 8FAC 7E           pr1		ld a,(hl)
  48+ 8FAD FE 2F        		cp "/"
  49+ 8FAF 28 08        		jr z,pr0
  50+ 8FB1 FE 3A        		cp ":"
  51+ 8FB3 CA 8F 90     		jp z,getdirroot
  52+ 8FB6
  53+ 8FB6 2B           		dec hl
  54+ 8FB7 18 F3        		jr pr1
  55+ 8FB9
  56+ 8FB9
  57+ 8FB9 23           pr0		inc hl
  58+ 8FBA
  59+ 8FBA 11 0D 91     		ld de,DIRBUFF
  60+ 8FBD 06 08        		ld b,8
  61+ 8FBF              presun
  62+ 8FBF 7E           		ld a,(hl)
  63+ 8FC0 FE 2F        		cp "/"
  64+ 8FC2 28 05        		jr z,prk
  65+ 8FC4 12           		ld (de),a
  66+ 8FC5 13           		inc de
  67+ 8FC6 23           		inc hl
  68+ 8FC7 10 F6        		djnz presun
  69+ 8FC9
  70+ 8FC9              prk
  71+ 8FC9
  72+ 8FC9 21 0D 91     		ld hl,DIRBUFF
  73+ 8FCC 01 07 00     		ld bc,7
  74+ 8FCF 3E 2E        		ld a,"."
  75+ 8FD1 ED B1        		cpir
  76+ 8FD3 20 1E        		jr nz,PRK2
  77+ 8FD5 E5           		push hl
  78+ 8FD6 11 15 91     		ld de,DIRBUFF+8
  79+ 8FD9 01 04 00     		ld bc,4
  80+ 8FDC ED B0        		ldir
  81+ 8FDE              PRK0
  82+ 8FDE E1           		pop hl				;adresa s teckou v HL
  83+ 8FDF 2B           		dec hl
  84+ 8FE0 E5           		push hl
  85+ 8FE1 EB           		ex de,hl			;je v DE
  86+ 8FE2 21 14 91     		ld hl,DIRBUFF+7		;az kam
  87+ 8FE5 B7           		or a
  88+ 8FE6 ED 52        		sbc hl,de
  89+ 8FE8 E5           		push hl
  90+ 8FE9 C1           		pop bc				;počet bytu
  91+ 8FEA E1           		pop hl
  92+ 8FEB 54           		ld d,h
  93+ 8FEC 5D           		ld e,l
  94+ 8FED 13           		inc de
  95+ 8FEE 3E 20        		ld a,32
  96+ 8FF0 77           		ld (hl),a
  97+ 8FF1 ED B0        		ldir
  98+ 8FF3
  99+ 8FF3              PRK2
 100+ 8FF3 AF           		xor a
 101+ 8FF4 21 18 91     		ld hl,DIRBUFF+11
 102+ 8FF7 77           		ld (hl),a
 103+ 8FF8 23           		inc hl
 104+ 8FF9 77           		ld (hl),a
 105+ 8FFA 23           		inc hl
 106+ 8FFB 77           		ld (hl),a
 107+ 8FFC 23           		inc hl
 108+ 8FFD 77           		ld (hl),a
 109+ 8FFE 21 14 91     		ld hl,DIRBUFF+7
 110+ 9001 CB FE        		set 7,(hl)
 111+ 9003
 112+ 9003 CD 9E 83             call dospage
 113+ 9006              fa
 114+ 9006 AF           		xor a
 115+ 9007 21 0A 91     		ld hl,parrent
 116+ 900A CD B1 01     		call $01b1				;skoc do nadrizeneho adresare
 117+ 900D
 118+ 900D ED 91 55 5F  		nextreg $55,95
 119+ 9011
 120+ 9011 21 00 A0     		ld hl,$a000
 121+ 9014 22 26 90     		ld (FF+1),hl
 122+ 9017 AF           		xor a
 123+ 9018 32 85 87     		ld (virtmem),a
 124+ 901B
 125+ 901B 11 01 A0     		ld de,$a001
 126+ 901E 01 00 02     		ld bc,$200
 127+ 9021 AF           		xor a
 128+ 9022 77           		ld (hl),a
 129+ 9023 ED B0        		ldir
 130+ 9025
 131+ 9025
 132+ 9025 11 00 00     FF		ld de,$0
 133+ 9028 06 02                ld b,2
 134+ 902A 21 6B 87             ld hl,stardstar
 135+ 902D 0E 07        		ld c,%111
 136+ 902F              		;ld a,%1000
 137+ 902F CD 1E 01     		call dos_catalog
 138+ 9032 22 66 87     		ld (savehl),hl
 139+ 9035 DD 22 68 87  		ld (saveix),ix
 140+ 9039 CD D3 84     		call NOBUFF83
 141+ 903C              PRK4
 142+ 903C 11 0D 91     		ld de,DIRBUFF			;jmeno souboru
 143+ 903F 21 6B 87     		ld hl,stardstar
 144+ 9042 DD 2A 66 87  		ld ix,(savehl)
 145+ 9046 01 C5 9C     		ld bc,LFNNAME
 146+ 9049 CD B7 01     		call	$01b7
 147+ 904C              						;skoc zpatky do adresare
 148+ 904C
 149+ 904C 06 0B                ld b,11
 150+ 904E 21 0D 91     		ld hl,DIRBUFF
 151+ 9051              prk00							;vynuluj všechny stavové bity v názvu (7.)
 152+ 9051 CB BE        		res 7,(hl)
 153+ 9053 23           		inc hl
 154+ 9054 10 FB        		djnz prk00
 155+ 9056
 156+ 9056 3E FF        		ld a,255
 157+ 9058 32 18 91     		ld (DIRBUFF+11),a
 158+ 905B 21 0D 91     		ld hl,DIRBUFF
 159+ 905E AF           		xor a
 160+ 905F CD B1 01     		call $01b1
 161+ 9062 CD AE 83             call basicpage
 162+ 9065              PRK5
 163+ 9065 21 C5 9C             ld hl,LFNNAME
 164+ 9068 01 14 00             ld bc,20
 165+ 906B 3E FF                ld a,255
 166+ 906D ED B1                cpir
 167+ 906F 2B                   dec hl
 168+ 9070
 169+ 9070 AF                   xor a
 170+ 9071 77           		ld (hl),a
 171+ 9072 32 D8 9C             ld (LFNNAME+19),a
 172+ 9075 CD C2 90     		call addDriveToPanelTitle
 173+ 9078
 174+ 9078
 175+ 9078 21 EA 90     		ld hl,dirpos
 176+ 907B CD 50 7F             call ROZHOD2
 177+ 907E 7E                   ld a,(hl)
 178+ 907F 23                   inc hl
 179+ 9080 66                   ld h,(hl)
 180+ 9081 6F                   ld l,a
 181+ 9082 AF                   xor a
 182+ 9083 11 C5 9C     		ld de,LFNNAME
 183+ 9086 CD 09 81     		call print
 184+ 9089 CD D3 84     		call NOBUFF83
 185+ 908C C9           		ret
 186+ 908D
 187+ 908D 00 00        directoryHandle defw 0
 188+ 908F              ;pks 	defs 100
 189+ 908F              getdirroot
 190+ 908F 3A 1C 91         	ld a,(modstart)
 191+ 9092 32 C5 9C     		ld (LFNNAME),a
 192+ 9095 3E 5D        		ld a,"]"
 193+ 9097 32 C6 9C     		ld (LFNNAME+1),a
 194+ 909A 3E 20        		ld a," "
 195+ 909C 32 C7 9C     		ld (LFNNAME+2),a
 196+ 909F 3E 5B        		ld a,"["
 197+ 90A1 32 C8 9C     		ld (LFNNAME+3),a
 198+ 90A4 3E 2F        		ld a,"/"
 199+ 90A6 32 C9 9C     		ld (LFNNAME+4),a
 200+ 90A9 AF           		xor a
 201+ 90AA 32 CA 9C     		ld (LFNNAME+5),a
 202+ 90AD
 203+ 90AD
 204+ 90AD
 205+ 90AD 21 EA 90     		ld hl,dirpos
 206+ 90B0 CD 50 7F             call ROZHOD2
 207+ 90B3 7E                   ld a,(hl)
 208+ 90B4 23                   inc hl
 209+ 90B5 66                   ld h,(hl)
 210+ 90B6 6F                   ld l,a
 211+ 90B7 AF                   xor a
 212+ 90B8 11 C5 9C     		ld de,LFNNAME
 213+ 90BB CD 09 81     		call print
 214+ 90BE
 215+ 90BE CD D3 84     		call NOBUFF83
 216+ 90C1
 217+ 90C1 C9           		ret
 218+ 90C2
 219+ 90C2              addDriveToPanelTitle
 220+ 90C2 21 D4 9C     		ld hl,LFNNAME+15
 221+ 90C5 11 D8 9C     		ld de,LFNNAME+19
 222+ 90C8 06 10        		ld b,16
 223+ 90CA              .shiftTitle
 224+ 90CA 7E           		ld a,(hl)
 225+ 90CB 12           		ld (de),a
 226+ 90CC 2B           		dec hl
 227+ 90CD 1B           		dec de
 228+ 90CE 10 FA        		djnz .shiftTitle
 229+ 90D0 3A 1C 91     		ld a,(modstart)
 230+ 90D3 32 C5 9C     		ld (LFNNAME),a
 231+ 90D6 3E 5D        		ld a,"]"
 232+ 90D8 32 C6 9C     		ld (LFNNAME+1),a
 233+ 90DB 3E 20        		ld a," "
 234+ 90DD 32 C7 9C     		ld (LFNNAME+2),a
 235+ 90E0 3E 5B        		ld a,"["
 236+ 90E2 32 C8 9C     		ld (LFNNAME+3),a
 237+ 90E5 AF           	xor a
 238+ 90E6 32 D9 9C     		ld (LFNNAME+20),a
 239+ 90E9 C9           		ret
 240+ 90EA
 241+ 90EA 01 09        dirpos      defw 9*256+1
 242+ 90EC 01 31                    defw 49*256+1
 243+ 90EE 01 08        emptypos    defw 8*256+1
 244+ 90F0 01 30                    defw 48*256+1
 245+ 90F2
 246+ 90F2 5B 20 20 20  emptydir    defb "[                     ]",0
 246+ 90F6 20 20 20 20
 246+ 90FA 20 20 20 20
 246+ 90FE 20 20 20 20
 246+ 9102 20 20 20 20
 246+ 9106 20 20 5D 00
 247+ 910A 2E 2E FF     parrent 	defb 	"..",#ff
 248+ 910D 00 00 00...  DIRBUFF	    defs 15
 249+ 911C 00 00 00...  modstart    defs 256
 250+ 921C 44 69 72 3A  lfndir		defb "Dir:", 0
 250+ 9220 00
 251+ 9221 00 00 00...  NAZEVADRESARE	ds 20
 252+ 9235
# file closed: functions/getdir.asm
4427  9235                      include "functions/delete.asm"
# file opened: functions/delete.asm
   1+ 9235              moredelete
   2+ 9235
   3+ 9235
   4+ 9235 CD B6 7E     		call savescr
   5+ 9238
   6+ 9238 21 0A 0A     		ld hl,10 * 256 + 10
   7+ 923B 01 05 3C     		ld bc,60 * 256 + 5
   8+ 923E 3E 10        		ld a,16
   9+ 9240 CD 2C 81     		call window
  10+ 9243
  11+ 9243 21 0B 0B     		ld hl,11*256+11
  12+ 9246 3E 10        		ld a,16
  13+ 9248 11 8F DD     		ld de,moredeletetxt
  14+ 924B CD 09 81     		call print
  15+ 924E
  16+ 924E 21 0A CB     		ld hl,numsel
  17+ 9251 CD 50 7F     		call ROZHOD2
  18+ 9254
  19+ 9254 7E           		ld a,(hl)
  20+ 9255 23           		inc hl
  21+ 9256 66           		ld h,(hl)
  22+ 9257 6F           		ld l,a
  23+ 9258 E5           		push hl			;uloz pocet označených souborů
  24+ 9259
  25+ 9259 21 4E 7D     		ld hl,NUMBUF	;smazání buferu pro INPUT
  26+ 925C 11 4F 7D     		ld de,NUMBUF+1
  27+ 925F 01 05 00     		ld bc,5
  28+ 9262 3E 20        		ld a,32
  29+ 9264 77           		ld (hl),a
  30+ 9265 ED B0        		ldir
  31+ 9267 21 4E 7D     		ld hl,NUMBUF
  32+ 926A AF           		xor a
  33+ 926B 32 53 7D     		ld (NUMBUF+5),a
  34+ 926E 22 99 7D     		ld (numadr+1),hl
  35+ 9271 E1           		pop hl
  36+ 9272 CD 6D 7D     		call DECIMAL5
  37+ 9275 21 0B 12     		ld hl,18*256+11
  38+ 9278 3E 10        		ld a,16
  39+ 927A 11 4E 7D     		ld de,NUMBUF
  40+ 927D CD 09 81     		call print
  41+ 9280
  42+ 9280
  43+ 9280 21 0F 3C     		ld hl,60*256+15
  44+ 9283 3E 30        		ld a,48
  45+ 9285 11 20 8C     		ld de,yestxt
  46+ 9288 CD 09 81     		call print
  47+ 928B
  48+ 928B 21 0E 3C     		ld hl,60*256+14
  49+ 928E 3E 10        		ld a,16
  50+ 9290 11 D4 8C     		ld de,notxt
  51+ 9293 CD 09 81     		call print
  52+ 9296              mdeletewait
  53+ 9296
  54+ 9296 AF           		xor a
  55+ 9297 32 4E 73     		ld (TLACITKO),a
  56+ 929A CD AA 7F     		call INKEY
  57+ 929D FE 01        		cp 1
  58+ 929F CA F9 96     		jp z,deleteend		;nic nekopiruj - obnov obrazovku
  59+ 92A2 FE 0D        		cp 13
  60+ 92A4 20 F0        		jr nz,mdeletewait
  61+ 92A6
  62+ 92A6              mdeletecont
  63+ 92A6
  64+ 92A6 21 0B 0B     		ld hl,11*256+11
  65+ 92A9 3E 10        		ld a,16
  66+ 92AB 11 07 97     		ld de,deleting
  67+ 92AE CD 09 81     		call print
  68+ 92B1
  69+ 92B1 21 0A CB     		ld hl,numsel
  70+ 92B4 CD 50 7F     		call ROZHOD2
  71+ 92B7
  72+ 92B7 7E           		ld a,(hl)
  73+ 92B8 23           		inc hl
  74+ 92B9 56           		ld d,(hl)
  75+ 92BA 5F           		ld e,a
  76+ 92BB
  77+ 92BB CD 40 75     		call PROVYP
  78+ 92BE 87           		add a,a
  79+ 92BF 22 57 93     		ld   (DPPX1+1),hl
  80+ 92C2 32 5F 93             ld   (DPPX3+1),a
  81+ 92C5 21 00 00             ld   hl,0
  82+ 92C8 22 3E 75             ld   (PROGPROM),hl
  83+ 92CB 21 B6 49     		ld   hl,$4000+160*15+23 + 1 + 62
  84+ 92CE 36 7C        		ld (hl),"|"
  85+ 92D0 21 00 00     		ld hl,0
  86+ 92D3
  87+ 92D3              deletenext
  88+ 92D3 E5           		push hl
  89+ 92D4 22 35 A4     		ld (cislo_souboru+1),hl
  90+ 92D7 CD 65 7F     		call find83
  91+ 92DA CD C2 84     		call BUFF83
  92+ 92DD
  93+ 92DD CD C2 84     		call BUFF83
  94+ 92E0 2A 96 7F     		ld hl,(foundfile)
  95+ 92E3 11 49 8A     		ld de,ban1
  96+ 92E6 3E 00        		ld a,0
  97+ 92E8 CD E6 D2     		call specific_search
  98+ 92EB CA 66 93     		jp z,nemazat
  99+ 92EE 2A 96 7F     		ld hl,(foundfile)
 100+ 92F1 11 55 8A     		ld de,ban2
 101+ 92F4 3E 00        		ld a,0
 102+ 92F6 CD E6 D2     		call specific_search
 103+ 92F9 CA 66 93     		jp z,nemazat
 104+ 92FC
 105+ 92FC 2A 96 7F     		ld hl,(foundfile)
 106+ 92FF CB 7E        		bit 7,(hl)
 107+ 9301 CA 66 93     		jp z,nemazat
 108+ 9304 CB BE        		res 7,(hl)
 109+ 9306
 110+ 9306 DD 21 98 7F  		ld ix,TMP83				;zjisti jestli se jedná o adresář
 111+ 930A DD CB 07 7E  		bit 7,(ix+7)
 112+ 930E 20 06        		jr nz,isdirdelm
 113+ 9310 AF           		xor a
 114+ 9311 32 2E 93     		ld (smazdirm+1),a
 115+ 9314 18 05        		jr dcm
 116+ 9316              isdirdelm
 117+ 9316 3E 01        		ld a,1
 118+ 9318 32 2E 93     		ld (smazdirm+1),a
 119+ 931B              dcm
 120+ 931B
 121+ 931B 06 0B        		ld b,11
 122+ 931D 21 98 7F     		ld hl,TMP83
 123+ 9320              ACCCAC							;vynuluj všechny stavové bity v názvu (7.)
 124+ 9320 CB BE        		res 7,(hl)
 125+ 9322 23           		inc hl
 126+ 9323 10 FB        		djnz ACCCAC
 127+ 9325 3E FF        		ld a,$ff
 128+ 9327 32 A3 7F     		ld (TMP83+11),a
 129+ 932A
 130+ 932A CD 9E 83     		call dospage
 131+ 932D
 132+ 932D 3E 00        smazdirm	ld a,0
 133+ 932F B7           		or a
 134+ 9330 28 08        		jr z,nenidirm
 135+ 9332 CD AE 83     		call basicpage
 136+ 9335 CD AB 9A     		call system_delete_dir_from_index
 137+ 9338 18 12        		jr pokrm
 138+ 933A              nenidirm
 139+ 933A 16 00        		ld d,00000000b
 140+ 933C 1E 00        		ld e,0
 141+ 933E 21 98 7F     		ld hl,TMP83
 142+ 9341 CB CB        		set 1,e
 143+ 9343 CD 48 01     		call 0148h
 144+ 9346
 145+ 9346
 146+ 9346 21 98 7F     		ld hl,TMP83
 147+ 9349 CD 24 01     		call $0124
 148+ 934C
 149+ 934C              pokrm
 150+ 934C
 151+ 934C CD AE 83     		call basicpage
 152+ 934F              ;------------------------
 153+ 934F
 154+ 934F 2A 3E 75     		ld   hl,(PROGPROM)
 155+ 9352 23                   inc  hl
 156+ 9353 22 3E 75             ld   (PROGPROM),hl
 157+ 9356 11 00 00     DPPX1    ld   de,0
 158+ 9359 B7                    or   a
 159+ 935A ED 52                 sbc  hl,de
 160+ 935C 38 08                 jr   c,DPPNE1
 161+ 935E 06 01        DPPX3    ld   b,1
 162+ 9360 22 3E 75              ld   (PROGPROM),hl
 163+ 9363 CD 7A 75              call PROGRES
 164+ 9366              DPPNE1
 165+ 9366
 166+ 9366              nemazat
 167+ 9366
 168+ 9366 21 4F 87     		ld hl,ALLFILES
 169+ 9369 CD 50 7F     		call ROZHOD2
 170+ 936C 7E           		ld a,(hl)
 171+ 936D 23           		inc hl
 172+ 936E 56           		ld d,(hl)
 173+ 936F 5F           		ld e,a
 174+ 9370 E1           		pop hl
 175+ 9371 B7           		or a
 176+ 9372 ED 52        		sbc hl,de
 177+ 9374 19           		add hl,de
 178+ 9375 CA 7C 93     		jp z,mmorekonec
 179+ 9378 23           		inc hl
 180+ 9379 C3 D3 92     		jp deletenext
 181+ 937C
 182+ 937C              mmorekonec
 183+ 937C
 184+ 937C 21 00 00     		ld hl,0
 185+ 937F 21 4F 87     		ld hl,ALLFILES
 186+ 9382 CD 50 7F     		call ROZHOD2
 187+ 9385 AF           		xor a
 188+ 9386 77           		ld (hl),a
 189+ 9387 23           		inc hl
 190+ 9388 77           		ld (hl),a
 191+ 9389 21 A3 89     		ld hl,POSKURZL
 192+ 938C CD 48 7F     		call ROZHOD
 193+ 938F AF           		xor a
 194+ 9390 77           		ld (hl),a
 195+ 9391 CD CA 7E     		call loadscr
 196+ 9394
 197+ 9394 21 6E 7E     		ld hl,pozicel
 198+ 9397 CD 50 7F     		call ROZHOD2
 199+ 939A 7E           		ld a,(hl)
 200+ 939B 23           		inc hl
 201+ 939C 66           		ld h,(hl)
 202+ 939D 6F           		ld l,a
 203+ 939E
 204+ 939E 01 1B 26     		ld bc,38 * 256 + 27
 205+ 93A1 3E 00        		ld a,0
 206+ 93A3 CD 2C 81     		call window
 207+ 93A6
 208+ 93A6
 209+ 93A6 CD B3 82     		call reload_dir
 210+ 93A9
 211+ 93A9 21 72 7E     		ld hl,adrl
 212+ 93AC CD 50 7F     		call ROZHOD2
 213+ 93AF 7E           		ld a,(hl)
 214+ 93B0 23           		inc hl
 215+ 93B1 66           		ld h,(hl)
 216+ 93B2 6F           		ld l,a
 217+ 93B3 22 A3 C8     		ld (adrs+1),hl
 218+ 93B6 CD 25 7E     		call getroot_reload
 219+ 93B9 CD 4B C7     		call showwin
 220+ 93BC 3E 20        		ld a,32
 221+ 93BE CD 18 7F     		call writecur
 222+ 93C1 CD 67 8F     		call GETDIR
 223+ 93C4
 224+ 93C4
 225+ 93C4              ;---------------------------
 226+ 93C4 CD 76 7E     		call PROHOD
 227+ 93C7
 228+ 93C7 CD 9E 83     		call dospage
 229+ 93CA 21 8F 87     		ld hl,pathl
 230+ 93CD CD 50 7F     		call ROZHOD2
 231+ 93D0 7E           		ld a,(hl)
 232+ 93D1 23           		inc hl
 233+ 93D2 66           		ld h,(hl)
 234+ 93D3 6F           		ld l,a
 235+ 93D4
 236+ 93D4 AF           		xor a
 237+ 93D5 CD B1 01     		call $01b1
 238+ 93D8 CD AE 83     		call basicpage
 239+ 93DB
 240+ 93DB 21 00 00     		ld hl,0
 241+ 93DE 21 4F 87     		ld hl,ALLFILES
 242+ 93E1 CD 50 7F     		call ROZHOD2
 243+ 93E4 AF           		xor a
 244+ 93E5 77           		ld (hl),a
 245+ 93E6 23           		inc hl
 246+ 93E7 77           		ld (hl),a
 247+ 93E8 21 A3 89     		ld hl,POSKURZL
 248+ 93EB CD 48 7F     		call ROZHOD
 249+ 93EE AF           		xor a
 250+ 93EF 77           		ld (hl),a
 251+ 93F0
 252+ 93F0
 253+ 93F0 21 6E 7E     		ld hl,pozicel
 254+ 93F3 CD 50 7F     		call ROZHOD2
 255+ 93F6 7E           		ld a,(hl)
 256+ 93F7 23           		inc hl
 257+ 93F8 66           		ld h,(hl)
 258+ 93F9 6F           		ld l,a
 259+ 93FA
 260+ 93FA 01 1B 26     		ld bc,38 * 256 + 27
 261+ 93FD 3E 00        		ld a,0
 262+ 93FF CD 2C 81     		call window
 263+ 9402
 264+ 9402
 265+ 9402 CD B3 82     		call reload_dir
 266+ 9405
 267+ 9405 21 72 7E     		ld hl,adrl
 268+ 9408 CD 50 7F     		call ROZHOD2
 269+ 940B 7E           		ld a,(hl)
 270+ 940C 23           		inc hl
 271+ 940D 66           		ld h,(hl)
 272+ 940E 6F           		ld l,a
 273+ 940F 22 A3 C8     		ld (adrs+1),hl
 274+ 9412 CD 25 7E     		call getroot_reload
 275+ 9415 CD 4B C7     		call showwin
 276+ 9418 CD 67 8F     		call GETDIR
 277+ 941B CD 76 7E     		call PROHOD
 278+ 941E
 279+ 941E CD 9E 83     		call dospage
 280+ 9421 21 8F 87     		ld hl,pathl
 281+ 9424 CD 50 7F     		call ROZHOD2
 282+ 9427 7E           		ld a,(hl)
 283+ 9428 23           		inc hl
 284+ 9429 66           		ld h,(hl)
 285+ 942A 6F           		ld l,a
 286+ 942B
 287+ 942B AF           		xor a
 288+ 942C CD B1 01     		call $01b1
 289+ 942F CD AE 83     		call basicpage
 290+ 9432 CD 8E 73     		call freespace
 291+ 9435 C3 83 72     		jp loop0
 292+ 9438
 293+ 9438
 294+ 9438
 295+ 9438              delete
 296+ 9438 AF           		xor a
 297+ 9439 32 06 97     		ld (yestoall),a
 298+ 943C 21 0A CB     		ld hl,numsel
 299+ 943F CD 50 7F     		call ROZHOD2
 300+ 9442 7E           		ld a,(hl)
 301+ 9443 23           		inc hl
 302+ 9444 66           		ld h,(hl)
 303+ 9445 6F           		ld l,a
 304+ 9446 B4           		or h
 305+ 9447 C2 35 92     		jp nz,moredelete
 306+ 944A
 307+ 944A 21 A3 89     		ld hl,POSKURZL
 308+ 944D CD 48 7F     		call ROZHOD
 309+ 9450 7E           		ld a,(hl)
 310+ 9451 6F           		ld l,a
 311+ 9452 26 00        		ld h,0
 312+ 9454 22 35 A4     		ld (cislo_souboru+1),hl
 313+ 9457
 314+ 9457 E5           		push hl
 315+ 9458 21 A9 89     		ld hl,STARTWINL
 316+ 945B CD 50 7F     		call ROZHOD2
 317+ 945E 7E           		ld a,(hl)
 318+ 945F 23           		inc hl
 319+ 9460 66           		ld h,(hl)
 320+ 9461 6F           		ld l,a
 321+ 9462
 322+ 9462 EB           		ex de,hl
 323+ 9463 E1           		pop hl
 324+ 9464 19           		add hl,de
 325+ 9465 E5           		push hl
 326+ 9466 23           		inc hl
 327+ 9467 CD 65 7F     		call find83
 328+ 946A E1           		pop hl
 329+ 946B CD C1 D1     		call FINDLFN
 330+ 946E
 331+ 946E
 332+ 946E CD C2 84     		call BUFF83
 333+ 9471 2A 96 7F     		ld hl,(foundfile)
 334+ 9474 11 49 8A     		ld de,ban1
 335+ 9477 3E 00        		ld a,0
 336+ 9479 CD E6 D2     		call specific_search
 337+ 947C CA 83 72     		jp z,loop0
 338+ 947F 2A 96 7F     		ld hl,(foundfile)
 339+ 9482 11 55 8A     		ld de,ban2
 340+ 9485 3E 00        		ld a,0
 341+ 9487 CD E6 D2     		call specific_search
 342+ 948A CA 83 72     		jp z,loop0
 343+ 948D
 344+ 948D CD B6 7E     		call savescr
 345+ 9490 21 0A 0A     		ld hl,10 * 256 + 10
 346+ 9493 01 05 3C     		ld bc,60 * 256 + 5
 347+ 9496 3E 10        		ld a,16
 348+ 9498 CD 2C 81     		call window
 349+ 949B
 350+ 949B 21 0B 0B     		ld hl,11*256+11
 351+ 949E 3E 10        		ld a,16
 352+ 94A0 11 08 8C     		ld de,onedeletetxt
 353+ 94A3 CD 09 81     		call print
 354+ 94A6
 355+ 94A6 21 C5 9C     		ld hl,LFNNAME
 356+ 94A9 11 1E 8D     		ld de,bfname
 357+ 94AC 01 23 00     		ld bc,35
 358+ 94AF ED B0        		ldir
 359+ 94B1 21 43 8D     		ld hl,bfname+37
 360+ 94B4 AF           		xor a
 361+ 94B5 77           		ld (hl),a
 362+ 94B6 21 0B 22     		ld hl,34*256+11
 363+ 94B9 3E 10        		ld a,16
 364+ 94BB 11 1E 8D     		ld de,bfname
 365+ 94BE CD 09 81     		call print
 366+ 94C1
 367+ 94C1 21 0F 3C     		ld hl,60*256+15
 368+ 94C4 3E 30        		ld a,48
 369+ 94C6 11 20 8C     		ld de,yestxt
 370+ 94C9 CD 09 81     		call print
 371+ 94CC
 372+ 94CC 21 0E 3C     		ld hl,60*256+14
 373+ 94CF 3E 10        		ld a,16
 374+ 94D1 11 D4 8C     		ld de,notxt
 375+ 94D4 CD 09 81     		call print
 376+ 94D7
 377+ 94D7 CD D3 84     		call NOBUFF83
 378+ 94DA              deletewait
 379+ 94DA AF           		xor a
 380+ 94DB 32 4E 73     		ld (TLACITKO),a
 381+ 94DE CD AA 7F     		call INKEY
 382+ 94E1 FE 01        		cp 1
 383+ 94E3 CA 4D A2     		jp z,copyend
 384+ 94E6 FE 0D        		cp 13
 385+ 94E8 28 02        		jr z,deletecont
 386+ 94EA 18 EE        		jr deletewait
 387+ 94EC
 388+ 94EC              deletecont
 389+ 94EC              DT
 390+ 94EC DD 21 98 7F  		ld ix,TMP83
 391+ 94F0 DD CB 07 7E  		bit 7,(ix+7)
 392+ 94F4 20 06        		jr nz,isdirdel
 393+ 94F6 AF           		xor a
 394+ 94F7 32 14 95     		ld (smazdir+1),a
 395+ 94FA 18 05        		jr dc
 396+ 94FC              isdirdel
 397+ 94FC 3E 01        		ld a,1
 398+ 94FE 32 14 95     		ld (smazdir+1),a
 399+ 9501 06 0B        dc		ld b,11
 400+ 9503 21 98 7F     		ld hl,TMP83
 401+ 9506              CCCAC							;vynuluj všechny stavové bity v názvu (7.)
 402+ 9506 CB BE        		res 7,(hl)
 403+ 9508 23           		inc hl
 404+ 9509 10 FB        		djnz CCCAC
 405+ 950B 3E FF        		ld a,$ff
 406+ 950D 32 A3 7F     		ld (TMP83+11),a
 407+ 9510
 408+ 9510 CD 9E 83     		call dospage
 409+ 9513 3E 00        smazdir	ld a,0
 410+ 9515 B7           		or a
 411+ 9516 28 08        		jr z,nenidir
 412+ 9518 CD AE 83     		call basicpage
 413+ 951B CD B2 9A     		call system_delete_dir_from_lfn
 414+ 951E 18 12        		jr pokr
 415+ 9520              nenidir
 416+ 9520 16 00        		ld d,00000000b
 417+ 9522 1E 00        		ld e,0
 418+ 9524 21 98 7F     		ld hl,TMP83
 419+ 9527 CB CB        		set 1,e
 420+ 9529 CD 48 01     		call 0148h
 421+ 952C
 422+ 952C 21 98 7F     		ld hl,TMP83
 423+ 952F CD 24 01     		call $0124
 424+ 9532
 425+ 9532
 426+ 9532              pokr
 427+ 9532 CD AE 83     		call basicpage
 428+ 9535              ;------------------------
 429+ 9535              KON
 430+ 9535
 431+ 9535 21 00 00     		ld hl,0
 432+ 9538 21 4F 87     		ld hl,ALLFILES
 433+ 953B CD 50 7F     		call ROZHOD2
 434+ 953E AF           		xor a
 435+ 953F 77           		ld (hl),a
 436+ 9540 23           		inc hl
 437+ 9541 77           		ld (hl),a
 438+ 9542 21 A3 89     		ld hl,POSKURZL
 439+ 9545 CD 48 7F     		call ROZHOD
 440+ 9548 AF           		xor a
 441+ 9549 77           		ld (hl),a
 442+ 954A
 443+ 954A CD 9E 83     		call dospage
 444+ 954D 21 8F 87     		ld hl,pathl
 445+ 9550 CD 50 7F     		call ROZHOD2
 446+ 9553 7E           		ld a,(hl)
 447+ 9554 23           		inc hl
 448+ 9555 66           		ld h,(hl)
 449+ 9556 6F           		ld l,a
 450+ 9557
 451+ 9557 AF           		xor a
 452+ 9558 CD B1 01     		call $01b1
 453+ 955B CD AE 83     		call basicpage
 454+ 955E
 455+ 955E CD B3 82     		call reload_dir
 456+ 9561 CD CA 7E     		call loadscr
 457+ 9564
 458+ 9564 21 6E 7E     		ld hl,pozicel
 459+ 9567 CD 50 7F     		call ROZHOD2
 460+ 956A 7E           		ld a,(hl)
 461+ 956B 23           		inc hl
 462+ 956C 66           		ld h,(hl)
 463+ 956D 6F           		ld l,a
 464+ 956E
 465+ 956E 01 1B 26     		ld bc,38 * 256 + 27
 466+ 9571 3E 00        		ld a,0
 467+ 9573 CD 2C 81     		call window
 468+ 9576
 469+ 9576
 470+ 9576 21 72 7E     		ld hl,adrl
 471+ 9579 CD 50 7F     		call ROZHOD2
 472+ 957C 7E           		ld a,(hl)
 473+ 957D 23           		inc hl
 474+ 957E 66           		ld h,(hl)
 475+ 957F 6F           		ld l,a
 476+ 9580 22 A3 C8     		ld (adrs+1),hl
 477+ 9583 CD 25 7E     		call getroot_reload
 478+ 9586 CD 4B C7     		call showwin
 479+ 9589 3E 20        		ld a,32
 480+ 958B CD 18 7F     		call writecur
 481+ 958E CD 67 8F     		call GETDIR
 482+ 9591              ;---------------------------
 483+ 9591 CD 76 7E     		call PROHOD
 484+ 9594
 485+ 9594 CD 9E 83     		call dospage
 486+ 9597 21 8F 87     		ld hl,pathl
 487+ 959A CD 50 7F     		call ROZHOD2
 488+ 959D 7E           		ld a,(hl)
 489+ 959E 23           		inc hl
 490+ 959F 66           		ld h,(hl)
 491+ 95A0 6F           		ld l,a
 492+ 95A1
 493+ 95A1 AF           		xor a
 494+ 95A2 CD B1 01     		call $01b1
 495+ 95A5 CD AE 83     		call basicpage
 496+ 95A8
 497+ 95A8 21 00 00     		ld hl,0
 498+ 95AB 21 4F 87     		ld hl,ALLFILES
 499+ 95AE CD 50 7F     		call ROZHOD2
 500+ 95B1 AF           		xor a
 501+ 95B2 77           		ld (hl),a
 502+ 95B3 23           		inc hl
 503+ 95B4 77           		ld (hl),a
 504+ 95B5 21 A3 89     		ld hl,POSKURZL
 505+ 95B8 CD 48 7F     		call ROZHOD
 506+ 95BB AF           		xor a
 507+ 95BC 77           		ld (hl),a
 508+ 95BD              		;call loadscr
 509+ 95BD
 510+ 95BD 21 6E 7E     		ld hl,pozicel
 511+ 95C0 CD 50 7F     		call ROZHOD2
 512+ 95C3 7E           		ld a,(hl)
 513+ 95C4 23           		inc hl
 514+ 95C5 66           		ld h,(hl)
 515+ 95C6 6F           		ld l,a
 516+ 95C7
 517+ 95C7 01 1B 26     		ld bc,38 * 256 + 27
 518+ 95CA 3E 00        		ld a,0
 519+ 95CC CD 2C 81     		call window
 520+ 95CF
 521+ 95CF
 522+ 95CF CD B3 82     		call reload_dir
 523+ 95D2
 524+ 95D2 21 72 7E     		ld hl,adrl
 525+ 95D5 CD 50 7F     		call ROZHOD2
 526+ 95D8 7E           		ld a,(hl)
 527+ 95D9 23           		inc hl
 528+ 95DA 66           		ld h,(hl)
 529+ 95DB 6F           		ld l,a
 530+ 95DC 22 A3 C8     		ld (adrs+1),hl
 531+ 95DF CD 25 7E     		call getroot_reload
 532+ 95E2 CD 4B C7     		call showwin
 533+ 95E5 CD 67 8F     		call GETDIR
 534+ 95E8 CD 76 7E     		call PROHOD
 535+ 95EB
 536+ 95EB CD 9E 83     		call dospage
 537+ 95EE 21 8F 87     		ld hl,pathl
 538+ 95F1 CD 50 7F     		call ROZHOD2
 539+ 95F4 7E           		ld a,(hl)
 540+ 95F5 23           		inc hl
 541+ 95F6 66           		ld h,(hl)
 542+ 95F7 6F           		ld l,a
 543+ 95F8
 544+ 95F8 AF           		xor a
 545+ 95F9 CD B1 01     		call $01b1
 546+ 95FC CD AE 83     		call basicpage
 547+ 95FF CD 8E 73       		call freespace
 548+ 9602 C3 83 72     		jp loop0
 549+ 9605
 550+ 9605 44 69 72 65  errordel	defb "Directory is not empty. Delete?",0
 550+ 9609 63 74 6F 72
 550+ 960D 79 20 69 73
 550+ 9611 20 6E 6F 74
 550+ 9615 20 65 6D 70
 550+ 9619 74 79 2E 20
 550+ 961D 44 65 6C 65
 550+ 9621 74 65 3F 00
 551+ 9625
 552+ 9625              vymaz_vse_v_adresari
 553+ 9625
 554+ 9625 3E 00        		ld a,0
 555+ 9627 B7           		or a
 556+ 9628 20 7F        		jr nz,smaz
 557+ 962A
 558+ 962A 3A 06 97     		ld a,(yestoall)
 559+ 962D FE 01        		cp 1
 560+ 962F 28 78        		jr z,smaz
 561+ 9631
 562+ 9631 3E 01        		ld a,1
 563+ 9633 32 26 96     		ld (vymaz_vse_v_adresari+1),a
 564+ 9636 CD AE 83     		call basicpage
 565+ 9639
 566+ 9639 CD B6 7E     		call savescr
 567+ 963C 21 0A 0A     		ld hl,10 * 256 + 10
 568+ 963F 01 05 3C     		ld bc,60 * 256 + 5
 569+ 9642 3E 10        		ld a,16
 570+ 9644 CD 2C 81     		call window
 571+ 9647
 572+ 9647 21 0B 0B     		ld hl,11*256+11
 573+ 964A 3E 10        		ld a,16
 574+ 964C 11 05 96     		ld de,errordel
 575+ 964F CD 09 81     		call print
 576+ 9652
 577+ 9652 21 0F 3C     		ld hl,60*256+15
 578+ 9655 3E 30        		ld a,48
 579+ 9657 11 20 8C     		ld de,yestxt
 580+ 965A CD 09 81     		call print
 581+ 965D
 582+ 965D 21 0F 0B     		ld hl,11*256+15
 583+ 9660 3E 10        		ld a,16
 584+ 9662 11 60 8C     		ld de,yesall
 585+ 9665 CD 09 81     		call print
 586+ 9668
 587+ 9668
 588+ 9668 21 0E 3C     		ld hl,60*256+14
 589+ 966B 3E 10        		ld a,16
 590+ 966D 11 D4 8C     		ld de,notxt
 591+ 9670 CD 09 81     		call print
 592+ 9673              edeletewait
 593+ 9673 AF           		xor a
 594+ 9674 32 4E 73     		ld (TLACITKO),a
 595+ 9677 CD AA 7F     		call INKEY
 596+ 967A FE 01        		cp 1
 597+ 967C CA ED 96     		jp z,ecopyend
 598+ 967F FE 0D        		cp 13
 599+ 9681 28 26        		jr z,smaz
 600+ 9683 FE 20        		cp 32
 601+ 9685 28 02        		jr z,toall
 602+ 9687 18 EA        		jr edeletewait
 603+ 9689 3E 01        toall	ld a,1
 604+ 968B 32 06 97     		ld (yestoall),a
 605+ 968E 21 0F 0B     		ld hl,11*256+15
 606+ 9691 3E 10        		ld a,16
 607+ 9693 11 7D 8C     		ld de,yesallsp
 608+ 9696 CD 09 81     		call print
 609+ 9699
 610+ 9699 21 0B 0B     		ld hl,11*256+11
 611+ 969C 3E 10        		ld a,16
 612+ 969E 11 07 97     		ld de,deleting
 613+ 96A1 CD 09 81     		call print
 614+ 96A4
 615+ 96A4 21 B6 49     		ld   hl,$4000+160*15+23 + 1 + 62
 616+ 96A7 36 7C        		ld (hl),"|"
 617+ 96A9
 618+ 96A9              smaz
 619+ 96A9 CD AE 83     		call basicpage
 620+ 96AC 21 0E 2E     		ld hl,46*256+14
 621+ 96AF 3E 10        		ld a,16
 622+ 96B1 11 DF 8C     		ld de,cancel_txt
 623+ 96B4 CD 09 81     		call print
 624+ 96B7
 625+ 96B7
 626+ 96B7 21 0F 3C     		ld hl,60*256+15
 627+ 96BA 3E 10        		ld a,16
 628+ 96BC 11 06 8D     		ld de,spaces
 629+ 96BF CD 09 81     		call print
 630+ 96C2
 631+ 96C2 CD 9E 83     		call dospage
 632+ 96C5
 633+ 96C5 AF           		xor a 			;change path
 634+ 96C6 21 98 7F     		ld hl,TMP83
 635+ 96C9 CD B1 01     		call $01b1		;změň adresář
 636+ 96CC
 637+ 96CC 16 00        		ld d,00000000b
 638+ 96CE 1E 00        		ld e,0
 639+ 96D0 21 FF 96     		ld hl,vse
 640+ 96D3 CB CB        		set 1,e
 641+ 96D5 CD 48 01     		call 0148h
 642+ 96D8
 643+ 96D8
 644+ 96D8 21 FF 96     		ld hl,vse
 645+ 96DB CD 24 01     		call $0124
 646+ 96DE
 647+ 96DE AF           		xor a 			;change path
 648+ 96DF 21 03 97     		ld hl,parrentdir
 649+ 96E2 CD B1 01     		call $01b1		;změň adresář
 650+ 96E5
 651+ 96E5
 652+ 96E5 3E 03        		ld a,3			;zkus znova smazat
 653+ 96E7 21 98 7F     		ld hl,TMP83
 654+ 96EA CD B1 01     		call $01b1		;změň adresář
 655+ 96ED
 656+ 96ED 3A 06 97     ecopyend	ld a,(yestoall)
 657+ 96F0 B7           			or a
 658+ 96F1 C0           			ret nz
 659+ 96F2 CD AE 83     			call basicpage
 660+ 96F5 CD CA 7E     			call loadscr
 661+ 96F8 C9           			ret
 662+ 96F9
 663+ 96F9              deleteend
 664+ 96F9 CD CA 7E     		call loadscr
 665+ 96FC C3 83 72     		jp loop0
 666+ 96FF
 667+ 96FF 2A 2E 2A FF  vse			defb "*.*",255
 668+ 9703 2E 2E FF     parrentdir 	defb "..",255
 669+ 9706 00           yestoall	defb 0
 670+ 9707 44 65 6C 65  deleting	defb "Deleting...                      ",0
 670+ 970B 74 69 6E 67
 670+ 970F 2E 2E 2E 20
 670+ 9713 20 20 20 20
 670+ 9717 20 20 20 20
 670+ 971B 20 20 20 20
 670+ 971F 20 20 20 20
 670+ 9723 20 20 20 20
 670+ 9727 20 00
 671+ 9729
# file closed: functions/delete.asm
4428  9729                      include "functions/file.asm"
# file opened: functions/file.asm
   1+ 9729              ; ============================================================
   2+ 9729              ; Konstanty / nastavení bufferu pro kopírování
   3+ 9729              ; ============================================================
   4+ 9729              LENGHT_BUFFER    equ 6*1024      ; velikost bloku pro čtení/zápis (6 KB na iteraci)
   5+ 9729              PAGE_BUFF        equ 3           ; stránka RAM (bank/page), do které se čte/zapisuje (používá READ/WRITE)
   6+ 9729
   7+ 9729              ; ============================================================
   8+ 9729              ; createfile
   9+ 9729              ; Vytvoří cílový soubor podle LFNNAME v aktuálním cílovém okně.
  10+ 9729              ; Postup:
  11+ 9729              ;  1) PROHOD → přepne aktivní panel (typicky aby se pracovalo s cílovým oknem)
  12+ 9729              ;  2) dospage + $01B1 → nastav aktuální adresář podle pathl
  13+ 9729              ;  3) DOS call 0106h → create file (handle B=2) v režimu exclusive WRITE
  14+ 9729              ;  4) znovu PROHOD → vrať se do původního okna a obnov DOS kontext
  15+ 9729              ; Pozn.: 0106h se tady používá jak pro create, tak později pro open – dle API Next/DOS.
  16+ 9729              ; ============================================================
  17+ 9729              createfile
  18+ 9729              CR
  19+ 9729 CD 76 7E             call PROHOD                                ; přepni na druhé okno (cílový panel)
  20+ 972C
  21+ 972C CD 9E 83             call dospage                               ; přepni do DOS paměťové stránky (kvůli DOS rutinám)
  22+ 972F 21 8F 87             ld hl,pathl
  23+ 9732 CD 50 7F             call ROZHOD2
  24+ 9735 7E                   ld a,(hl)
  25+ 9736 23                   inc hl
  26+ 9737 66                   ld h,(hl)
  27+ 9738 6F                   ld l,a                                    ; HL = pointer na path string pro aktuální okno
  28+ 9739
  29+ 9739 AF                   xor a
  30+ 973A CD B1 01             call $01b1                                 ; DOS: změň adresář / nastav cestu (podle pathl)
  31+ 973D
  32+ 973D                      ; Parametry pro DOS create:
  33+ 973D                      ; B = číslo souboru/handle (2) – u tebe "soubor číslo 1" (pravděpodobně handle 2 = cílový)
  34+ 973D                      ; C = mód (2 = exclusive WRITE)
  35+ 973D                      ; D/E = další parametry (zde D=2, E=4) – typicky atributy/flags dle DOS API
  36+ 973D                      ; HL = pointer na LFN (LFNNAME)
  37+ 973D 06 02                ld b,2                                     ; handle cílového souboru (u tebe "soubor číslo 1")
  38+ 973F 0E 02                ld c,2                                     ; exclusive WRITE
  39+ 9741 16 02                ld d,2
  40+ 9743 1E 04                ld e,4
  41+ 9745 21 C5 9C             ld hl,LFNNAME
  42+ 9748 CD 06 01             call 0106h                                 ; DOS: create file
  43+ 974B
  44+ 974B                      ; vrať kontext zpátky (původní okno)
  45+ 974B CD 76 7E             call PROHOD
  46+ 974E CD 9E 83             call dospage
  47+ 9751 21 8F 87             ld hl,pathl
  48+ 9754 CD 50 7F             call ROZHOD2
  49+ 9757 7E                   ld a,(hl)
  50+ 9758 23                   inc hl
  51+ 9759 66                   ld h,(hl)
  52+ 975A 6F                   ld l,a
  53+ 975B AF                   xor a
  54+ 975C CD B1 01             call $01b1                                 ; DOS: nastav cestu pro původní okno
  55+ 975F CD AE 83             call basicpage                             ; zpět do základní stránky
  56+ 9762 C9                   ret
  57+ 9763
  58+ 9763
  59+ 9763              ; ============================================================
  60+ 9763              ; closefile
  61+ 9763              ; Zavře soubor podle handle v registrech BC (B = handle? C = ??? dle DOS API).
  62+ 9763              ; Volající předává BC už nastavené (proto push/pop).
  63+ 9763              ; ============================================================
  64+ 9763              closefile
  65+ 9763 C5                   push bc
  66+ 9764 CD 9E 83             call dospage
  67+ 9767 C1                   pop bc
  68+ 9768 CD 09 01             call 0109h                                 ; DOS: close file (dle API)
  69+ 976B CD AE 83             call basicpage
  70+ 976E C9                   ret
  71+ 976F
  72+ 976F
  73+ 976F 00           konecread defb 0                                    ; flag: 1 = poslední blok byl přečten (konec souboru)
  74+ 9770
  75+ 9770
  76+ 9770              ; ============================================================
  77+ 9770              ; readfile
  78+ 9770              ; Zkopíruje obsah ze zdroje (handle B=0) do cíle (handle B=2) po blocích.
  79+ 9770              ; Čte do RAM na adrese 49152 (0xC000) na stránce PAGE_BUFF a pak zapisuje.
  80+ 9770              ;
  81+ 9770              ; Důležité:
  82+ 9770              ;  - velikost souboru je držena v LFNNAME+261..+264 (32-bit: low word HL, high word DE)
  83+ 9770              ;  - rutina si průběžně ZMENŠUJE tento 32-bit “remaining size” o LENGHT_BUFFER
  84+ 9770              ;  - pocetbytu (self-mod) drží délku aktuálního bloku pro READ/WRITE
  85+ 9770              ;  - konecread = 1 označí poslední iteraci
  86+ 9770              ;  - souběžně aktualizuje textový stav "soubor [xkB/ykB]"
  87+ 9770              ; ============================================================
  88+ 9770              readfile
  89+ 9770              READ
  90+ 9770 AF                   xor a
  91+ 9771 32 6F 97             ld (konecread),a                           ; začínáme → ještě nejsme na konci
  92+ 9774
  93+ 9774 CD 9E 83             call dospage
  94+ 9777 CD D3 84             call NOBUFF83                              ; zřejmě vypne/odpojí 8.3 bufferování (aby nekolidovalo s I/O)
  95+ 977A
  96+ 977A              read0
  97+ 977A                      ; ====================================================
  98+ 977A                      ; DELKA: rozhodni kolik bajtů teď číst/zapsat
  99+ 977A                      ; ====================================================
 100+ 977A              DELKA
 101+ 977A                      ; remaining size (32-bit) je uložená v LFNNAME+261..+264:
 102+ 977A                      ;   HL = low 16
 103+ 977A                      ;   DE = high 16
 104+ 977A 2A CA 9D             ld hl,(LFNNAME+261)
 105+ 977D ED 5B CC 9D          ld de,(LFNNAME+261+2)
 106+ 9781
 107+ 9781                      ; pokud high word != 0 → soubor je > 64 KB, vždy čti plný blok (6 KB)
 108+ 9781 7A                   ld a,d
 109+ 9782 B3                   or e
 110+ 9783 28 10                jr z,bit16
 111+ 9785
 112+ 9785                      ; --- 32-bit případ: odečti LENGHT_BUFFER z DE:HL a nastav pocetbytu=LENGHT_BUFFER
 113+ 9785 E5                   push hl
 114+ 9786 21 00 18             ld hl,LENGHT_BUFFER
 115+ 9789 22 C1 97             ld (pocetbytu+1),hl                        ; self-mod operand: DE = počet bajtů pro READ/WRITE
 116+ 978C E1                   pop hl
 117+ 978D
 118+ 978D 01 00 18             ld bc,LENGHT_BUFFER
 119+ 9790 CD 66 98             call sub32                                 ; DE:HL = DE:HL - BC (32-bit odečet)
 120+ 9793 18 20                jr dalcti
 121+ 9795
 122+ 9795              bit16
 123+ 9795                      ; --- 16-bit případ (high=0): ověř, jestli remaining <= LENGHT_BUFFER
 124+ 9795 01 00 18             ld bc,LENGHT_BUFFER
 125+ 9798 B7                   or a
 126+ 9799 ED 42                sbc hl,bc
 127+ 979B 09                   add hl,bc                                  ; HL zpátky, jen test carry / zero
 128+ 979C 38 0F                jr c,posledniread
 129+ 979E 28 0D                jr z,posledniread
 130+ 97A0
 131+ 97A0                      ; remaining > LENGHT_BUFFER → odečti blok a nastav pocetbytu=LENGHT_BUFFER
 132+ 97A0 B7                   or a
 133+ 97A1 ED 42                sbc hl,bc
 134+ 97A3 E5                   push hl
 135+ 97A4 21 00 18             ld hl,LENGHT_BUFFER
 136+ 97A7 22 C1 97             ld (pocetbytu+1),hl
 137+ 97AA E1                   pop hl
 138+ 97AB 18 08                jr dalcti
 139+ 97AD
 140+ 97AD              posledniread
 141+ 97AD                      ; remaining <= LENGHT_BUFFER → poslední iterace
 142+ 97AD 3E 01                ld a,1
 143+ 97AF 32 6F 97             ld (konecread),a
 144+ 97B2 22 C1 97             ld (pocetbytu+1),hl                        ; DE = remaining (v self-mod operandu) – čteme už jen zbytek
 145+ 97B5
 146+ 97B5              dalcti
 147+ 97B5                      ; ulož nový remaining size zpátky do LFNNAME+261..+264
 148+ 97B5 22 CA 9D             ld (LFNNAME+261),hl
 149+ 97B8 ED 53 CC 9D          ld (LFNNAME+261+2),de
 150+ 97BC
 151+ 97BC                      ; ====================================================
 152+ 97BC                      ; READ: zdroj (handle B=0) → RAM stránka PAGE_BUFF, adresa 49152
 153+ 97BC                      ; ====================================================
 154+ 97BC 06 00                ld b,0                                     ; handle zdrojového souboru
 155+ 97BE 0E 03                ld c,PAGE_BUFF                             ; page/bank pro transfer
 156+ 97C0 11 00 00     pocetbytu ld de,0                                  ; (self-mod) DE = počet bajtů
 157+ 97C3 21 00 C0             ld hl,49152                                ; cílová adresa v RAM
 158+ 97C6 CD 12 01             call 0112h                                 ; DOS: READ (handle B do bufferu HL, délka DE, page C)
 159+ 97C9
 160+ 97C9                      ; ====================================================
 161+ 97C9                      ; WRITE: RAM → cíl (handle B=2) ve stejné page/adrese
 162+ 97C9                      ; ====================================================
 163+ 97C9 0E 03                ld c,PAGE_BUFF
 164+ 97CB 06 02                ld b,2                                     ; handle cílového souboru
 165+ 97CD ED 5B C1 97          ld de,(pocetbytu+1)                        ; délka stejného bloku
 166+ 97D1 21 00 C0             ld hl,49152
 167+ 97D4 CD 15 01             call 0115h                                 ; DOS: WRITE
 168+ 97D7
 169+ 97D7 CD AE 83             call basicpage
 170+ 97DA CD 6C 98             call copy_progress_print
 171+ 97DD CD 11 9F             call syscopy_check_cancel
 172+ 97E0 FE 01                cp 1
 173+ 97E2 28 0D                jr z,cancel_readfile
 174+ 97E4 CD 9E 83             call dospage
 175+ 97E7
 176+ 97E7                      ; další iterace, pokud nebyl konec
 177+ 97E7 3A 6F 97             ld a,(konecread)
 178+ 97EA B7                   or a
 179+ 97EB 28 8D                jr z,read0
 180+ 97ED
 181+ 97ED              konec
 182+ 97ED CD AE 83             call basicpage
 183+ 97F0 C9                   ret
 184+ 97F1
 185+ 97F1              cancel_readfile
 186+ 97F1 3E 02                ld a,2
 187+ 97F3 32 6F 97             ld (konecread),a
 188+ 97F6 C3 ED 97             jp konec
 189+ 97F9
 190+ 97F9
 191+ 97F9              ; ============================================================
 192+ 97F9              ; openfile
 193+ 97F9              ; Otevře zdrojový soubor (handle B=0) pro čtení:
 194+ 97F9              ;  - vstupně HL ukazuje na položku v seznamu (záznam okna); používá find83/FINDLFN
 195+ 97F9              ;  - vykopíruje LFNNAME do bfname a vypíše název v UI
 196+ 97F9              ;  - připraví a průběžně tiskne textový stav kopírování
 197+ 97F9              ;  - připraví TMP83: odstraní stavové bity (bit7 v každém znaku jména),
 198+ 97F9              ;    nastaví 255 terminátory na koncích 8.3 i LFN jména
 199+ 97F9              ;  - DOS open: 0106h s C=1 (exclusive READ), HL=TMP83 (8.3 entry)
 200+ 97F9              ; ============================================================
 201+ 97F9              openfile
 202+ 97F9 E5                   push hl                                    ; uložit pointer na položku
 203+ 97FA
 204+ 97FA 23                   inc hl                                     ; obvykle pointer na data záznamu (přeskoč délku/flag)
 205+ 97FB              ;       call BUFF83
 206+ 97FB CD 65 7F             call find83                                 ; načti 8.3 entry do TMP83
 207+ 97FE E1                   pop hl
 208+ 97FF E5                   push hl
 209+ 9800 CD C1 D1             call FINDLFN                                ; načti dlouhé jméno do LFNNAME (+ metadata)
 210+ 9803
 211+ 9803 21 CA 9D             ld hl,LFNNAME+261
 212+ 9806 CD A2 98             call copy_bytes_to_kb
 213+ 9809 22 BA 98             ld (copyProgressTotalKb),hl
 214+ 980C
 215+ 980C                      ; zkopíruj jméno do bfname a ukaž v dialogu
 216+ 980C 21 C5 9C             ld hl,LFNNAME
 217+ 980F 11 1E 8D             ld de,bfname
 218+ 9812 01 2D 00             ld bc,45
 219+ 9815 ED B0                ldir
 220+ 9817
 221+ 9817 21 0E 0B             ld hl,11*256+14
 222+ 981A 3E 10                ld a,16
 223+ 981C 11 1E 8D             ld de,bfname
 224+ 981F CD 09 81             call print
 225+ 9822
 226+ 9822 E1                   pop hl                                      ; obnov pointer na položku
 227+ 9823              LF
 228+ 9823 CD C1 D1             call FINDLFN                                ; znovu načti LFN (redundantní, ale zachováno)
 229+ 9826
 230+ 9826                      ; ---- terminátory a normalizace názvů:
 231+ 9826 21 C4 9D             ld hl,LFNNAME+255
 232+ 9829 36 FF                ld (hl),255                                 ; LFNNAME ukončeno 255 (tvůj string terminátor)
 233+ 982B
 234+ 982B                      ; v TMP83 vynuluj bit 7 každého bajtu jména (odstranění příznaků/diakritiky/selected markeru)
 235+ 982B 06 0B                ld b,11
 236+ 982D 21 98 7F             ld hl,TMP83
 237+ 9830              CCCA
 238+ 9830 CB BE                res 7,(hl)
 239+ 9832 23                   inc hl
 240+ 9833 10 FB                djnz CCCA
 241+ 9835
 242+ 9835                      ; najdi poslední znak 8.3 jména v TMP83 (odzadu) a za něj dej 255 terminátor
 243+ 9835 21 A2 7F             ld hl,TMP83+10
 244+ 9838 7E           achng2  ld a,(hl)
 245+ 9839 FE 20                cp 32                                      ; space = výplň
 246+ 983B 20 03                jr nz,azap
 247+ 983D 2B                   dec hl
 248+ 983E 18 F8                jr achng2
 249+ 9840              azap
 250+ 9840 3E FF                ld a,255
 251+ 9842 23                   inc hl
 252+ 9843 77                   ld (hl),a                                  ; terminátor za poslední znak
 253+ 9844
 254+ 9844                      ; totéž pro LFNNAME (odzadu) – terminátor za poslední ne-space
 255+ 9844 21 C3 9D             ld hl,LFNNAME+254
 256+ 9847 7E           achnga2 ld a,(hl)
 257+ 9848 FE 20                cp 32
 258+ 984A 20 03                jr nz,azapa
 259+ 984C 2B                   dec hl
 260+ 984D 18 F8                jr achnga2
 261+ 984F              azapa
 262+ 984F 3E FF                ld a,255
 263+ 9851 23                   inc hl
 264+ 9852 77                   ld (hl),a
 265+ 9853
 266+ 9853                      ; ----------------------------------------------------
 267+ 9853                      ; DOS OPEN (zdroj): handle B=0, C=1 (exclusive READ)
 268+ 9853                      ; HL = TMP83 (8.3 entry / nebo struktura pro DOS)
 269+ 9853                      ; ----------------------------------------------------
 270+ 9853 CD 9E 83             call dospage
 271+ 9856 06 00                ld b,0                                     ; handle zdroje
 272+ 9858 0E 01                ld c,1                                     ; exclusive READ
 273+ 985A 1E 02                ld e,2
 274+ 985C 21 98 7F             ld hl,TMP83
 275+ 985F CD 06 01             call 0106h                                 ; DOS: open file
 276+ 9862
 277+ 9862 CD AE 83             call basicpage
 278+ 9865 C9                   ret
 279+ 9866
 280+ 9866
 281+ 9866              ; ============================================================
 282+ 9866              ; sub32
 283+ 9866              ; Odečte 16-bit BC od 32-bit hodnoty v DE:HL.
 284+ 9866              ; Vstup: DE:HL, BC
 285+ 9866              ; Výstup: DE:HL = DE:HL - BC
 286+ 9866              ; Používá carry z SBC HL,BC a při borrow sníží DE o 1.
 287+ 9866              ; ============================================================
 288+ 9866              ; DEHL - BC = DEHL
 289+ 9866              sub32
 290+ 9866 AF                   xor a
 291+ 9867 ED 42                sbc hl,bc
 292+ 9869 D0                   ret nc
 293+ 986A 1B                   dec de
 294+ 986B C9                   ret
 295+ 986C
 296+ 986C
 297+ 986C              copy_progress_print
 298+ 986C 11 BC 98             ld de,copyProgressFrame
 299+ 986F 3E 5B                ld a,"["
 300+ 9871 12                   ld (de),a
 301+ 9872 13                   inc de
 302+ 9873
 303+ 9873 21 CA 9D             ld hl,LFNNAME+261
 304+ 9876 CD A2 98             call copy_bytes_to_kb
 305+ 9879 EB                   ex de,hl
 306+ 987A 2A BA 98             ld hl,(copyProgressTotalKb)
 307+ 987D B7                   or a
 308+ 987E ED 52                sbc hl,de
 309+ 9880 11 BD 98             ld de,copyProgressFrame+1
 310+ 9883 CD AC A6             call copy_print_kb_value
 311+ 9886
 312+ 9886 3E 2F                ld a,"/"
 313+ 9888 12                   ld (de),a
 314+ 9889 13                   inc de
 315+ 988A 2A BA 98             ld hl,(copyProgressTotalKb)
 316+ 988D CD AC A6             call copy_print_kb_value
 317+ 9890
 318+ 9890 3E 5D                ld a,"]"
 319+ 9892 12                   ld (de),a
 320+ 9893 13                   inc de
 321+ 9894 AF                   xor a
 322+ 9895 12                   ld (de),a
 323+ 9896
 324+ 9896 21 0E 20             ld hl,32*256+14
 325+ 9899 3E 10                ld a,16
 326+ 989B 11 BC 98             ld de,copyProgressFrame
 327+ 989E CD 09 81             call print
 328+ 98A1 C9                   ret
 329+ 98A2
 330+ 98A2
 331+ 98A2              ; HL points to 32-bit byte count. Returns HL = count / 1024 in kB.
 332+ 98A2              copy_bytes_to_kb
 333+ 98A2 EB                   ex de,hl
 334+ 98A3 13                   inc de
 335+ 98A4 1A                   ld a,(de)
 336+ 98A5 CB 3F                srl a
 337+ 98A7 CB 3F                srl a
 338+ 98A9 6F                   ld l,a
 339+ 98AA 13                   inc de
 340+ 98AB 1A                   ld a,(de)
 341+ 98AC 47                   ld b,a
 342+ 98AD E6 03                and 3
 343+ 98AF 0F                   rrca
 344+ 98B0 0F                   rrca
 345+ 98B1 B5                   or l
 346+ 98B2 6F                   ld l,a
 347+ 98B3 78                   ld a,b
 348+ 98B4 CB 3F                srl a
 349+ 98B6 CB 3F                srl a
 350+ 98B8 67                   ld h,a
 351+ 98B9 C9                   ret
 352+ 98BA
 353+ 98BA
 354+ 98BA 00 00        copyProgressTotalKb  defw 0
 355+ 98BC 00 00 00...  copyProgressFrame defs 18
 356+ 98CE
# file closed: functions/file.asm
4429  98CE                      include "functions/compare.asm"
# file opened: functions/compare.asm
   1+ 98CE              ;==============================================================================
   2+ 98CE              ;  Porovnání adresářů (ZX Spectrum Next / Z80N)
   3+ 98CE              ;
   4+ 98CE              ;  Funkce:
   5+ 98CE              ;    - Porovná obsah dvou panelů (levý vs pravý adresář).
   6+ 98CE              ;    - Pokud najde stejný soubor v obou panelech, „označí“ ho v obou seznamech
   7+ 98CE              ;      (typicky resetem bitu 7 u příznaku v záznamu 8.3 / BUFF83).
   8+ 98CE              ;
   9+ 98CE              ;  Princip (stručně):
  10+ 98CE              ;    1) Nejdřív se v obou panelech zruší staré označení (compare.deselect).
  11+ 98CE              ;    2) Pro každý soubor v prvním panelu se načte jeho LFN jméno (FINDLFN)
  12+ 98CE              ;       a uloží se do LFNNAME2.
  13+ 98CE              ;    3) Přepne se do druhého panelu a projdou se všechny soubory:
  14+ 98CE              ;         - načti LFN jméno (LFNNAME)
  15+ 98CE              ;         - porovnej LFNNAME vs LFNNAME2 přes specific_search
  16+ 98CE              ;         - když sedí, označ soubor v obou panelech (self-modifying HL konstanty)
  17+ 98CE              ;    4) Po skončení se obnoví obrazovka a oba panely se reloadnou a vykreslí.
  18+ 98CE              ;
  19+ 98CE              ;  Poznámky:
  20+ 98CE              ;    - Kód používá self-modifying instrukce:
  21+ 98CE              ;        ld (primary_window+1),hl  -> přepisuje operand "ld hl,0" v primary_window
  22+ 98CE              ;        ld (second_window+1),hl   -> přepisuje operand "ld hl,0" v second_window
  23+ 98CE              ;      aby rutiny primary_window/second_window věděly, který záznam označit.
  24+ 98CE              ;
  25+ 98CE              ;    - LFNNAME/LFNNAME2 jsou buffery pro dlouhá jména (LFN), vypadá to na délku
  26+ 98CE              ;      ~270 bajtů. Konec se tady „ručně“ ukončuje sentinel hodnotou 255 a nulou.
  27+ 98CE              ;
  28+ 98CE              ;==============================================================================
  29+ 98CE
  30+ 98CE
  31+ 98CE              ;------------------------------------------------------------------------------
  32+ 98CE              ; compare_dirs
  33+ 98CE              ;------------------------------------------------------------------------------
  34+ 98CE              ; Hlavní vstup: porovná adresáře v levém a pravém panelu a označí shody.
  35+ 98CE              ;
  36+ 98CE              ; Kroky:
  37+ 98CE              ;   - Uloží obrazovku, zruší předchozí označení v obou oknech.
  38+ 98CE              ;   - Vypíše malé okno "please wait".
  39+ 98CE              ;   - Projde soubory v aktivním okně (aktuální panel):
  40+ 98CE              ;       * načte 8.3 info (find83) a LFN (FINDLFN) do LFNNAME
  41+ 98CE              ;       * LFNNAME zkopíruje do LFNNAME2 (to je "hledaný vzor")
  42+ 98CE              ;       * přepne do druhého okna a zavolá other_window, která prohledá druhý panel
  43+ 98CE              ;         a když najde shodu, označí oba záznamy.
  44+ 98CE              ;   - Po skončení obnoví obrazovku a vynutí reload obou panelů.
  45+ 98CE              ;
  46+ 98CE              compare_dirs
  47+ 98CE CD B6 7E             call savescr                 ; uloží aktuální obrazovku (UI překryv)
  48+ 98D1 CD D1 99             call compare.deselect        ; zruší označení v aktuálním panelu
  49+ 98D4 CD 65 99             call prohod_okno             ; přepni panel (OKNO ^= 16)
  50+ 98D7 CD D1 99             call compare.deselect        ; zruší označení v druhém panelu
  51+ 98DA CD 65 99             call prohod_okno             ; vrať se zpět do původního
  52+ 98DD
  53+ 98DD                      ; UI: malé okno + text "please wait"
  54+ 98DD 21 0A 0A             ld hl,10 * 256 + 10          ; (Y,X) horní levý roh okna
  55+ 98E0 01 01 3C             ld bc,60 * 256 + 1           ; (šířka, výška) nebo (X2,Y2) dle tvého window()
  56+ 98E3 3E 10                ld a,16                      ; atribut / barva
  57+ 98E5 CD 2C 81             call window
  58+ 98E8
  59+ 98E8 21 0B 0B             ld hl,11*256+11              ; pozice textu v okně
  60+ 98EB 3E 10                ld a,16                      ; atribut textu
  61+ 98ED 11 4D 8D             ld de,please_wait            ; string
  62+ 98F0 CD 09 81             call print
  63+ 98F3
  64+ 98F3
  65+ 98F3                      ; Získání ukazatele na seznam souborů v aktivním panelu:
  66+ 98F3                      ; ALLFILES -> přes ROZHOD2 vybere správnou banku/offset dle OKNO
  67+ 98F3 21 4F 87             ld hl,ALLFILES
  68+ 98F6 CD 50 7F             call ROZHOD2
  69+ 98F9 7E                   ld a,(hl)                    ; low byte pointeru
  70+ 98FA 23                   inc hl
  71+ 98FB 66                   ld h,(hl)                    ; high byte pointeru
  72+ 98FC 6F                   ld l,a                       ; HL = adresa "poslední záznam?" / iterátor
  73+ 98FD
  74+ 98FD              ;--- smyčka: pro každý soubor v primárním panelu ------------------------------
  75+ 98FD E5           comp0   push hl
  76+ 98FE 22 9C 99             ld (primary_window+1),hl     ; SMC: uloží pozici záznamu pro pozdější označení
  77+ 9901                                                   ; (přepíše operand v "primary_window: ld hl,0")
  78+ 9901
  79+ 9901 CD 65 7F             call find83                  ; načte/namapuje 8.3 záznam (interní buffer BUFF83)
  80+ 9904 E1                   pop hl
  81+ 9905 E5                   push hl
  82+ 9906 2B                   dec hl                       ; posun na položku pro FINDLFN (typicky předchozí/metadata)
  83+ 9907 CD C1 D1             call FINDLFN                 ; vyplní LFNNAME dlouhým jménem aktuálního souboru
  84+ 990A
  85+ 990A CD 65 99             call prohod_okno             ; přepni na druhý panel
  86+ 990D
  87+ 990D                      ; Přesun LFNNAME -> LFNNAME2:
  88+ 990D                      ; LFNNAME2 teď drží jméno souboru z prvního panelu, které budeme hledat
  89+ 990D                      ; v druhém panelu.
  90+ 990D 21 C5 9C             ld hl,LFNNAME
  91+ 9910 11 D8 9D             ld de,LFNNAME2
  92+ 9913 01 0E 01             ld bc,270
  93+ 9916 ED B0                ldir
  94+ 9918
  95+ 9918 CD 6E 99             call other_window            ; projde soubory v tomto (druhém) panelu a hledá shodu
  96+ 991B
  97+ 991B CD 65 99             call prohod_okno             ; vrať se do původního panelu
  98+ 991E
  99+ 991E E1                   pop hl
 100+ 991F 2B                   dec hl                       ; další položka (iterace směrem dolů)
 101+ 9920 7D                   ld a,l
 102+ 9921 B4                   or h
 103+ 9922 C2 FD 98             jp nz,comp0                  ; dokud HL != 0, pokračuj
 104+ 9925
 105+ 9925 CD 5C D5             call invert_body             ; UI: pravděpodobně zruší/obnoví invert v těle seznamu
 106+ 9928 CD CA 7E             call loadscr                 ; obnoví původní obrazovku (zruší "please wait")
 107+ 992B
 108+ 992B                      ; Po porovnání se oba panely znovu načtou a vykreslí:
 109+ 992B                      ; (u tebe to vypadá, že getroot_reload bere adresu v self-modifying "adrs+1")
 110+ 992B 21 72 7E             ld hl,adrl
 111+ 992E CD 50 7F             call ROZHOD2
 112+ 9931 7E                   ld a,(hl)
 113+ 9932 23                   inc hl
 114+ 9933 66                   ld h,(hl)
 115+ 9934 6F                   ld l,a
 116+ 9935 22 A3 C8             ld (adrs+1),hl
 117+ 9938 CD 25 7E             call getroot_reload
 118+ 993B
 119+ 993B CD 4B C7             call showwin                 ; vykresli panel
 120+ 993E CD 65 99             call prohod_okno
 121+ 9941 CD 5C D5             call invert_body             ; UI efekt (možná zvýraznění aktivního okna)
 122+ 9944
 123+ 9944                      ; Druhý panel:
 124+ 9944 21 72 7E             ld hl,adrl
 125+ 9947 CD 50 7F             call ROZHOD2
 126+ 994A 7E                   ld a,(hl)
 127+ 994B 23                   inc hl
 128+ 994C 66                   ld h,(hl)
 129+ 994D 6F                   ld l,a
 130+ 994E 22 A3 C8             ld (adrs+1),hl
 131+ 9951 CD 25 7E             call getroot_reload
 132+ 9954 CD 4B C7             call showwin
 133+ 9957 CD 65 99             call prohod_okno
 134+ 995A
 135+ 995A                      ; UI finále:
 136+ 995A 3E 20                ld a,32
 137+ 995C CD 18 7F             call writecur                ; nastav kurzor (pravděpodobně "space" / vypnutí kurzoru)
 138+ 995F CD 9C A8             call zobraz_nadpis           ; obnov header
 139+ 9962 C3 83 72             jp loop0                     ; návrat do hlavní smyčky UI
 140+ 9965
 141+ 9965
 142+ 9965              ;------------------------------------------------------------------------------
 143+ 9965              ; prohod_okno
 144+ 9965              ;------------------------------------------------------------------------------
 145+ 9965              ; Přepne aktivní panel (OKNO xor 16).
 146+ 9965              ;  - Hodnota 16 typicky značí "pravý panel" vs "levý panel" (bitové pole).
 147+ 9965              PROO
 148+ 9965              prohod_okno
 149+ 9965 3A 88 87             ld a,(OKNO)
 150+ 9968 EE 10                xor 16
 151+ 996A 32 88 87             ld (OKNO),a
 152+ 996D C9                   ret
 153+ 996E
 154+ 996E
 155+ 996E              ;------------------------------------------------------------------------------
 156+ 996E              ; other_window
 157+ 996E              ;------------------------------------------------------------------------------
 158+ 996E              ; Projde všechny soubory v aktuálním (tedy „druhém“) panelu a porovná každý
 159+ 996E              ; s LFNNAME2 (jméno z prvního panelu).
 160+ 996E              ;
 161+ 996E              ; Pokud porovnej_dva_lfn vrátí Z (shoda), skočí se do second_window, kde se:
 162+ 996E              ;  - označí aktuální záznam v druhém panelu
 163+ 996E              ;  - přepne panel a označí odpovídající záznam v prvním panelu (uložený přes SMC)
 164+ 996E              ;
 165+ 996E              other_window
 166+ 996E 21 4F 87             ld hl,ALLFILES
 167+ 9971 CD 50 7F             call ROZHOD2
 168+ 9974 7E                   ld a,(hl)
 169+ 9975 23                   inc hl
 170+ 9976 66                   ld h,(hl)
 171+ 9977 6F                   ld l,a                       ; HL = iterátor přes záznamy v aktuálním panelu
 172+ 9978
 173+ 9978 E5           other0  push hl
 174+ 9979 22 93 99             ld (second_window+1),hl      ; SMC: uloží pozici záznamu v druhém panelu
 175+ 997C CD 65 7F             call find83                  ; načti 8.3 (a nastav interní buffery)
 176+ 997F E1                   pop hl
 177+ 9980 E5                   push hl
 178+ 9981 2B                   dec hl
 179+ 9982 CD C1 D1             call FINDLFN                 ; načti LFN do LFNNAME
 180+ 9985
 181+ 9985 CD A5 99             call porovnej_dva_lfn        ; porovná LFNNAME vs LFNNAME2 (Z = shoda)
 182+ 9988 E1                   pop hl
 183+ 9989
 184+ 9989 28 07                jr z,second_window           ; když shoda, označ oba záznamy
 185+ 998B
 186+ 998B 2B                   dec hl                       ; další položka
 187+ 998C 7D                   ld a,l
 188+ 998D B4                   or h
 189+ 998E C2 78 99             jp nz,other0                 ; dokud HL != 0
 190+ 9991 C9                   ret
 191+ 9992
 192+ 9992
 193+ 9992              ;------------------------------------------------------------------------------
 194+ 9992              ; second_window / primary_window
 195+ 9992              ;------------------------------------------------------------------------------
 196+ 9992              ; Rutiny, které označí soubor na pozici uložené přes self-modifying operand.
 197+ 9992              ;
 198+ 9992              ; Pozn.: "oznac_soubor_dle_pozice_v_hl" očekává HL = pozice záznamu v seznamu.
 199+ 9992              ;        Tady se HL nastavuje tím, že se přepíše operand instrukce "ld hl,0".
 200+ 9992              ;
 201+ 9992              second_window
 202+ 9992 21 00 00             ld hl,0                      ; SMC operand = pozice záznamu v druhém panelu
 203+ 9995 CD B6 CA             call oznac_soubor_dle_pozice_v_hl
 204+ 9998 CD 65 99             call prohod_okno             ; přepni na první panel
 205+ 999B
 206+ 999B              primary_window
 207+ 999B 21 00 00             ld hl,0                      ; SMC operand = pozice záznamu v prvním panelu
 208+ 999E CD B6 CA             call oznac_soubor_dle_pozice_v_hl
 209+ 99A1 CD 65 99             call prohod_okno             ; vrať se do druhého panelu (obnov původní stav)
 210+ 99A4 C9                   ret
 211+ 99A5
 212+ 99A5
 213+ 99A5              ;------------------------------------------------------------------------------
 214+ 99A5              ; porovnej_dva_lfn
 215+ 99A5              ;------------------------------------------------------------------------------
 216+ 99A5              ; Připraví oba LFN buffery na porovnání a zavolá specific_search.
 217+ 99A5              ;
 218+ 99A5              ; Co přesně dělá příprava:
 219+ 99A5              ;   - Jde od konce (offset +260) směrem dozadu a přeskočí trailing mezery (0x20).
 220+ 99A5              ;   - Za poslední "ne-mezeru" vloží hodnotu 255 (sentinel/terminátor).
 221+ 99A5              ;   - Za to vloží 0 (pravděpodobně extra ukončení / bezpečnost pro vyhledávání).
 222+ 99A5              ;
 223+ 99A5              ; Pak zavolá:
 224+ 99A5              ;   specific_search(LFNNAME, LFNNAME2, A=0)
 225+ 99A5              ;   a vrací příznaky (Z = shoda) dál volajícímu.
 226+ 99A5              ;
 227+ 99A5              porovnej_dva_lfn
 228+ 99A5                      ;--- uprav konec LFNNAME ------------------------------------------------
 229+ 99A5 21 C9 9D             ld hl,LFNNAME+260
 230+ 99A8 7E           por0    ld a,(hl)
 231+ 99A9 2B                   dec hl
 232+ 99AA FE 20                cp 32
 233+ 99AC 28 FA                jr z,por0                    ; přeskakuj mezery na konci
 234+ 99AE 23                   inc hl                       ; vrať se na poslední znak (nebo o 1 zpět dle struktury)
 235+ 99AF 23                   inc hl
 236+ 99B0 36 FF                ld (hl),255                  ; sentinel za poslední znak
 237+ 99B2 23                   inc hl
 238+ 99B3 AF                   xor a
 239+ 99B4 77                   ld (hl),a                    ; ještě 0 za sentinel (dvojité ukončení)
 240+ 99B5
 241+ 99B5                      ;--- uprav konec LFNNAME2 -----------------------------------------------
 242+ 99B5 21 DC 9E             ld hl,LFNNAME2+260
 243+ 99B8 7E           por1    ld a,(hl)
 244+ 99B9 2B                   dec hl
 245+ 99BA FE 20                cp 32
 246+ 99BC 28 FA                jr z,por1
 247+ 99BE 23                   inc hl
 248+ 99BF 23                   inc hl
 249+ 99C0 36 FF                ld (hl),255
 250+ 99C2 23                   inc hl
 251+ 99C3 AF                   xor a
 252+ 99C4 77                   ld (hl),a
 253+ 99C5
 254+ 99C5                      ;--- porovnání přes vyhledávání -----------------------------------------
 255+ 99C5 21 C5 9C             ld hl,LFNNAME
 256+ 99C8 11 D8 9D             ld de,LFNNAME2
 257+ 99CB 3E 00                ld a,0
 258+ 99CD              xcv
 259+ 99CD CD E6 D2             call specific_search          ; očekává se: Z=1 pokud match (nebo dle implementace)
 260+ 99D0
 261+ 99D0
 262+ 99D0 C9                   ret
 263+ 99D1
 264+ 99D1
 265+ 99D1
 266+ 99D1              ;==============================================================================
 267+ 99D1              ;  Modul compare
 268+ 99D1              ;==============================================================================
 269+ 99D1                      module compare
 270+ 99D1
 271+ 99D1              ;------------------------------------------------------------------------------
 272+ 99D1              ; compare.deselect
 273+ 99D1              ;------------------------------------------------------------------------------
 274+ 99D1              ; Zruší označení (výběr/shody) u všech souborů v aktuálním panelu.
 275+ 99D1              ;
 276+ 99D1              ; Jak to funguje:
 277+ 99D1              ;   - Projde všechny položky v ALLFILES (přes ROZHOD2 dle OKNO).
 278+ 99D1              ;   - Pro každou položku:
 279+ 99D1              ;       * načte 8.3 záznam (BUFF83 + find83)
 280+ 99D1              ;       * načte LFN (FINDLFN) do LFNNAME
 281+ 99D1              ;       * připraví dva řetězce pro search:
 282+ 99D1              ;           - v RAM na adrese 23296 je zřejmě pracovní buffer pro "hledaný text"
 283+ 99D1              ;           - do (23296) se patrně BUFF83/find83 uloží i 8.3 jméno, nebo se to
 284+ 99D1              ;             používá jako "search key"
 285+ 99D1              ;           - LFNNAME je druhý řetězec
 286+ 99D1              ;         Oba řetězce se ukončí sentinel 255 za posledním znakem (ořez trailing spaces).
 287+ 99D1              ;       * search(de=23296, hl=LFNNAME) -> nastaví (foundfile) pokud našel.
 288+ 99D1              ;       * Pokud našel (NZ=0?), vezme (foundfile), zavolá BUFF83 a udělá res 7,(hl)
 289+ 99D1              ;         => odstraní "označeno" (bit 7 flagu).
 290+ 99D1              ;       * Následně nulováním dvou bajtů někde u numsel (asi počitadlo vybraných)
 291+ 99D1              ;         resetuje počty výběrů pro panel.
 292+ 99D1              deselect
 293+ 99D1 3E FF                ld a,255
 294+ 99D3 32 00 5B             ld (23296),a                 ; inicializace/terminátor pracovního bufferu
 295+ 99D6
 296+ 99D6 21 4F 87             ld hl,ALLFILES
 297+ 99D9 CD 50 7F             call ROZHOD2
 298+ 99DC 7E                   ld a,(hl)
 299+ 99DD 23                   inc hl
 300+ 99DE 66                   ld h,(hl)
 301+ 99DF 6F                   ld l,a                       ; HL = iterátor přes položky v aktuálním panelu
 302+ 99E0
 303+ 99E0              ;--- smyčka přes všechny soubory ----------------------------------------------
 304+ 99E0 E5           dfind0   push hl
 305+ 99E1 CD C2 84             call BUFF83                  ; připrav/namapuj 8.3 buffer pro aktuální položku
 306+ 99E4 CD 65 7F             call find83                  ; načti 8.3 data
 307+ 99E7 E1                   pop hl
 308+ 99E8 E5                   push hl
 309+ 99E9 2B                   dec hl
 310+ 99EA CD C1 D1             call FINDLFN                 ; načti LFN do LFNNAME
 311+ 99ED
 312+ 99ED                      ;--- ukonči pracovní buffer 23296 sentinel 255 za posledním znakem -------
 313+ 99ED 21 3B 5B             ld hl,23296 + 59             ; "najdi poslední znak" v pracovním bufferu
 314+ 99F0              dfind1
 315+ 99F0 2B                   dec hl
 316+ 99F1 7E                   ld a,(hl)
 317+ 99F2 FE 20                cp 32
 318+ 99F4 28 FA                jr z,dfind1                  ; přeskakuj trailing mezery
 319+ 99F6 23                   inc hl
 320+ 99F7 23                   inc hl
 321+ 99F8 3E FF                ld a,255
 322+ 99FA 77                   ld (hl),a                    ; sentinel za poslední znak
 323+ 99FB
 324+ 99FB                      ;--- ukonči LFNNAME sentinelem 255 ---------------------------------------
 325+ 99FB 21 CA 9D             ld hl,LFNNAME + 261          ; "najdi poslední znak" v LFNNAME
 326+ 99FE              dfind2
 327+ 99FE 2B                   dec hl
 328+ 99FF 7E                   ld a,(hl)
 329+ 9A00 FE 20                cp 32
 330+ 9A02 28 FA                jr z,dfind2                  ; přeskakuj trailing mezery
 331+ 9A04 23                   inc hl
 332+ 9A05 3E FF                ld a,255
 333+ 9A07 77                   ld (hl),a                    ; sentinel
 334+ 9A08
 335+ 9A08                      ;--- vyhledej / spáruj a případně zruš flag --------------------------------
 336+ 9A08 11 00 5B             ld de,23296
 337+ 9A0B 21 C5 9C             ld hl,LFNNAME
 338+ 9A0E CD 6D D2             call search                  ; výsledek: NZ => neshoda / nenalezeno (dle použití níže)
 339+ 9A11
 340+ 9A11 20 26                jr nz,dnesouhlasi            ; pokud nenalezeno, nic neruš
 341+ 9A13
 342+ 9A13                      ; Nalezeno: v (foundfile) je pozice záznamu -> zruš označení (bit 7)
 343+ 9A13 2A 96 7F             ld hl,(foundfile)
 344+ 9A16 CD C2 84             call BUFF83
 345+ 9A19 CB BE                res 7,(hl)                   ; zruš příznak výběru/shody u souboru
 346+ 9A1B
 347+ 9A1B                      ; Reset počitadla vybraných (numsel) v aktuálním panelu:
 348+ 9A1B 21 0A CB             ld hl,numsel
 349+ 9A1E CD 50 7F             call ROZHOD2                 ; vybere správnou instanci pro panel
 350+ 9A21 22 32 9A             ld (dadresasel+1),hl         ; SMC: kam zapisujeme nulu
 351+ 9A24 7E                   ld a,(hl)                    ; vyzvedni pointer/adr (2B)
 352+ 9A25 23                   inc hl
 353+ 9A26 66                   ld h,(hl)
 354+ 9A27 6F                   ld l,a
 355+ 9A28 23                   inc hl                       ; hl = ? (pravděpodobně ukazatel na 2 bajty počitadla)
 356+ 9A29 7D                   ld a,l
 357+ 9A2A 32 35 9A             ld (dzvys+1),a               ; SMC: nízký bajt adresy pro zápis
 358+ 9A2D 7C                   ld a,h
 359+ 9A2E 32 38 9A             ld (dzvys2+1),a              ; SMC: vysoký bajt adresy pro zápis
 360+ 9A31
 361+ 9A31 21 00 00     dadresasel   ld hl,0
 362+ 9A34 36 00        dzvys        ld (hl),0               ; vynuluj low byte počitadla
 363+ 9A36 23                   inc hl
 364+ 9A37 36 00        dzvys2       ld (hl),0               ; vynuluj high byte počitadla
 365+ 9A39
 366+ 9A39              dnesouhlasi
 367+ 9A39 E1                   pop hl
 368+ 9A3A 2B                   dec hl
 369+ 9A3B 7D                   ld a,l
 370+ 9A3C B4                   or h
 371+ 9A3D C2 E0 99             jp nz,dfind0                 ; další položka
 372+ 9A40
 373+ 9A40              dfind_end
 374+ 9A40 C9                   ret
 375+ 9A41
 376+ 9A41                      endmodule
 377+ 9A41
# file closed: functions/compare.asm
4430  9A41                      include "functions/system_copy.asm"
# file opened: functions/system_copy.asm
   1+ 9A41              ; ============================================================
   2+ 9A41              ; System copy plugin host.
   3+ 9A41              ; Loads c:/CalmCommander/plugin/syscopy.ccp and calls it with a
   4+ 9A41              ; tiny context. The plugin performs recursive directory copy.
   5+ 9A41              ; ============================================================
   6+ 9A41
   7+ 9A41                      include "plugin/syscopy_api.i.asm"
# file opened: ./plugin/syscopy_api.i.asm
   1++9A41              SYSCOPY_PLUGIN_ADDRESS equ 49152
   2++9A41              SYSCOPY_WORK_ADDRESS   equ 57344
   3++9A41              SYSCOPY_PLUGIN_SIZE    equ 8192
   4++9A41
   5++9A41              SYSCOPY_ABI            equ 1
   6++9A41
   7++9A41              SYSCOPYCTX_ABI         equ 0
   8++9A41              SYSCOPYCTX_MODE        equ 1
   9++9A41              SYSCOPYCTX_SRC_PATH    equ 2
  10++9A41              SYSCOPYCTX_DST_PATH    equ 4
  11++9A41              SYSCOPYCTX_NAME        equ 6
  12++9A41              SYSCOPYCTX_RESULT      equ 8
  13++9A41              SYSCOPYCTX_ERROR       equ 9
  14++9A41              SYSCOPYCTX_FILES_LO    equ 10
  15++9A41              SYSCOPYCTX_FILES_HI    equ 12
  16++9A41              SYSCOPYCTX_DIRS_LO     equ 14
  17++9A41              SYSCOPYCTX_DIRS_HI     equ 16
  18++9A41              SYSCOPYCTX_SERVICES    equ 18
  19++9A41              SYSCOPYCTX_LFN_NAME    equ 20
  20++9A41              SYSCOPYCTX_STAGE       equ 22
  21++9A41              SYSCOPYCTX_SIZE        equ 23
  22++9A41
  23++9A41              SYSCOPY_SERVICE_PRINT  equ 0
  24++9A41              ; Slot +2 is the shared Calm Commander WINDOW callback. Copy/delete plugins
  25++9A41              ; scan CAPS+SPACE locally, so feature plugins can use the standard window ABI.
  26++9A41              SYSCOPY_SERVICE_WINDOW equ 2
  27++9A41              SYSCOPY_SERVICE_OVERWRITE equ 4
  28++9A41
# file closed: ./plugin/syscopy_api.i.asm
   8+ 9A41
   9+ 9A41              SYS_COPY_PLUGIN_BANK    equ 41
  10+ 9A41              SYS_COPY_PLUGIN_PAGE    equ SYS_COPY_PLUGIN_BANK*2
  11+ 9A41              SYS_COPY_WORK_PAGE      equ 99
  12+ 9A41
  13+ 9A41              system_copy_single_dir_from_entry
  14+ 9A41 CD 50 9A             call system_copy_dir_from_entry
  15+ 9A44 DA CE 9A             jp c,syscopy_error
  16+ 9A47
  17+ 9A47 CD CC A1             call obnov_okna
  18+ 9A4A CD FD 9B             call syscopy_restore_current_path
  19+ 9A4D C3 83 72             jp loop0
  20+ 9A50
  21+ 9A50
  22+ 9A50              system_copy_dir_from_entry
  23+ 9A50 E5                   push hl
  24+ 9A51 CD C1 D1             call FINDLFN
  25+ 9A54 CD D4 9A             call syscopy_prepare_context
  26+ 9A57 E1                   pop hl
  27+ 9A58
  28+ 9A58 CD BC 9B             call syscopy_load_plugin
  29+ 9A5B D8                   ret c
  30+ 9A5C
  31+ 9A5C CD 12 9C             call syscopy_call_plugin
  32+ 9A5F 3A 6D 9C             ld a,(sysCopyContext+SYSCOPYCTX_RESULT)
  33+ 9A62 B7                   or a
  34+ 9A63 20 05                jr nz,.fail
  35+ 9A65
  36+ 9A65 CD FD 9B             call syscopy_restore_current_path
  37+ 9A68 B7                   or a
  38+ 9A69 C9                   ret
  39+ 9A6A
  40+ 9A6A              .fail
  41+ 9A6A 3A 6E 9C             ld a,(sysCopyContext+SYSCOPYCTX_ERROR)
  42+ 9A6D FE 7C                cp $7c
  43+ 9A6F 28 02                jr z,.cancel
  44+ 9A71 37                   scf
  45+ 9A72 C9                   ret
  46+ 9A73
  47+ 9A73              .cancel
  48+ 9A73 CD FD 9B             call syscopy_restore_current_path
  49+ 9A76 C3 4D A2             jp copyend
  50+ 9A79
  51+ 9A79
  52+ 9A79              system_copy_dir_from_index
  53+ 9A79 2A 35 A4             ld hl,(cislo_souboru+1)
  54+ 9A7C 2B                   dec hl
  55+ 9A7D CD C1 D1             call FINDLFN
  56+ 9A80 CD 75 9B             call syscopy_is_dot_lfn
  57+ 9A83 28 24                jr z,.skip_dot
  58+ 9A85 CD D4 9A             call syscopy_prepare_context
  59+ 9A88
  60+ 9A88 CD BC 9B             call syscopy_load_plugin
  61+ 9A8B D8                   ret c
  62+ 9A8C
  63+ 9A8C CD 12 9C             call syscopy_call_plugin
  64+ 9A8F 3A 6D 9C             ld a,(sysCopyContext+SYSCOPYCTX_RESULT)
  65+ 9A92 B7                   or a
  66+ 9A93 20 05                jr nz,.fail
  67+ 9A95
  68+ 9A95 CD FD 9B             call syscopy_restore_current_path
  69+ 9A98 B7                   or a
  70+ 9A99 C9                   ret
  71+ 9A9A              .fail
  72+ 9A9A 3A 6E 9C             ld a,(sysCopyContext+SYSCOPYCTX_ERROR)
  73+ 9A9D FE 7C                cp $7c
  74+ 9A9F 28 02                jr z,.cancel
  75+ 9AA1 37                   scf
  76+ 9AA2 C9                   ret
  77+ 9AA3
  78+ 9AA3              .cancel
  79+ 9AA3 CD FD 9B             call syscopy_restore_current_path
  80+ 9AA6 C3 4D A2             jp copyend
  81+ 9AA9
  82+ 9AA9              .skip_dot
  83+ 9AA9 AF                   xor a
  84+ 9AAA C9                   ret
  85+ 9AAB
  86+ 9AAB
  87+ 9AAB              system_delete_dir_from_index
  88+ 9AAB 2A 35 A4             ld hl,(cislo_souboru+1)
  89+ 9AAE 2B                   dec hl
  90+ 9AAF CD C1 D1             call FINDLFN
  91+ 9AB2
  92+ 9AB2              system_delete_dir_from_lfn
  93+ 9AB2 CD D4 9A             call syscopy_prepare_context
  94+ 9AB5 3E 02                ld a,2
  95+ 9AB7 32 66 9C             ld (sysCopyContext+SYSCOPYCTX_MODE),a
  96+ 9ABA
  97+ 9ABA CD BC 9B             call syscopy_load_plugin
  98+ 9ABD D8                   ret c
  99+ 9ABE
 100+ 9ABE CD 12 9C             call syscopy_call_plugin
 101+ 9AC1 3A 6D 9C             ld a,(sysCopyContext+SYSCOPYCTX_RESULT)
 102+ 9AC4 B7                   or a
 103+ 9AC5 20 05                jr nz,.fail
 104+ 9AC7
 105+ 9AC7 CD FD 9B             call syscopy_restore_current_path
 106+ 9ACA B7                   or a
 107+ 9ACB C9                   ret
 108+ 9ACC              .fail
 109+ 9ACC 37                   scf
 110+ 9ACD C9                   ret
 111+ 9ACE
 112+ 9ACE
 113+ 9ACE              syscopy_error
 114+ 9ACE CD 42 9C             call syscopy_show_error
 115+ 9AD1 C3 4D A2             jp copyend
 116+ 9AD4
 117+ 9AD4
 118+ 9AD4              syscopy_prepare_context
 119+ 9AD4 3E 01                ld a,SYSCOPY_ABI
 120+ 9AD6 32 65 9C             ld (sysCopyContext+SYSCOPYCTX_ABI),a
 121+ 9AD9 3A 4C 8D             ld a,(ismove)
 122+ 9ADC 32 66 9C             ld (sysCopyContext+SYSCOPYCTX_MODE),a
 123+ 9ADF
 124+ 9ADF CD 9B 9B             call syscopy_get_active_path
 125+ 9AE2 22 67 9C             ld (sysCopyContext+SYSCOPYCTX_SRC_PATH),hl
 126+ 9AE5 CD A6 9B             call syscopy_get_other_path
 127+ 9AE8 22 69 9C             ld (sysCopyContext+SYSCOPYCTX_DST_PATH),hl
 128+ 9AEB
 129+ 9AEB CD 33 9B             call syscopy_make_83_name
 130+ 9AEE 21 7C 9C             ld hl,sysCopyName
 131+ 9AF1 22 6B 9C             ld (sysCopyContext+SYSCOPYCTX_NAME),hl
 132+ 9AF4 CD 1D 9B             call syscopy_make_lfn_name
 133+ 9AF7 21 C5 9C             ld hl,LFNNAME
 134+ 9AFA 22 79 9C             ld (sysCopyContext+SYSCOPYCTX_LFN_NAME),hl
 135+ 9AFD
 136+ 9AFD AF                   xor a
 137+ 9AFE 32 6D 9C             ld (sysCopyContext+SYSCOPYCTX_RESULT),a
 138+ 9B01 32 6E 9C             ld (sysCopyContext+SYSCOPYCTX_ERROR),a
 139+ 9B04 32 7B 9C             ld (sysCopyContext+SYSCOPYCTX_STAGE),a
 140+ 9B07 21 00 00             ld hl,0
 141+ 9B0A 22 6F 9C             ld (sysCopyContext+SYSCOPYCTX_FILES_LO),hl
 142+ 9B0D 22 71 9C             ld (sysCopyContext+SYSCOPYCTX_FILES_HI),hl
 143+ 9B10 22 73 9C             ld (sysCopyContext+SYSCOPYCTX_DIRS_LO),hl
 144+ 9B13 22 75 9C             ld (sysCopyContext+SYSCOPYCTX_DIRS_HI),hl
 145+ 9B16 21 57 9C             ld hl,sysCopyServices
 146+ 9B19 22 77 9C             ld (sysCopyContext+SYSCOPYCTX_SERVICES),hl
 147+ 9B1C C9                   ret
 148+ 9B1D
 149+ 9B1D
 150+ 9B1D              syscopy_make_lfn_name
 151+ 9B1D 21 C8 9D             ld hl,LFNNAME+259
 152+ 9B20              .scan
 153+ 9B20 7E                   ld a,(hl)
 154+ 9B21 FE 20                cp 32
 155+ 9B23 28 0B                jr z,.trim
 156+ 9B25 FE FF                cp 255
 157+ 9B27 28 07                jr z,.trim
 158+ 9B29 B7                   or a
 159+ 9B2A 28 04                jr z,.trim
 160+ 9B2C 23                   inc hl
 161+ 9B2D AF                   xor a
 162+ 9B2E 77                   ld (hl),a
 163+ 9B2F C9                   ret
 164+ 9B30              .trim
 165+ 9B30 2B                   dec hl
 166+ 9B31 18 ED                jr .scan
 167+ 9B33
 168+ 9B33
 169+ 9B33              syscopy_make_83_name
 170+ 9B33 21 98 7F             ld hl,TMP83
 171+ 9B36 11 7C 9C             ld de,sysCopyName
 172+ 9B39 06 08                ld b,8
 173+ 9B3B              .name
 174+ 9B3B 7E                   ld a,(hl)
 175+ 9B3C CB BF                res 7,a
 176+ 9B3E FE 20                cp 32
 177+ 9B40 28 07                jr z,.ext_test
 178+ 9B42 12                   ld (de),a
 179+ 9B43 13                   inc de
 180+ 9B44 23                   inc hl
 181+ 9B45 10 F4                djnz .name
 182+ 9B47 18 03                jr .ext_test_ready
 183+ 9B49              .ext_test
 184+ 9B49 23                   inc hl
 185+ 9B4A 10 FD                djnz .ext_test
 186+ 9B4C              .ext_test_ready
 187+ 9B4C 21 A0 7F             ld hl,TMP83+8
 188+ 9B4F 06 03                ld b,3
 189+ 9B51              .ext_probe
 190+ 9B51 7E                   ld a,(hl)
 191+ 9B52 CB BF                res 7,a
 192+ 9B54 FE 20                cp 32
 193+ 9B56 20 05                jr nz,.has_ext
 194+ 9B58 23                   inc hl
 195+ 9B59 10 F6                djnz .ext_probe
 196+ 9B5B 18 15                jr .done
 197+ 9B5D              .has_ext
 198+ 9B5D 3E 2E                ld a,"."
 199+ 9B5F 12                   ld (de),a
 200+ 9B60 13                   inc de
 201+ 9B61 21 A0 7F             ld hl,TMP83+8
 202+ 9B64 06 03                ld b,3
 203+ 9B66              .ext
 204+ 9B66 7E                   ld a,(hl)
 205+ 9B67 CB BF                res 7,a
 206+ 9B69 FE 20                cp 32
 207+ 9B6B 28 05                jr z,.done
 208+ 9B6D 12                   ld (de),a
 209+ 9B6E 13                   inc de
 210+ 9B6F 23                   inc hl
 211+ 9B70 10 F4                djnz .ext
 212+ 9B72              .done
 213+ 9B72 AF                   xor a
 214+ 9B73 12                   ld (de),a
 215+ 9B74 C9                   ret
 216+ 9B75
 217+ 9B75
 218+ 9B75              syscopy_is_dot_lfn
 219+ 9B75 21 C5 9C             ld hl,LFNNAME
 220+ 9B78
 221+ 9B78              syscopy_is_dot_name
 222+ 9B78 7E                   ld a,(hl)
 223+ 9B79 FE 2E                cp "."
 224+ 9B7B 20 18                jr nz,.no
 225+ 9B7D 23                   inc hl
 226+ 9B7E 7E                   ld a,(hl)
 227+ 9B7F FE 20                cp 32
 228+ 9B81 28 16                jr z,.yes
 229+ 9B83 FE FF                cp 255
 230+ 9B85 28 12                jr z,.yes
 231+ 9B87 FE 2E                cp "."
 232+ 9B89 20 0A                jr nz,.no
 233+ 9B8B 23                   inc hl
 234+ 9B8C 7E                   ld a,(hl)
 235+ 9B8D FE 20                cp 32
 236+ 9B8F 28 08                jr z,.yes
 237+ 9B91 FE FF                cp 255
 238+ 9B93 28 04                jr z,.yes
 239+ 9B95              .no
 240+ 9B95 3E 01                ld a,1
 241+ 9B97 B7                   or a
 242+ 9B98 C9                   ret
 243+ 9B99              .yes
 244+ 9B99 AF                   xor a
 245+ 9B9A C9                   ret
 246+ 9B9B
 247+ 9B9B
 248+ 9B9B              syscopy_get_active_path
 249+ 9B9B 21 8F 87             ld hl,pathl
 250+ 9B9E CD 50 7F             call ROZHOD2
 251+ 9BA1 7E                   ld a,(hl)
 252+ 9BA2 23                   inc hl
 253+ 9BA3 66                   ld h,(hl)
 254+ 9BA4 6F                   ld l,a
 255+ 9BA5 C9                   ret
 256+ 9BA6
 257+ 9BA6
 258+ 9BA6              syscopy_get_other_path
 259+ 9BA6 3A 88 87             ld a,(OKNO)
 260+ 9BA9 EE 10                xor 16
 261+ 9BAB 32 88 87             ld (OKNO),a
 262+ 9BAE CD 9B 9B             call syscopy_get_active_path
 263+ 9BB1 E5                   push hl
 264+ 9BB2 3A 88 87             ld a,(OKNO)
 265+ 9BB5 EE 10                xor 16
 266+ 9BB7 32 88 87             ld (OKNO),a
 267+ 9BBA E1                   pop hl
 268+ 9BBB C9                   ret
 269+ 9BBC
 270+ 9BBC
 271+ 9BBC              syscopy_load_plugin
 272+ 9BBC CD 9E 83             call dospage
 273+ 9BBF
 274+ 9BBF 3E 43                ld a,"C"
 275+ 9BC1 CD 2D 01             call $012d
 276+ 9BC4 21 8B 9C             ld hl,sysCopyPluginDir
 277+ 9BC7 AF                   xor a
 278+ 9BC8 CD B1 01             call $01b1
 279+ 9BCB
 280+ 9BCB 06 00                ld b,0
 281+ 9BCD 0E 01                ld c,1
 282+ 9BCF 1E 02                ld e,2
 283+ 9BD1              syscopyLoadName
 284+ 9BD1 21 95 9C             ld hl,sysCopyPluginName
 285+ 9BD4 CD 06 01             call 0106h
 286+ 9BD7 30 1C                jr nc,syscopy_load_openerr
 287+ 9BD9
 288+ 9BD9 06 00                ld b,0
 289+ 9BDB 0E 29                ld c,SYS_COPY_PLUGIN_BANK
 290+ 9BDD              syscopyLoadSize
 291+ 9BDD 11 00 20             ld de,SYSCOPY_PLUGIN_SIZE
 292+ 9BE0 21 00 C0             ld hl,SYSCOPY_PLUGIN_ADDRESS
 293+ 9BE3 CD 12 01             call 0112h
 294+ 9BE6 F5                   push af
 295+ 9BE7 06 00                ld b,0
 296+ 9BE9 CD 09 01             call 0109h
 297+ 9BEC CD 07 9C             call syscopy_restore_current_path_dos
 298+ 9BEF CD AE 83             call basicpage
 299+ 9BF2 F1                   pop af
 300+ 9BF3 AF                   xor a
 301+ 9BF4 C9                   ret
 302+ 9BF5
 303+ 9BF5              syscopy_load_openerr
 304+ 9BF5 CD 07 9C             call syscopy_restore_current_path_dos
 305+ 9BF8 CD AE 83             call basicpage
 306+ 9BFB 37                   scf
 307+ 9BFC C9                   ret
 308+ 9BFD
 309+ 9BFD
 310+ 9BFD              syscopy_restore_current_path
 311+ 9BFD CD 9E 83             call dospage
 312+ 9C00 CD 07 9C             call syscopy_restore_current_path_dos
 313+ 9C03 CD AE 83             call basicpage
 314+ 9C06 C9                   ret
 315+ 9C07
 316+ 9C07
 317+ 9C07              syscopy_restore_current_path_dos
 318+ 9C07 CD 88 7E             call set_active_panel_drive
 319+ 9C0A CD 9B 9B             call syscopy_get_active_path
 320+ 9C0D AF                   xor a
 321+ 9C0E CD B1 01             call $01b1
 322+ 9C11 C9                   ret
 323+ 9C12
 324+ 9C12
 325+ 9C12              syscopy_call_plugin
 326+ 9C12 3E 56                ld a,$56
 327+ 9C14 CD 03 71             call ReadNextReg2A
 328+ 9C17 32 89 9C             ld (sysCopySavedMmu6),a
 329+ 9C1A 3E 57                ld a,$57
 330+ 9C1C CD 03 71             call ReadNextReg2A
 331+ 9C1F 32 8A 9C             ld (sysCopySavedMmu7),a
 332+ 9C22
 333+ 9C22 3E 52                ld a,SYS_COPY_PLUGIN_PAGE
 334+ 9C24 ED 92 56             nextreg $56,a
 335+ 9C27 3E 63                ld a,SYS_COPY_WORK_PAGE
 336+ 9C29 ED 92 57             nextreg $57,a
 337+ 9C2C
 338+ 9C2C 21 65 9C             ld hl,sysCopyContext
 339+ 9C2F 11 57 9C             ld de,sysCopyServices
 340+ 9C32 CD 00 C0             call SYSCOPY_PLUGIN_ADDRESS
 341+ 9C35
 342+ 9C35 3A 89 9C             ld a,(sysCopySavedMmu6)
 343+ 9C38 ED 92 56             nextreg $56,a
 344+ 9C3B 3A 8A 9C             ld a,(sysCopySavedMmu7)
 345+ 9C3E ED 92 57             nextreg $57,a
 346+ 9C41 C9                   ret
 347+ 9C42
 348+ 9C42
 349+ 9C42              syscopy_show_error
 350+ 9C42                      NEXTREG2A MMU7_E000_NR_57
 350+ 9C42             >            ; přečti NextReg číslo nextreg? do A (přes ReadNextReg2A)
 350+ 9C42 3E 57       >            ld a,MMU7_E000_NR_57
 350+ 9C44 CD 03 71    >            call ReadNextReg2A
 351+ 9C47 F5                   push af
 352+ 9C48 CD B6 7E             call savescr                              ; musi byt tady: savescr prepisuje MMU7 a odstrankoval by extra banku
 353+ 9C4B ED 91 57 5A          nextreg MMU7_E000_NR_57, 90
 354+ 9C4F CD FE F0             call EXTRA_SYSCOPY_SHOW_ERROR
 355+ 9C52 F1                   pop af
 356+ 9C53 ED 92 57             nextreg MMU7_E000_NR_57, a
 357+ 9C56 C9                   ret
 358+ 9C57
 359+ 9C57
 360+ 9C57              sysCopyServices
 361+ 9C57 09 81                defw print
 362+ 9C59 2C 81                defw window
 363+ 9C5B 21 9F                defw syscopy_overwrite_prompt
 364+ 9C5D 4C 80                defw KEYSCAN
 365+ 9C5F 90 80                defw SYMTAB
 366+ 9C61 B8 80                defw CAPSTAB
 367+ 9C63 DF 80                defw NORMTAB
 368+ 9C65
 369+ 9C65 00 00 00...  sysCopyContext  defs SYSCOPYCTX_SIZE
 370+ 9C7C 00 00 00...  sysCopyName     defs 13
 371+ 9C89 00           sysCopySavedMmu6 defb 0
 372+ 9C8A 00           sysCopySavedMmu7 defb 0
 373+ 9C8B
 374+ 9C8B 63 3A 2F 73  sysCopyPluginDir  defb "c:/sys/cc",255
 374+ 9C8F 79 73 2F 63
 374+ 9C93 63 FF
 375+ 9C95 73 79 73 63  sysCopyPluginName defb "syscopy.ccp",255
 375+ 9C99 6F 70 79 2E
 375+ 9C9D 63 63 70 FF
 376+ 9CA1              ; Plugin names passed to syscopy_load_plugin must remain visible while
 377+ 9CA1              ; dospage has bank 7 mapped at $C000-$FFFF. Keep Settings' name here below
 378+ 9CA1              ; $C000; placing it beside settings_open ($DDxx) makes the DOS open read
 379+ 9CA1              ; unrelated bank-7 data and the dialog then fails silently.
 380+ 9CA1 73 65 74 74  settingsPluginName defb "settings.ccp",255
 380+ 9CA5 69 6E 67 73
 380+ 9CA9 2E 63 63 70
 380+ 9CAD FF
 381+ 9CAE                      assert settingsPluginName < $C000
 382+ 9CAE
 383+ 9CAE              ; settings_open itself lives in the banked $C000-$DFFF area. It must not
 384+ 9CAE              ; regain control between dospage and basicpage, because dospage maps that
 385+ 9CAE              ; code out. Keep the complete configuration write transition resident here.
 386+ 9CAE              settings_save_config
 387+ 9CAE CD 9E 83             call dospage
 388+ 9CB1 CD 83 86             call zapisCfg
 389+ 9CB4 CD AE 83             call basicpage
 390+ 9CB7 C9                   ret
 391+ 9CB8                      assert settings_save_config < $C000
 392+ 9CB8
# file closed: functions/system_copy.asm
4431  9CB8                      include "functions/dir_info.asm"
# file opened: functions/dir_info.asm
   1+ 9CB8              ; ============================================================
   2+ 9CB8              ; Directory info plugin host.
   3+ 9CB8              ; Loads c:/CalmCommander/plugin/dir_info.ccp and displays the
   4+ 9CB8              ; result in the same style as File info.
   5+ 9CB8              ; ============================================================
   6+ 9CB8
   7+ 9CB8                      include "plugin/dir_info_api.i.asm"
# file opened: ./plugin/dir_info_api.i.asm
   1++9CB8              DIRINFO_PLUGIN_ADDRESS equ 49152
   2++9CB8              DIRINFO_WORK_ADDRESS   equ 57344
   3++9CB8              DIRINFO_PLUGIN_SIZE    equ 4096
   4++9CB8
   5++9CB8              DIRINFO_ABI            equ 1
   6++9CB8
   7++9CB8              DIRINFOCTX_ABI         equ 0
   8++9CB8              DIRINFOCTX_SRC_PATH    equ 1
   9++9CB8              DIRINFOCTX_NAME        equ 3
  10++9CB8              DIRINFOCTX_RESULT      equ 5
  11++9CB8              DIRINFOCTX_ERROR       equ 6
  12++9CB8              DIRINFOCTX_STAGE       equ 7
  13++9CB8              DIRINFOCTX_ITEMS_LO    equ 8
  14++9CB8              DIRINFOCTX_ITEMS_HI    equ 10
  15++9CB8              DIRINFOCTX_SIZE_LO     equ 12
  16++9CB8              DIRINFOCTX_SIZE_HI     equ 14
  17++9CB8              DIRINFOCTX_SERVICES    equ 16
  18++9CB8              DIRINFOCTX_SIZE        equ 18
  19++9CB8
  20++9CB8              DIRINFO_SERVICE_PRINT  equ 0
  21++9CB8
# file closed: ./plugin/dir_info_api.i.asm
   8+ 9CB8
   9+ 9CB8              DIR_INFO_PLUGIN_BANK   equ 41
  10+ 9CB8              DIR_INFO_PLUGIN_PAGE   equ DIR_INFO_PLUGIN_BANK*2
  11+ 9CB8              DIR_INFO_WORK_PAGE     equ 98
  12+ 9CB8
  13+ 9CB8              dirInfoContext equ sysCopyContext
  14+ 9CB8              dirInfoActive  equ sysCopyContext+DIRINFOCTX_ABI
  15+ 9CB8
  16+ 9CB8 64 69 72 5F  dirInfoPluginName defb "dir_info.ccp",255
  16+ 9CBC 69 6E 66 6F
  16+ 9CC0 2E 63 63 70
  16+ 9CC4 FF
  17+ 9CC5
# file closed: functions/dir_info.asm
4432  9CC5 00 00 00...  LFNNAME   defs 275                                ; buffer pro LFN + metadata (používá se i offset 261..)
4433  9DD8 00 00 00...  LFNNAME2  defs 275                                ; pomocný buffer (porovnávání jinde)
4434  9EEB              FILEBUFF
4435  9EEB
4436  9EEB
4437  9EEB
4438  9EEB              ; *****************************************************************************************
4439  9EEB              ; *****************************************************************************************
4440  9EEB              ; *****************************************************************************************
4441  9EEB              ; *****************************************************************************************
4442  9EEB              ; *****************************************************************************************
4443  9EEB              ; *****************************************************************************************
4444  9EEB              ; *****************************************************************************************
4445  9EEB              ; *****************************************************************************************
4446  9EEB              ; *****************************************************************************************
4447  9EEB              ; *****************************************************************************************
4448  9EEB              ; *****************************************************************************************
4449  9EEB              ; *****************************************************************************************
4450  9EEB              ; *****************************************************************************************
4451  9EEB              ; *****************************************************************************************
4452  9EEB              ; *****************************************************************************************
4453  9EEB              ; *****************************************************************************************
4454  9EEB              ; *****************************************************************************************
4455  9EEB              ; *****************************************************************************************
4456  9EEB              ; *****************************************************************************************
4457  9EEB              ; *****************************************************************************************
4458  9EEB              ; *****************************************************************************************
4459  9EEB              ; *****************************************************************************************
4460  9EEB              ; *****************************************************************************************
4461  9EEB              ; *****************************************************************************************
4462  9EEB
4463  9EEB              ; ================================================================
4464  9EEB              ; svc_fill_p3dos_header: fill 8-byte +3DOS header data via DOS_REF_HEAD.
4465  9EEB              ; Called from svc_extract_to_file while in dospage, before switching back.
4466  9EEB              ; B = file number (must equal 1). Uses viewExtractCnt and viewPluginContext.
4467  9EEB              ; ================================================================
4468  9EEB              svc_fill_p3dos_header
4469  9EEB CD 0F 01             call $010F              ; DOS_REF_HEAD: IX = pointer to 8-byte header
4470  9EEE D0                   ret nc                  ; propagate failure (should never occur)
4471  9EEF 3A 3F BB             ld a,(viewPluginContext+VIEWCTX_P3DOS_TYPE)
4472  9EF2 DD 77 00             ld (ix+0),a             ; type (0=BASIC, 3=CODE, etc.)
4473  9EF5 2A CD BD             ld hl,(viewExtractCnt)
4474  9EF8 DD 75 01             ld (ix+1),l
4475  9EFB DD 74 02             ld (ix+2),h             ; data length (LE)
4476  9EFE 2A 40 BB             ld hl,(viewPluginContext+VIEWCTX_P3DOS_P1)
4477  9F01 DD 75 03             ld (ix+3),l
4478  9F04 DD 74 04             ld (ix+4),h             ; param1: LINE for BASIC, load address for CODE
4479  9F07 2A 42 BB             ld hl,(viewPluginContext+VIEWCTX_P3DOS_P2)
4480  9F0A DD 75 05             ld (ix+5),l
4481  9F0D DD 74 06             ld (ix+6),h             ; param2
4482  9F10 C9                   ret
4483  9F11
4484  9F11
4485  9F11              ; Returns A=1 for CAPS+SPACE, otherwise A=0.
4486  9F11              syscopy_check_cancel
4487  9F11 CD 4C 80             call KEYSCAN
4488  9F14 7A                   ld a,d
4489  9F15 FE 27                cp $27
4490  9F17 20 06                jr nz,.no
4491  9F19 7B                   ld a,e
4492  9F1A D6 20                sub 32
4493  9F1C C0                   ret nz
4494  9F1D 3C                   inc a
4495  9F1E C9                   ret
4496  9F1F              .no
4497  9F1F AF                   xor a
4498  9F20 C9                   ret
4499  9F21
4500  9F21
4501  9F21              ; HL = zero/255 terminated filename from syscopy plugin.
4502  9F21              ; Returns the same action codes as overwrite_choice:
4503  9F21              ;   1 = cancel, "n" = skip/no, 2 = all, 13 = overwrite
4504  9F21              syscopy_overwrite_prompt
4505  9F21 3A E5 9F             ld a,(overwriteAll)
4506  9F24 B7                   or a
4507  9F25 28 03                jr z,.ask
4508  9F27 3E 02                ld a,2
4509  9F29 C9                   ret
4510  9F2A              .ask
4511  9F2A 11 1E 8D             ld de,bfname
4512  9F2D 06 23                ld b,35
4513  9F2F              .copy_name
4514  9F2F 7E                   ld a,(hl)
4515  9F30 B7                   or a
4516  9F31 28 09                jr z,.name_done
4517  9F33 FE FF                cp 255
4518  9F35 28 05                jr z,.name_done
4519  9F37 12                   ld (de),a
4520  9F38 23                   inc hl
4521  9F39 13                   inc de
4522  9F3A 10 F3                djnz .copy_name
4523  9F3C              .name_done
4524  9F3C AF                   xor a
4525  9F3D 12                   ld (de),a
4526  9F3E
4527  9F3E CD B6 7E             call savescr
4528  9F41 21 0A 0A             ld hl,10 * 256 + 10
4529  9F44 01 0C 3C             ld bc,60 * 256 + 12
4530  9F47 3E 10                ld a,16
4531  9F49 CD 2C 81             call window
4532  9F4C
4533  9F4C 21 0B 0B             ld hl,11*256+11
4534  9F4F 3E 10                ld a,16
4535  9F51 11 B1 8B             ld de,file_exists_txt
4536  9F54 CD 09 81             call print
4537  9F57
4538  9F57 21 0D 0B             ld hl,11*256+13
4539  9F5A 3E 10                ld a,16
4540  9F5C 11 CB 8B             ld de,overwrite_txt
4541  9F5F CD 09 81             call print
4542  9F62
4543  9F62 21 0F 0B             ld hl,11*256+15
4544  9F65 3E 10                ld a,16
4545  9F67 11 44 CE             ld de,namefile
4546  9F6A CD 09 81             call print
4547  9F6D
4548  9F6D 21 0F 19             ld hl,25*256+15
4549  9F70 3E 10                ld a,16
4550  9F72 11 1E 8D             ld de,bfname
4551  9F75 CD 09 81             call print
4552  9F78
4553  9F78 21 15 2E             ld hl,46*256+21
4554  9F7B 3E 30                ld a,48
4555  9F7D 11 20 8C             ld de,yestxt
4556  9F80 CD 09 81             call print
4557  9F83
4558  9F83 21 14 2E             ld hl,46*256+20
4559  9F86 3E 10                ld a,16
4560  9F88 11 DF 8C             ld de,cancel_txt
4561  9F8B CD 09 81             call print
4562  9F8E 21 14 0B             ld hl,11*256+20
4563  9F91 3E 10                ld a,16
4564  9F93 11 EE 8C             ld de,no_txt
4565  9F96 CD 09 81             call print
4566  9F99 21 15 0B             ld hl,11*256+21
4567  9F9C 3E 10                ld a,16
4568  9F9E 11 F5 8C             ld de,all_txt
4569  9FA1 CD 09 81             call print
4570  9FA4              .wait
4571  9FA4 AF                   xor a
4572  9FA5 32 4E 73             ld (TLACITKO),a
4573  9FA8 FB                   ei
4574  9FA9 06 02                ld b,2
4575  9FAB              .delay
4576  9FAB 76                   halt
4577  9FAC 10 FD                djnz .delay
4578  9FAE CD 4C 80             call KEYSCAN
4579  9FB1 7B                   ld a,e
4580  9FB2 3C                   inc a
4581  9FB3 28 EF                jr z,.wait
4582  9FB5 7A                   ld a,d
4583  9FB6 FE 27                cp $27
4584  9FB8 20 09                jr nz,.plain
4585  9FBA 7B                   ld a,e
4586  9FBB FE 20                cp 32
4587  9FBD 28 13                jr z,.cancel
4588  9FBF FE 21                cp 33
4589  9FC1 28 13                jr z,.all
4590  9FC3              .plain
4591  9FC3 7B                   ld a,e
4592  9FC4 FE 21                cp 33
4593  9FC6 28 15                jr z,.enter
4594  9FC8 FE 08                cp 8
4595  9FCA 28 02                jr z,.no
4596  9FCC 18 D6                jr .wait
4597  9FCE              .no
4598  9FCE 3E 6E                ld a,"n"
4599  9FD0 18 0D                jr .done
4600  9FD2              .cancel
4601  9FD2 3E 01                ld a,1
4602  9FD4 18 09                jr .done
4603  9FD6              .all
4604  9FD6 3E 02                ld a,2
4605  9FD8 32 E5 9F             ld (overwriteAll),a
4606  9FDB 18 02                jr .done
4607  9FDD              .enter
4608  9FDD 3E 0D                ld a,13
4609  9FDF              .done
4610  9FDF F5                   push af
4611  9FE0 CD CA 7E             call loadscr
4612  9FE3 F1                   pop af
4613  9FE4 C9                   ret
4614  9FE5
4615  9FE5 00           overwriteAll defb 0
4616  9FE6
4617  9FE6              E1
4618  9FE6
4619  9FE6                      org $a000
4620  A000              S3
4621  A000                      ; ------------------------------------------------------------
4622  A000                      ; promote_dot_dirs
4623  A000                      ; ------------------------------------------------------------
4624  A000                      ; NextZXOS vrací katalog abecedně, takže položky začínající třeba "$"
4625  A000                      ; nebo číslem mohou odsunout "." a ".." mimo první obrazovku.
4626  A000                      ; Rutina běží z $A000, proto katalog aktuálního panelu namapuje do
4627  A000                      ; $E000 přes MMU7, přesune přesné 8.3 adresářové záznamy "."/".."
4628  A000                      ; na začátek a MMU7 vrátí na programovou stránku.
4629  A000                      ; ------------------------------------------------------------
4630  A000                      MACRO unused_promote_dot_dirs
4631  A000 ~            promote_dot_dirs
4632  A000 ~                    ld hl,ALLFILES
4633  A000 ~                    call ROZHOD2
4634  A000 ~                    ld a,(hl)
4635  A000 ~                    inc hl
4636  A000 ~                    ld h,(hl)
4637  A000 ~                    ld l,a
4638  A000 ~                    ld (dotRemaining),hl
4639  A000 ~                    ld a,h
4640  A000 ~                    or l
4641  A000 ~                    ret z
4642  A000 ~
4643  A000 ~                    ld hl,buffl
4644  A000 ~                    call ROZHOD
4645  A000 ~                    ld a,(hl)
4646  A000 ~                    nextreg $57,a
4647  A000 ~
4648  A000 ~                    ld hl,#e000+13
4649  A000 ~                    ld (dotInsertPtr),hl
4650  A000 ~
4651  A000 ~                    ld a,32
4652  A000 ~                    ld (dotSecondChar+1),a
4653  A000 ~                    call promote_one_dot_dir
4654  A000 ~
4655  A000 ~                    ld a,"."
4656  A000 ~                    ld (dotSecondChar+1),a
4657  A000 ~                    call promote_one_dot_dir
4658  A000 ~
4659  A000 ~                    nextreg $57,1
4660  A000 ~                    ret
4661  A000 ~
4662  A000 ~            promote_one_dot_dir
4663  A000 ~                    ld hl,(dotRemaining)
4664  A000 ~                    ld a,h
4665  A000 ~                    or l
4666  A000 ~                    ret z
4667  A000 ~
4668  A000 ~                    ex de,hl                                  ; DE = počet zbývajících položek
4669  A000 ~                    ld hl,#e000                               ; hledej i v nultém katalogovém slotu
4670  A000 ~
4671  A000 ~            find_dot_dir_loop
4672  A000 ~                    push hl
4673  A000 ~                    push de
4674  A000 ~                    call dot_dir_matches
4675  A000 ~                    pop de
4676  A000 ~                    pop hl
4677  A000 ~                    jr c,dot_dir_found
4678  A000 ~
4679  A000 ~                    push de
4680  A000 ~                    ld de,13
4681  A000 ~                    add hl,de
4682  A000 ~                    pop de
4683  A000 ~
4684  A000 ~                    dec de
4685  A000 ~                    ld a,d
4686  A000 ~                    or e
4687  A000 ~                    jr nz,find_dot_dir_loop
4688  A000 ~                    ret
4689  A000 ~
4690  A000 ~            dot_dir_found
4691  A000 ~                    ld (dotFoundPtr),hl
4692  A000 ~
4693  A000 ~                    ld de,bufftmp
4694  A000 ~                    ld bc,13
4695  A000 ~                    ldir
4696  A000 ~
4697  A000 ~                    ld hl,(dotFoundPtr)
4698  A000 ~                    ld de,(dotInsertPtr)
4699  A000 ~                    or a
4700  A000 ~                    sbc hl,de
4701  A000 ~                    jr c,shift_dot_dir_from_hidden
4702  A000 ~
4703  A000 ~            shift_dot_dir_loop
4704  A000 ~                    ld hl,(dotFoundPtr)
4705  A000 ~                    ld de,(dotInsertPtr)
4706  A000 ~                    or a
4707  A000 ~                    sbc hl,de
4708  A000 ~                    jr z,store_dot_dir
4709  A000 ~
4710  A000 ~                    ld hl,(dotFoundPtr)
4711  A000 ~                    ld de,13
4712  A000 ~                    or a
4713  A000 ~                    sbc hl,de
4714  A000 ~                    push hl
4715  A000 ~                    ld de,(dotFoundPtr)
4716  A000 ~                    ld bc,13
4717  A000 ~                    ldir
4718  A000 ~                    pop hl
4719  A000 ~                    ld (dotFoundPtr),hl
4720  A000 ~                    jr shift_dot_dir_loop
4721  A000 ~
4722  A000 ~            shift_dot_dir_from_hidden
4723  A000 ~                    ld hl,(dotRemaining)
4724  A000 ~                    dec hl
4725  A000 ~                    ld a,h
4726  A000 ~                    or l
4727  A000 ~                    jr z,store_dot_dir
4728  A000 ~
4729  A000 ~                    ld b,13
4730  A000 ~                    call mull
4731  A000 ~                    push hl                                   ; počet bajtů k posunu doprava
4732  A000 ~
4733  A000 ~                    ld de,(dotInsertPtr)
4734  A000 ~                    add hl,de
4735  A000 ~                    dec hl
4736  A000 ~                    push hl
4737  A000 ~                    pop de
4738  A000 ~                    ld hl,13
4739  A000 ~                    add hl,de
4740  A000 ~                    pop bc
4741  A000 ~                    ex de,hl
4742  A000 ~                    lddr
4743  A000 ~
4744  A000 ~            store_dot_dir
4745  A000 ~                    ld hl,bufftmp
4746  A000 ~                    ld de,(dotInsertPtr)
4747  A000 ~                    ld bc,13
4748  A000 ~                    ldir
4749  A000 ~
4750  A000 ~                    ld hl,(dotInsertPtr)
4751  A000 ~                    ld de,13
4752  A000 ~                    add hl,de
4753  A000 ~                    ld (dotInsertPtr),hl
4754  A000 ~
4755  A000 ~                    ld hl,(dotRemaining)
4756  A000 ~                    dec hl
4757  A000 ~                    ld (dotRemaining),hl
4758  A000 ~                    ret
4759  A000 ~
4760  A000 ~            dot_dir_matches
4761  A000 ~                    ld a,(hl)
4762  A000 ~                    and $7f
4763  A000 ~                    cp "."
4764  A000 ~                    jr nz,dot_dir_no_match
4765  A000 ~                    inc hl
4766  A000 ~                    ld a,(hl)
4767  A000 ~                    and $7f
4768  A000 ~            dotSecondChar cp 32
4769  A000 ~                    jr nz,dot_dir_no_match
4770  A000 ~
4771  A000 ~                    ld b,5
4772  A000 ~            dot_dir_spaces
4773  A000 ~                    inc hl
4774  A000 ~                    ld a,(hl)
4775  A000 ~                    and $7f
4776  A000 ~                    cp 32
4777  A000 ~                    jr nz,dot_dir_no_match
4778  A000 ~                    djnz dot_dir_spaces
4779  A000 ~
4780  A000 ~                    inc hl
4781  A000 ~                    bit 7,(hl)
4782  A000 ~                    jr z,dot_dir_no_match
4783  A000 ~                    scf
4784  A000 ~                    ret
4785  A000 ~
4786  A000 ~            dot_dir_no_match
4787  A000 ~                    or a
4788  A000 ~                    ret
4789  A000                      ENDM
4790  A000
4791  A000                      include "functions/copy.asm"
# file opened: functions/copy.asm
   1+ A000              ; ------------------------------------------------------------
   2+ A000              ; no_copy_move
   3+ A000              ; Zobrazí hlášku, že kopírování/přesun není možný (typicky: cílová cesta neexistuje,
   4+ A000              ; nebo zdroj/cíl jsou stejné apod.) a čeká na stisk klávesy.
   5+ A000              ; ------------------------------------------------------------
   6+ A000              no_copy_move
   7+ A000 CD B6 7E             call savescr                               ; uložit aktuální obrazovku (pod dialog)
   8+ A003 21 0A 08             ld hl,8 * 256 + 10                         ; pozice okna (X=8, Y=10)  (typicky HL = X*256 + Y)
   9+ A006 01 03 3C             ld bc,60 * 256 + 3                         ; rozměr okna (šířka=60, výška=3)
  10+ A009 3E 10                ld a,16                                    ; atribut/barva dialogu
  11+ A00B CD 2C 81             call window
  12+ A00E
  13+ A00E 21 0B 0B             ld hl,11*256+11                            ; text řádek 1
  14+ A011 3E 10                ld a,16
  15+ A013 11 5C 8D             ld de,nocopy
  16+ A016 CD 09 81             call print
  17+ A019
  18+ A019 21 0C 0B             ld hl,11*256+12                            ; text řádek 2
  19+ A01C 3E 10                ld a,16
  20+ A01E 11 94 8D             ld de,nocopy2
  21+ A021 CD 09 81             call print
  22+ A024
  23+ A024 21 0D 2C             ld hl,44*256+13                            ; "Break"/"Cancel" nápověda
  24+ A027 3E 20                ld a,32
  25+ A029 11 AB 8A             ld de,breaktxt
  26+ A02C CD 09 81             call print
  27+ A02F
  28+ A02F              nocopy0
  29+ A02F AF                   xor a
  30+ A030 32 4E 73             ld (TLACITKO),a                            ; reset stavu myšího tlačítka
  31+ A033 CD AA 7F             call INKEY                                 ; čekej na klávesu / událost
  32+ A036 FE 01                cp 1
  33+ A038 CA 2F D1             jp z,infoend                               ; ESC/Break (dle mapování INKEY) → ukončit info dialog
  34+ A03B C3 2F A0             jp nocopy0                                 ; jinak stále čekej
  35+ A03E
  36+ A03E
  37+ A03E              ; ------------------------------------------------------------
  38+ A03E              ; move / copy
  39+ A03E              ; Nastaví příznak operace:
  40+ A03E              ;   ismove=1 → MOVE (přesun)
  41+ A03E              ;   ismove=0 → COPY (kopírování)
  42+ A03E              ; Poté pokračuje společným kódem contmov.
  43+ A03E              ; ------------------------------------------------------------
  44+ A03E              move
  45+ A03E 3E 01                ld a,1
  46+ A040 32 4C 8D             ld (ismove),a                              ; režim: přesun
  47+ A043 18 04                jr contmov
  48+ A045
  49+ A045              CCCC                                             ; (label pro debug / alternativní vstupy)
  50+ A045              copy
  51+ A045 AF                   xor a
  52+ A046 32 4C 8D             ld (ismove),a                              ; režim: kopírování
  53+ A049
  54+ A049              ; ------------------------------------------------------------
  55+ A049              ; contmov
  56+ A049              ; Připraví PATHLEFT/PATHRIGHT (ořízne na C-string nulou místo 255 terminátoru),
  57+ A049              ; ověří, že operace dává smysl (specific_search),
  58+ A049              ; a rozhodne, zda se kopíruje 1 soubor nebo více vybraných.
  59+ A049              ; ------------------------------------------------------------
  60+ A049              contmov
  61+ A049 AF                   xor a
  62+ A04A 32 E5 9F             ld (overwriteAll),a
  63+ A04D                      ; PATHLEFT: najdi 255 terminátor a přepiš na 0 (nulový string)
  64+ A04D 21 93 87             ld hl,PATHLEFT
  65+ A050 3E FF                ld a,255
  66+ A052 01 05 01             ld bc,261
  67+ A055 ED B1                cpir                                       ; hledej A (255) v rozsahu 261 bajtů, HL skončí ZA nalezeným
  68+ A057 36 00                ld (hl),0                                  ; udělej z toho 0-terminated
  69+ A059
  70+ A059                      ; PATHRIGHT: totéž
  71+ A059 21 9B 88             ld hl,PATHRIGHT
  72+ A05C 3E FF                ld a,255
  73+ A05E 01 05 01             ld bc,261
  74+ A061 ED B1                cpir
  75+ A063 36 00                ld (hl),0
  76+ A065
  77+ A065                      ; porovnej PATHLEFT a PATHRIGHT (nebo jiná specifická kontrola cíl/zdroj)
  78+ A065 21 93 87             ld hl,PATHLEFT
  79+ A068 11 9B 88             ld de,PATHRIGHT
  80+ A06B 3E 00                ld a,0
  81+ A06D CD E6 D2     COPY    call specific_search
  82+ A070 CA 00 A0             jp z,no_copy_move                           ; pokud jsou stejné/neplatné → dialog "no_copy_move"
  83+ A073
  84+ A073                      ; zjisti počet vybraných souborů (numsel)
  85+ A073 21 0A CB             ld hl,numsel
  86+ A076 CD 50 7F             call ROZHOD2                                 ; HL = ukazatel na numsel (pro aktivní okno)
  87+ A079 7E                   ld a,(hl)
  88+ A07A 23                   inc hl
  89+ A07B 66                   ld h,(hl)
  90+ A07C 6F                   ld l,a                                       ; HL = 16bit hodnota (počet vybraných?)
  91+ A07D B4                   or h
  92+ A07E C2 0C A3             jp nz,morecopy                               ; pokud != 0 → kopíruje/přesouvá více souborů
  93+ A081
  94+ A081                      ; ----------------------------------------------------
  95+ A081                      ; Jediný soubor: potvrzovací dialog "Copy/Move file?"
  96+ A081                      ; ----------------------------------------------------
  97+ A081                      ; získej index kurzoru v levém okně (POSKURZL)
  98+ A081 21 A3 89             ld hl,POSKURZL
  99+ A084 CD 48 7F             call ROZHOD
 100+ A087 7E                   ld a,(hl)
 101+ A088 6F                   ld l,a
 102+ A089 26 00                ld h,0                                       ; HL = index položky
 103+ A08B
 104+ A08B                      ; zjisti adresu položky v seznamu STARTWINL + index
 105+ A08B E5                   push hl
 106+ A08C 21 A9 89             ld hl,STARTWINL
 107+ A08F CD 50 7F             call ROZHOD2
 108+ A092 7E                   ld a,(hl)
 109+ A093 23                   inc hl
 110+ A094 66                   ld h,(hl)
 111+ A095 6F                   ld l,a                                       ; HL = base pointer seznamu (start okna)
 112+ A096 EB                   ex de,hl                                     ; DE = base
 113+ A097 E1                   pop hl                                       ; HL = index
 114+ A098 19                   add hl,de                                    ; HL = pointer na záznam položky
 115+ A099 E5                   push hl
 116+ A09A 23                   inc hl
 117+ A09B CD 65 7F             call find83                                   ; načti 8.3 záznam do TMP83 / apod.
 118+ A09E E1                   pop hl
 119+ A09F CD C1 D1             call FINDLFN                                  ; načti LFN do LFNNAME
 120+ A0A2 CD 75 9B             call syscopy_is_dot_lfn
 121+ A0A5 CA 83 72             jp z,loop0
 122+ A0A8
 123+ A0A8 CD B6 7E             call savescr
 124+ A0AB 21 0A 0A             ld hl,10 * 256 + 10
 125+ A0AE 01 05 3C             ld bc,60 * 256 + 5
 126+ A0B1 3E 10                ld a,16
 127+ A0B3 CD 2C 81             call window
 128+ A0B6
 129+ A0B6 21 0B 0B             ld hl,11*256+11                              ; řádek titulku
 130+ A0B9 11 F0 8B             ld de,onecopytxt
 131+ A0BC 3A 4C 8D             ld a,(ismove)
 132+ A0BF B7                   or a
 133+ A0C0 28 02                jr z,$+4
 134+ A0C2 11 FC 8B             ld de,onemovetxt                              ; pokud ismove=1 → text pro přesun
 135+ A0C5 3E 10                ld a,16
 136+ A0C7 CD 09 81             call print
 137+ A0CA
 138+ A0CA                      ; zkopíruj jméno do bfname pro zobrazení v dialogu
 139+ A0CA 21 C5 9C             ld hl,LFNNAME
 140+ A0CD 11 1E 8D             ld de,bfname
 141+ A0D0 01 2D 00             ld bc,45
 142+ A0D3 ED B0                ldir
 143+ A0D5
 144+ A0D5                      ; vypiš vybraný název souboru
 145+ A0D5 21 0B 16             ld hl,22*256+11
 146+ A0D8 3E 10                ld a,16
 147+ A0DA 11 1E 8D             ld de,bfname
 148+ A0DD CD 09 81             call print
 149+ A0E0
 150+ A0E0                      ; vykresli tlačítka YES / NO (texty)
 151+ A0E0 21 0F 3C             ld hl,60*256+15
 152+ A0E3 3E 30                ld a,48
 153+ A0E5 11 20 8C             ld de,yestxt
 154+ A0E8 CD 09 81             call print
 155+ A0EB
 156+ A0EB 21 0E 3C             ld hl,60*256+14
 157+ A0EE 3E 10                ld a,16
 158+ A0F0 11 D4 8C             ld de,notxt
 159+ A0F3 CD 09 81             call print
 160+ A0F6
 161+ A0F6              ; ------------------------------------------------------------
 162+ A0F6              ; copywait
 163+ A0F6              ; Čeká na potvrzení:
 164+ A0F6              ;  - klávesa 1/ESC → copyend (zrušit)
 165+ A0F6              ;  - Enter        → copycont (pokračovat)
 166+ A0F6              ;  - myš: klik na buttonYes/buttonNo → continue/end
 167+ A0F6              ; ------------------------------------------------------------
 168+ A0F6              copywait
 169+ A0F6 AF                   xor a
 170+ A0F7 32 4E 73             ld (TLACITKO),a
 171+ A0FA CD AA 7F             call INKEY
 172+ A0FD FE 01                cp 1
 173+ A0FF CA 4D A2             jp z,copyend                                 ; zrušit
 174+ A102 FE 0D                cp 13
 175+ A104 28 1A                jr z,copycont                                ; Enter = potvrdit
 176+ A106
 177+ A106 3A 4E 73             ld a,(TLACITKO)
 178+ A109 CB 4F                bit 1,a
 179+ A10B 28 E9                jr z,copywait                                ; pokud není klik, čekej dál
 180+ A10D
 181+ A10D                      ; klik myší: ověř, jestli byl zásah do buttonYes / buttonNo
 182+ A10D 21 9A 7A             ld hl,buttonYes
 183+ A110 CD 89 A7             call CONTROL_CLICK
 184+ A113 30 0B                jr nc,copycont                               ; NC = zásah → potvrdit
 185+ A115
 186+ A115 21 A2 7A             ld hl,buttonNo
 187+ A118 CD 89 A7             call CONTROL_CLICK
 188+ A11B D2 4D A2             jp nc,copyend                                ; NC = zásah → zrušit
 189+ A11E
 190+ A11E 18 D6                jr copywait                                  ; jinak klik mimo → čekej dál
 191+ A120
 192+ A120
 193+ A120              ; ------------------------------------------------------------
 194+ A120              ; copycont
 195+ A120              ; Provede samotné copy/move (single file):
 196+ A120              ;  - UI "please wait"
 197+ A120              ;  - načte 8.3 záznam a zjistí, zda je to adresář (bit7 ve TMP83+7)
 198+ A120              ;  - pokud adresář → nekopiruj_adresar
 199+ A120              ;  - jinak otestuje existenci cílového souboru (isfile)
 200+ A120              ;  - provede otevření, vytvoření, kopírování (readfile)
 201+ A120              ;  - pokud MOVE, pak po kopii smaže zdroj (DOS call $0124 nad TMP83)
 202+ A120              ;  - po COPY obnoví okna a refresh dir listing
 203+ A120              ; ------------------------------------------------------------
 204+ A120              copycont
 205+ A120                      ; přepiš NO na "please wait" a vymaž YES řádek
 206+ A120 21 0E 38             ld hl,56*256+14
 207+ A123 3E 10                ld a,16
 208+ A125 11 DF 8C             ld de,cancel_txt
 209+ A128 CD 09 81             call print
 210+ A12B
 211+ A12B 21 0F 3C             ld hl,60*256+15
 212+ A12E 3E 10                ld a,16
 213+ A130 11 06 8D             ld de,spaces
 214+ A133 CD 09 81             call print
 215+ A136
 216+ A136                      ; znovu najdi vybraný soubor podle POSKURZL
 217+ A136 21 A3 89             ld hl,POSKURZL
 218+ A139 CD 48 7F             call ROZHOD
 219+ A13C 7E                   ld a,(hl)
 220+ A13D 6F                   ld l,a
 221+ A13E 26 00                ld h,0
 222+ A140
 223+ A140 E5                   push hl
 224+ A141 21 A9 89             ld hl,STARTWINL
 225+ A144 CD 50 7F             call ROZHOD2
 226+ A147 7E                   ld a,(hl)
 227+ A148 23                   inc hl
 228+ A149 66                   ld h,(hl)
 229+ A14A 6F                   ld l,a
 230+ A14B EB                   ex de,hl
 231+ A14C E1                   pop hl
 232+ A14D 19                   add hl,de                                    ; HL = pointer na položku
 233+ A14E E5                   push hl
 234+ A14F 23                   inc hl
 235+ A150 CD 65 7F             call find83                                   ; vyplní TMP83 (8.3 entry + atributy)
 236+ A153                      ;call BUFF83
 237+ A153
 238+ A153                      ; test "adresář?" – v TMP83+7 bit 7 (zřejmě atributy) nebo "stavové bity"
 239+ A153 21 98 7F             ld hl,TMP83
 240+ A156 11 07 00             ld de,7
 241+ A159 19                   add hl,de
 242+ A15A CB 7E                bit 7,(hl)
 243+ A15C E1                   pop hl
 244+ A15D 28 03                jr z,copycont_not_dir
 245+ A15F C3 41 9A             jp system_copy_single_dir_from_entry          ; adresář → rekurzivní system copy plugin
 246+ A162
 247+ A162              copycont_not_dir
 248+ A162
 249+ A162 E5                   push hl
 250+ A163                      ; otestuj, jestli cílový soubor už existuje (isfile může vyvolat overwrite dialog)
 251+ A163 11 89 A1             ld de,norr                                    ; DE = adresa kam pokračovat pokud existuje (návratový hook)
 252+ A166 01 44 A5             ld bc,nalezeno_isfile                          ; BC = kam skočit při shodě (v isfile je to self-modifying)
 253+ A169 CD D8 A4             call isfile
 254+ A16C E1                   pop hl
 255+ A16D
 256+ A16D                      ; vlastní kopie:
 257+ A16D E5                   push hl
 258+ A16E CD F9 97             call openfile                                  ; otevři zdroj
 259+ A171 CD 29 97             call createfile                                ; vytvoř cíl
 260+ A174 CD 70 97             call readfile                                  ; přenes data
 261+ A177 06 00                ld b,0
 262+ A179 CD 63 97             call closefile                                 ; zavři zdroj?
 263+ A17C 06 02                ld b,2
 264+ A17E CD 63 97             call closefile                                 ; zavři cíl?
 265+ A181 3A 6F 97             ld a,(konecread)
 266+ A184 FE 02                cp 2
 267+ A186 CA A8 A6             jp z,cancel_after_file_copy
 268+ A189 E1           norr    pop hl
 269+ A18A
 270+ A18A                      ; pokud MOVE, po kopii smaž zdroj (DOS unlink/delete)
 271+ A18A 3A 4C 8D             ld a,(ismove)
 272+ A18D B7                   or a
 273+ A18E 28 22                jr z,nenimove
 274+ A190 23                   inc hl                                         ; posun na správné místo záznamu?
 275+ A191 CD 65 7F             call find83                                    ; načti záznam pro delete
 276+ A194 06 0B                ld b,11
 277+ A196 21 98 7F             ld hl,TMP83
 278+ A199              CCCAC20
 279+ A199 CB BE                res 7,(hl)                                     ; vynuluj bit7 v každém bajtu jména (odstraní "stavové bity")
 280+ A19B 23                   inc hl
 281+ A19C 10 FB                djnz CCCAC20
 282+ A19E 3E FF                ld a,$ff
 283+ A1A0 32 A3 7F             ld (TMP83+11),a                                ; terminátor / marker pro DOS rutinu
 284+ A1A3
 285+ A1A3 CD 9E 83             call dospage
 286+ A1A6 21 98 7F             ld hl,TMP83
 287+ A1A9 CD 24 01             call $0124                                     ; DOS rutina: delete/unlink položku podle 8.3 entry (pravděpodobně)
 288+ A1AC CD AE 83             call basicpage
 289+ A1AF C3 7C 93             jp mmorekonec                                   ; pokračuj do konce multi-copy (sdílený konec)
 290+ A1B2
 291+ A1B2              ; ------------------------------------------------------------
 292+ A1B2              ; nenimove
 293+ A1B2              ; Po COPY (ne MOVE): obnov okna + refresh adresář
 294+ A1B2              ; ------------------------------------------------------------
 295+ A1B2              nenimove
 296+ A1B2 CD CC A1             call obnov_okna
 297+ A1B5
 298+ A1B5                      ; refresh adresáře pro aktivní okno
 299+ A1B5 CD 9E 83             call dospage
 300+ A1B8 21 8F 87             ld hl,pathl
 301+ A1BB CD 50 7F             call ROZHOD2
 302+ A1BE 7E                   ld a,(hl)
 303+ A1BF 23                   inc hl
 304+ A1C0 66                   ld h,(hl)
 305+ A1C1 6F                   ld l,a
 306+ A1C2 AF                   xor a
 307+ A1C3 CD B1 01             call $01b1                                      ; DOS: změna/načtení dir (dle implementace)
 308+ A1C6 CD AE 83             call basicpage
 309+ A1C9
 310+ A1C9 C3 83 72             jp loop0
 311+ A1CC
 312+ A1CC
 313+ A1CC              ; ------------------------------------------------------------
 314+ A1CC              ; obnov_okna
 315+ A1CC              ; Kompletní refresh obou panelů (levý i pravý):
 316+ A1CC              ;  - smaže/vykreslí okna prázdně
 317+ A1CC              ;  - obnoví jeden panel, načte dir
 318+ A1CC              ;  - prohodí OKNO a udělá totéž pro druhý panel
 319+ A1CC              ; ------------------------------------------------------------
 320+ A1CC              obnov_okna
 321+ A1CC CD E7 A1             call prekresli_prazdne_okna
 322+ A1CF CD 76 7E             call PROHOD
 323+ A1D2 CD FE A1             call obnov_jedno_okno
 324+ A1D5 CD 67 8F             call GETDIR
 325+ A1D8
 326+ A1D8 CD 76 7E             call PROHOD
 327+ A1DB CD FE A1             call obnov_jedno_okno
 328+ A1DE CD 67 8F             call GETDIR
 329+ A1E1
 330+ A1E1 3E 20                ld a,32
 331+ A1E3 CD 18 7F             call writecur
 332+ A1E6 C9                   ret
 333+ A1E7
 334+ A1E7
 335+ A1E7              ; ------------------------------------------------------------
 336+ A1E7              ; prekresli_prazdne_okna
 337+ A1E7              ; Vykreslí dvě prázdná okna (levý panel a pravý panel) barvou A=0.
 338+ A1E7              ; ------------------------------------------------------------
 339+ A1E7              prekresli_prazdne_okna
 340+ A1E7 21 01 00             ld hl,0 * 256 + 1
 341+ A1EA 01 1B 26             ld bc,38 * 256 + 27
 342+ A1ED 3E 00                ld a,0
 343+ A1EF CD 2C 81             call window
 344+ A1F2
 345+ A1F2 21 01 28             ld hl,40*256 + 1
 346+ A1F5 01 1B 26             ld bc,38 * 256 + 27
 347+ A1F8 3E 00                ld a,0
 348+ A1FA CD 2C 81             call window
 349+ A1FD C9                   ret
 350+ A1FE
 351+ A1FE
 352+ A1FE              ; ------------------------------------------------------------
 353+ A1FE              ; obnov_jedno_okno
 354+ A1FE              ; Resetuje proměnné okna (ALLFILES, POSKURZL), přepne do DOS stránky,
 355+ A1FE              ; načte adresář dle pathl, vykreslí okno a znovu načte obsah.
 356+ A1FE              ; ------------------------------------------------------------
 357+ A1FE              obnov_jedno_okno
 358+ A1FE 21 4F 87             ld hl,ALLFILES
 359+ A201 CD 50 7F             call ROZHOD2
 360+ A204 AF                   xor a
 361+ A205 77                   ld (hl),a
 362+ A206 23                   inc hl
 363+ A207 77                   ld (hl),a                                      ; ALLFILES = 0 (žádné položky / reset)
 364+ A208
 365+ A208 21 A3 89             ld hl,POSKURZL
 366+ A20B CD 48 7F             call ROZHOD
 367+ A20E AF                   xor a
 368+ A20F 77                   ld (hl),a                                      ; kurzor na první položku
 369+ A210
 370+ A210 CD 9E 83             call dospage
 371+ A213 21 8F 87             ld hl,pathl
 372+ A216 CD 50 7F             call ROZHOD2
 373+ A219 7E                   ld a,(hl)
 374+ A21A 23                   inc hl
 375+ A21B 66                   ld h,(hl)
 376+ A21C 6F                   ld l,a
 377+ A21D AF                   xor a
 378+ A21E CD B1 01             call $01b1                                      ; DOS: reload dir pro pathl
 379+ A221 CD AE 83             call basicpage
 380+ A224
 381+ A224                      ; vykreslení okna na pozici pozicel
 382+ A224 21 6E 7E             ld hl,pozicel
 383+ A227 CD 50 7F             call ROZHOD2
 384+ A22A 7E                   ld a,(hl)
 385+ A22B 23                   inc hl
 386+ A22C 66                   ld h,(hl)
 387+ A22D 6F                   ld l,a
 388+ A22E
 389+ A22E 01 1B 26             ld bc,38 * 256 + 27
 390+ A231 3E 00                ld a,0
 391+ A233 CD D0 81             call draw.window
 392+ A236
 393+ A236 CD B3 82             call reload_dir                                 ; interní refresh seznamu položek
 394+ A239
 395+ A239                      ; nastav root/adr a zobraz okno
 396+ A239 21 72 7E             ld hl,adrl
 397+ A23C CD 50 7F             call ROZHOD2
 398+ A23F 7E                   ld a,(hl)
 399+ A240 23                   inc hl
 400+ A241 66                   ld h,(hl)
 401+ A242 6F                   ld l,a
 402+ A243 22 A3 C8             ld (adrs+1),hl
 403+ A246 CD 25 7E             call getroot_reload
 404+ A249 CD 4B C7             call showwin
 405+ A24C C9                   ret
 406+ A24D
 407+ A24D
 408+ A24D              ; ------------------------------------------------------------
 409+ A24D              ; copyend
 410+ A24D              ; Zrušení akce: vynuluje numsel (výběr), obnoví obrazovku a návrat do loop0.
 411+ A24D              ; ------------------------------------------------------------
 412+ A24D              copyend
 413+ A24D 21 0A CB             ld hl,numsel
 414+ A250 CD 50 7F             call ROZHOD2
 415+ A253 AF                   xor a
 416+ A254 77                   ld (hl),a
 417+ A255 23                   inc hl
 418+ A256 77                   ld (hl),a
 419+ A257
 420+ A257 CD CA 7E             call loadscr
 421+ A25A CD DA A6             call reload_panels_after_cancel
 422+ A25D C3 83 72             jp loop0
 423+ A260
 424+ A260
 425+ A260              ; ------------------------------------------------------------
 426+ A260              ; nekopiruj_adresar
 427+ A260              ; Dialog: "You cannot copy the directory." + "Press any key"
 428+ A260              ; poté přesměruje do copyend.
 429+ A260              ; ------------------------------------------------------------
 430+ A260 59 6F 75 20  nodirtxt        defb "You cannot copy the directory.",0
 430+ A264 63 61 6E 6E
 430+ A268 6F 74 20 63
 430+ A26C 6F 70 79 20
 430+ A270 74 68 65 20
 430+ A274 64 69 72 65
 430+ A278 63 74 6F 72
 430+ A27C 79 2E 00
 431+ A27F 50 72 65 73  pressanykeytxt  defb "Press any key to continue.",0
 431+ A283 73 20 61 6E
 431+ A287 79 20 6B 65
 431+ A28B 79 20 74 6F
 431+ A28F 20 63 6F 6E
 431+ A293 74 69 6E 75
 431+ A297 65 2E 00
 432+ A29A
 433+ A29A              nekopiruj_adresar
 434+ A29A 21 0A 0A             ld hl,10 * 256 + 10
 435+ A29D 01 05 3C             ld bc,60 * 256 + 5
 436+ A2A0 3E 10                ld a,16
 437+ A2A2 CD 2C 81             call window
 438+ A2A5
 439+ A2A5 21 0B 0B             ld hl,11*256+11
 440+ A2A8 3E 10                ld a,16
 441+ A2AA 11 60 A2             ld de,nodirtxt
 442+ A2AD CD 09 81             call print
 443+ A2B0
 444+ A2B0 21 0F 0B             ld hl,11*256+15
 445+ A2B3 3E 30                ld a,48
 446+ A2B5 11 7F A2             ld de,pressanykeytxt
 447+ A2B8 CD 09 81             call print
 448+ A2BB
 449+ A2BB AF                   xor a
 450+ A2BC 32 4E 73             ld (TLACITKO),a
 451+ A2BF CD AA 7F             call INKEY
 452+ A2C2 C3 4D A2             jp copyend
 453+ A2C5
 454+ A2C5
 455+ A2C5              ; ============================================================
 456+ A2C5              ; Více souborů: morecopy
 457+ A2C5              ; - zobrazí dialog "Copy files?" / "Move files?"
 458+ A2C5              ; - vypíše počet vybraných (numsel) a čeká na Enter/ESC
 459+ A2C5              ; - poté iteruje přes položky v ALLFILES, které mají nastavený příznak "selected"
 460+ A2C5              ; - kopíruje je a zobrazuje progress
 461+ A2C5              ; ============================================================
 462+ A2C5 43 61 6E 20  runtxt           defb "Can you run this file?",0
 462+ A2C9 79 6F 75 20
 462+ A2CD 72 75 6E 20
 462+ A2D1 74 68 69 73
 462+ A2D5 20 66 69 6C
 462+ A2D9 65 3F 00
 463+ A2DC 55 6E 73 75  unsuptxt         defb "Unsuported file!",0
 463+ A2E0 70 6F 72 74
 463+ A2E4 65 64 20 66
 463+ A2E8 69 6C 65 21
 463+ A2EC 00
 464+ A2ED
 465+ A2ED 43 6F 70 79  nowcopy          defb "Copy     item from     items",0
 465+ A2F1 20 20 20 20
 465+ A2F5 20 69 74 65
 465+ A2F9 6D 20 66 72
 465+ A2FD 6F 6D 20 20
 465+ A301 20 20 20 69
 465+ A305 74 65 6D 73
 465+ A309 00
 466+ A30A
 467+ A30A 00 00        actcount         defw 0
 468+ A30C
 469+ A30C              morecopy
 470+ A30C 21 00 00             ld hl,0
 471+ A30F 22 0A A3             ld (actcount),hl                            ; počitadlo zkopírovaných
 472+ A312 CD B6 7E             call savescr
 473+ A315
 474+ A315 21 0A 0A             ld hl,10 * 256 + 10
 475+ A318 01 05 3C             ld bc,60 * 256 + 5
 476+ A31B 3E 10                ld a,16
 477+ A31D CD 2C 81             call window
 478+ A320
 479+ A320 21 0B 0B             ld hl,11*256+11
 480+ A323 11 83 DD             ld de,morecopytxt
 481+ A326 3A 4C 8D             ld a,(ismove)
 482+ A329 B7                   or a
 483+ A32A 28 02                jr z,$+4
 484+ A32C 11 89 DD             ld de,moremovetxt                            ; podle ismove zvol text
 485+ A32F 3E 10                ld a,16
 486+ A331 CD 09 81             call print
 487+ A334
 488+ A334                      ; načti numsel (počet vybraných) a připrav progress bar (PROVYP/PROGRES)
 489+ A334 21 0A CB             ld hl,numsel
 490+ A337 CD 50 7F             call ROZHOD2
 491+ A33A 7E                   ld a,(hl)
 492+ A33B 23                   inc hl
 493+ A33C 66                   ld h,(hl)
 494+ A33D 6F                   ld l,a
 495+ A33E E5                   push hl
 496+ A33F
 497+ A33F                      ; vypiš numsel (DECIMAL3) do dialogu
 498+ A33F 21 4E 7D             ld hl,NUMBUF
 499+ A342 11 4F 7D             ld de,NUMBUF+1
 500+ A345 01 05 00             ld bc,5
 501+ A348 3E 20                ld a,32
 502+ A34A 77                   ld (hl),a
 503+ A34B ED B0                ldir
 504+ A34D 21 4E 7D             ld hl,NUMBUF
 505+ A350 AF                   xor a
 506+ A351 32 51 7D             ld (NUMBUF+3),a
 507+ A354 22 99 7D             ld (numadr+1),hl
 508+ A357 E1                   pop hl
 509+ A358 CD 79 7D             call DECIMAL3
 510+ A35B
 511+ A35B 21 0B 10             ld hl,16*256+11
 512+ A35E 3E 10                ld a,16
 513+ A360 11 4E 7D             ld de,NUMBUF
 514+ A363 CD 09 81             call print
 515+ A366
 516+ A366                      ; tlačítka YES/NO (bez myši, jen klávesy)
 517+ A366 21 0F 3C             ld hl,60*256+15
 518+ A369 3E 30                ld a,48
 519+ A36B 11 20 8C             ld de,yestxt
 520+ A36E CD 09 81             call print
 521+ A371
 522+ A371 21 0E 3C             ld hl,60*256+14
 523+ A374 3E 10                ld a,16
 524+ A376 11 D4 8C             ld de,notxt
 525+ A379 CD 09 81             call print
 526+ A37C
 527+ A37C              acopywait
 528+ A37C AF                   xor a
 529+ A37D 32 4E 73             ld (TLACITKO),a
 530+ A380 CD AA 7F             call INKEY
 531+ A383 FE 01                cp 1
 532+ A385 CA 4D A2             jp z,copyend                                  ; ESC → konec
 533+ A388 FE 0D                cp 13
 534+ A38A 28 02                jr z,acopycont                                ; Enter → start
 535+ A38C 18 EE                jr acopywait
 536+ A38E
 537+ A38E
 538+ A38E              ; ------------------------------------------------------------
 539+ A38E              ; acopycont
 540+ A38E              ; Vlastní cyklus multi-copy/move:
 541+ A38E              ;  - ukáže "please wait"
 542+ A38E              ;  - nastaví 2 progress značky
 543+ A38E              ;  - iteruje přes ALLFILES a pro každou selected položku:
 544+ A38E              ;     * pokud je to adresář → přeskočí (NODIR)
 545+ A38E              ;     * pokud existuje v cíli → isfile (overwrite dialog)
 546+ A38E              ;     * kopíruje open/create/read/close
 547+ A38E              ;     * u MOVE smaže zdroj
 548+ A38E              ;     * aktualizuje progress (PROGRES)
 549+ A38E              ; ------------------------------------------------------------
 550+ A38E              acopycont
 551+ A38E 21 0E 38             ld hl,56*256+14
 552+ A391 3E 10                ld a,16
 553+ A393 11 DF 8C             ld de,cancel_txt
 554+ A396 CD 09 81             call print
 555+ A399
 556+ A399 21 0F 3C             ld hl,60*256+15
 557+ A39C 3E 10                ld a,16
 558+ A39E 11 06 8D             ld de,spaces
 559+ A3A1 CD 09 81             call print
 560+ A3A4
 561+ A3A4 21 00 00             ld hl,0
 562+ A3A7              MMM
 563+ A3A7              moredalsi
 564+ A3A7 E5                   push hl
 565+ A3A8 22 35 A4             ld (cislo_souboru+1),hl                       ; self-mod: index aktuální položky pro FINDLFN níže
 566+ A3AB CD 65 7F             call find83                                    ; načti TMP83 pro položku index HL
 567+ A3AE
 568+ A3AE 21 98 7F             ld hl,TMP83
 569+ A3B1 CB 7E                bit 7,(hl)
 570+ A3B3 CA 93 A4             jp z,nekopirovat                               ; pokud není selected (nebo není platný flag) → přeskoč
 571+ A3B6
 572+ A3B6 E5                   push hl
 573+ A3B7
 574+ A3B7                      ; status text: "Copy X file from Y files"
 575+ A3B7 21 0B 0B             ld hl,11*256+11
 576+ A3BA 3E 10                ld a,16
 577+ A3BC 11 ED A2             ld de,nowcopy
 578+ A3BF CD 09 81             call print
 579+ A3C2
 580+ A3C2                      ; actcount++
 581+ A3C2 2A 0A A3             ld hl,(actcount)
 582+ A3C5 23                   inc hl
 583+ A3C6 22 0A A3             ld (actcount),hl
 584+ A3C9
 585+ A3C9                      ; vypiš actcount
 586+ A3C9 E5                   push hl
 587+ A3CA 21 4E 7D             ld hl,NUMBUF
 588+ A3CD 11 4F 7D             ld de,NUMBUF+1
 589+ A3D0 01 05 00             ld bc,5
 590+ A3D3 3E 20                ld a,32
 591+ A3D5 77                   ld (hl),a
 592+ A3D6 ED B0                ldir
 593+ A3D8 21 4E 7D             ld hl,NUMBUF
 594+ A3DB AF                   xor a
 595+ A3DC 32 51 7D             ld (NUMBUF+3),a
 596+ A3DF 22 99 7D             ld (numadr+1),hl
 597+ A3E2 E1                   pop hl
 598+ A3E3 CD 79 7D             call DECIMAL3
 599+ A3E6
 600+ A3E6 21 0B 10             ld hl,16*256+11
 601+ A3E9 3E 10                ld a,16
 602+ A3EB 11 4E 7D             ld de,NUMBUF
 603+ A3EE CD 09 81             call print
 604+ A3F1
 605+ A3F1                      ; vypiš numsel (celkem)
 606+ A3F1 21 0A CB             ld hl,numsel
 607+ A3F4 CD 50 7F             call ROZHOD2
 608+ A3F7 7E                   ld a,(hl)
 609+ A3F8 23                   inc hl
 610+ A3F9 66                   ld h,(hl)
 611+ A3FA 6F                   ld l,a
 612+ A3FB E5                   push hl
 613+ A3FC 21 4E 7D             ld hl,NUMBUF
 614+ A3FF 11 4F 7D             ld de,NUMBUF+1
 615+ A402 01 05 00             ld bc,5
 616+ A405 3E 20                ld a,32
 617+ A407 77                   ld (hl),a
 618+ A408 ED B0                ldir
 619+ A40A 21 4E 7D             ld hl,NUMBUF
 620+ A40D AF                   xor a
 621+ A40E 32 51 7D             ld (NUMBUF+3),a
 622+ A411 22 99 7D             ld (numadr+1),hl
 623+ A414 E1                   pop hl
 624+ A415 CD 79 7D             call DECIMAL3
 625+ A418
 626+ A418 21 0B 1E             ld hl,30*256+11
 627+ A41B 3E 10                ld a,16
 628+ A41D 11 4E 7D             ld de,NUMBUF
 629+ A420 CD 09 81             call print
 630+ A423
 631+ A423                      ; zruš označení (selected) pro aktuální položku
 632+ A423 E1                   pop hl
 633+ A424 CB BE                res 7,(hl)
 634+ A426
 635+ A426                      ; test "je to adresář?" přes TMP83+7 bit7 (tvoje konvence)
 636+ A426 11 07 00             ld de,7
 637+ A429 19                   add hl,de
 638+ A42A CB 7E                bit 7,(hl)
 639+ A42C 28 02                jr z,COPY_MULTI_NOT_DIR
 640+ A42E 18 5A                jr COPYDIR_MULTI                              ; adresář → rekurzivní system copy plugin
 641+ A430              COPY_MULTI_NOT_DIR
 642+ A430 E1                   pop hl
 643+ A431
 644+ A431                      ; připrav HL tak, aby ukazoval na entry (často -1 kvůli formátu tabulky)
 645+ A431 E5                   push hl
 646+ A432 2B                   dec hl
 647+ A433 E5                   push hl
 648+ A434
 649+ A434                      ; isfile: zjisti cílový LFN a ošetři overwrite
 650+ A434              cislo_souboru
 651+ A434 21 00 00             ld hl,0
 652+ A437 2B                   dec hl
 653+ A438 CD C1 D1             call FINDLFN
 654+ A43B
 655+ A43B 11 61 A4             ld de,norr2
 656+ A43E 01 44 A5             ld bc,nalezeno_isfile
 657+ A441 CD D8 A4             call isfile
 658+ A444
 659+ A444 E1                   pop hl
 660+ A445 E5                   push hl
 661+ A446
 662+ A446                      ; kopie souboru
 663+ A446 CD F9 97             call openfile
 664+ A449 CD 29 97             call createfile
 665+ A44C CD 70 97             call readfile
 666+ A44F 06 00                ld b,0
 667+ A451 CD 63 97             call closefile
 668+ A454 06 02                ld b,2
 669+ A456 CD 63 97             call closefile
 670+ A459 3A 6F 97             ld a,(konecread)
 671+ A45C FE 02                cp 2
 672+ A45E CA A8 A6             jp z,cancel_after_file_copy
 673+ A461
 674+ A461              norr2
 675+ A461 E1                   pop hl
 676+ A462
 677+ A462                      ; pokud MOVE, smaž zdroj stejně jako u single-copy
 678+ A462 3A 4C 8D             ld a,(ismove)
 679+ A465 B7                   or a
 680+ A466 CA 88 A4             jp z,nenimove11
 681+ A469 23                   inc hl
 682+ A46A CD 65 7F             call find83
 683+ A46D 06 0B                ld b,11
 684+ A46F 21 98 7F             ld hl,TMP83
 685+ A472              CCCAC21
 686+ A472 CB BE                res 7,(hl)
 687+ A474 23                   inc hl
 688+ A475 10 FB                djnz CCCAC21
 689+ A477 3E FF                ld a,$ff
 690+ A479 32 A3 7F             ld (TMP83+11),a
 691+ A47C
 692+ A47C CD 9E 83             call dospage
 693+ A47F 21 98 7F             ld hl,TMP83
 694+ A482 CD 24 01             call $0124
 695+ A485 CD AE 83             call basicpage
 696+ A488
 697+ A488              nenimove11
 698+ A488 18 09                jr NODIR
 699+ A48A
 700+ A48A              COPYDIR_MULTI
 701+ A48A CD 79 9A             call system_copy_dir_from_index
 702+ A48D 30 04                jr nc,NODIR
 703+ A48F E1                   pop hl
 704+ A490 C3 CE 9A             jp syscopy_error
 705+ A493
 706+ A493              ; ---- pokračuj na další položku
 707+ A493              NODIR
 708+ A493              nekopirovat
 709+ A493 21 4F 87             ld hl,ALLFILES
 710+ A496 CD 50 7F             call ROZHOD2
 711+ A499 7E                   ld a,(hl)
 712+ A49A 23                   inc hl
 713+ A49B 56                   ld d,(hl)
 714+ A49C 5F                   ld e,a                                      ; DE = počet položek? (ALLFILES)
 715+ A49D E1                   pop hl                                      ; HL = index aktuální položky
 716+ A49E
 717+ A49E                      ; test: jsme na konci?
 718+ A49E B7                   or a
 719+ A49F ED 52                sbc hl,de
 720+ A4A1 19                   add hl,de
 721+ A4A2 28 04                jr z,morekonec
 722+ A4A4 23                   inc hl
 723+ A4A5 C3 A7 A3             jp moredalsi
 724+ A4A8
 725+ A4A8              morekonec
 726+ A4A8                      ; po dokončení:
 727+ A4A8 3A 4C 8D             ld a,(ismove)
 728+ A4AB B7                   or a
 729+ A4AC 28 03                jr z,nenimove2
 730+ A4AE C3 7C 93             jp mmorekonec                                 ; MOVE konec (někde jinde)
 731+ A4B1
 732+ A4B1              nenimove2
 733+ A4B1                      ; po COPY: obnov okna, reload dir, reset numsel, update freespace
 734+ A4B1 CD CC A1             call obnov_okna
 735+ A4B4
 736+ A4B4 CD 9E 83             call dospage
 737+ A4B7 21 8F 87             ld hl,pathl
 738+ A4BA CD 50 7F             call ROZHOD2
 739+ A4BD 7E                   ld a,(hl)
 740+ A4BE 23                   inc hl
 741+ A4BF 66                   ld h,(hl)
 742+ A4C0 6F                   ld l,a
 743+ A4C1 AF                   xor a
 744+ A4C2 CD B1 01             call $01b1
 745+ A4C5 CD AE 83             call basicpage
 746+ A4C8
 747+ A4C8 21 0A CB             ld hl,numsel
 748+ A4CB CD 50 7F             call ROZHOD2
 749+ A4CE AF                   xor a
 750+ A4CF 77                   ld (hl),a
 751+ A4D0 23                   inc hl
 752+ A4D1 77                   ld (hl),a
 753+ A4D2
 754+ A4D2 CD 8E 73             call freespace
 755+ A4D5 C3 83 72             jp loop0
 756+ A4D8
 757+ A4D8
 758+ A4D8              ; ============================================================
 759+ A4D8              ; isfile
 760+ A4D8              ; Testuje, jestli soubor (LFNNAME) už existuje v cílovém okně.
 761+ A4D8              ; Pokud ano, vyvolá "nalezeno_isfile" (overwrite dialog) a podle volby:
 762+ A4D8              ;   - YES → pokračuje a vrátí se (Z = true pro skok přes iskam)
 763+ A4D8              ;   - NO  → přes self-mod isfilee skočí na adresu v DE (typicky norr/norr2)
 764+ A4D8              ; Pozn.: rutina přepíná OKNO (xor 16), aby hledala v druhém panelu.
 765+ A4D8              ; ============================================================
 766+ A4D8              isfile
 767+ A4D8 ED 53 97 A6          ld (isfilee+1),de                            ; kam skočit, když uživatel odmítne overwrite (self-mod JP)
 768+ A4DC ED 43 37 A5          ld (iskam+1),bc                              ; kam skočit při shodě (self-mod JP z iskam)
 769+ A4E0
 770+ A4E0                      ; ořízni LFNNAME: najdi poslední ne-space a dej 255 terminátor
 771+ A4E0 21 C9 9D             ld hl,LFNNAME+260
 772+ A4E3 7E           is0     ld a,(hl)
 773+ A4E4 2B                   dec hl
 774+ A4E5 FE 20                cp 32
 775+ A4E7 28 FA                jr z,is0
 776+ A4E9 23                   inc hl
 777+ A4EA 23                   inc hl
 778+ A4EB 36 FF                ld (hl),255
 779+ A4ED 23                   inc hl
 780+ A4EE AF                   xor a
 781+ A4EF 77                   ld (hl),a
 782+ A4F0
 783+ A4F0                      ; kopie LFNNAME → LFNNAME2 (buffer pro porovnání)
 784+ A4F0 21 C5 9C             ld hl,LFNNAME
 785+ A4F3 11 D8 9D             ld de,LFNNAME2
 786+ A4F6 01 0E 01             ld bc,270
 787+ A4F9 ED B0                ldir
 788+ A4FB
 789+ A4FB                      ; přepni aktivní okno (hledáme v cíli)
 790+ A4FB 3A 88 87             ld a,(OKNO)
 791+ A4FE EE 10                xor 16
 792+ A500 32 88 87             ld (OKNO),a
 793+ A503
 794+ A503                      ; iteruj seznam ALLFILES v cílovém panelu
 795+ A503 21 4F 87             ld hl,ALLFILES
 796+ A506 CD 50 7F             call ROZHOD2
 797+ A509 7E                   ld a,(hl)
 798+ A50A 23                   inc hl
 799+ A50B 46                   ld b,(hl)
 800+ A50C 4F                   ld c,a                                      ; BC = počet/ukazatel? (dle tvé struktury)
 801+ A50D
 802+ A50D              isfile0
 803+ A50D C5                   push bc
 804+ A50E 60                   ld h,b
 805+ A50F 69                   ld l,c
 806+ A510 E5                   push hl
 807+ A511 23                   inc hl
 808+ A512 CD 65 7F             call find83
 809+ A515 E1                   pop hl
 810+ A516 2B                   dec hl
 811+ A517 CD C1 D1             call FINDLFN                                  ; LFNNAME naplněn názvem aktuální položky
 812+ A51A
 813+ A51A                      ; ořízni LFNNAME stejně (terminátor 255)
 814+ A51A 21 C9 9D             ld hl,LFNNAME+260
 815+ A51D 7E           is01    ld a,(hl)
 816+ A51E 2B                   dec hl
 817+ A51F FE 20                cp 32
 818+ A521 28 FA                jr z,is01
 819+ A523 23                   inc hl
 820+ A524 23                   inc hl
 821+ A525 36 FF                ld (hl),255
 822+ A527 23                   inc hl
 823+ A528 AF                   xor a
 824+ A529 77                   ld (hl),a
 825+ A52A
 826+ A52A                      ; porovnej LFNNAME vs LFNNAME2
 827+ A52A 21 C5 9C             ld hl,LFNNAME
 828+ A52D 11 D8 9D             ld de,LFNNAME2
 829+ A530 3E 00                ld a,0
 830+ A532 CD E6 D2             call specific_search
 831+ A535 C1                   pop bc
 832+ A536
 833+ A536              ; Adresa kam se skače když soubor je stejný
 834+ A536 CA 44 A5     iskam   jp z,nalezeno_isfile                           ; shoda → overwrite dialog
 835+ A539
 836+ A539 0B                   dec bc
 837+ A53A 78                   ld a,b
 838+ A53B B1                   or c
 839+ A53C 20 CF                jr nz,isfile0                                  ; další položka
 840+ A53E
 841+ A53E                      ; nebyla shoda → nastav A!=0 (aby Z nebylo) a pokračuj ven
 842+ A53E 3E 01                ld a,1
 843+ A540 B7                   or a
 844+ A541 C3 76 A6             jp cont_isfile0
 845+ A544
 846+ A544
 847+ A544              ; ============================================================
 848+ A544              ; nalezeno_isfile
 849+ A544              ; Dialog "file exists" + informace o obou souborech (datum, čas, size)
 850+ A544              ; a dotaz na overwrite. Výsledek:
 851+ A544              ;   - YES/Enter → cont_isfile (pokračuj kopírováním)
 852+ A544              ;   - NO/ESC    → norewrite (skoč přes isfilee na návrat)
 853+ A544              ; ============================================================
 854+ A544              nalezeno_isfile
 855+ A544 3A E5 9F             ld a,(overwriteAll)
 856+ A547 B7                   or a
 857+ A548 C2 76 A6             jp nz,cont_isfile0
 858+ A54B CD B6 7E             call savescr
 859+ A54E 21 0A 0A             ld hl,10 * 256 + 10
 860+ A551 01 0C 3C             ld bc,60 * 256 + 12
 861+ A554 3E 10                ld a,16
 862+ A556 CD 2C 81             call window
 863+ A559
 864+ A559                      ; (zobraz datum/cas/size obou souborů - LFNNAME vs LFNNAME2)
 865+ A559 21 11 0B             ld hl,11*256+17
 866+ A55C 3E 10                ld a,16
 867+ A55E 11 68 8A             ld de,origin
 868+ A561 CD 09 81             call print
 869+ A564
 870+ A564 21 12 0B             ld hl,11*256+18
 871+ A567 3E 10                ld a,16
 872+ A569 11 72 8A             ld de,newfile
 873+ A56C CD 09 81             call print
 874+ A56F
 875+ A56F ED 5B CE 9D          ld de,(LFNNAME+261+4)
 876+ A573 21 11 15             ld hl,21*256+17
 877+ A576 CD ED CF             call showdate
 878+ A579 21 11 20             ld hl,32*256+17
 879+ A57C ED 5B D0 9D          ld de,(LFNNAME+261+6)
 880+ A580 CD 65 D0             call showtime
 881+ A583
 882+ A583 ED 5B E1 9E          ld de,(LFNNAME2+261+4)
 883+ A587 21 12 15             ld hl,21*256+18
 884+ A58A CD ED CF             call showdate
 885+ A58D 21 12 20             ld hl,32*256+18
 886+ A590 ED 5B E3 9E          ld de,(LFNNAME2+261+6)
 887+ A594 CD 65 D0             call showtime
 888+ A597
 889+ A597                      ; size labels
 890+ A597 21 11 2A             ld hl,42*256+17
 891+ A59A 3E 10                ld a,16
 892+ A59C 11 E5 CF             ld de,sizetxt
 893+ A59F CD 09 81             call print
 894+ A5A2 21 12 2A             ld hl,42*256+18
 895+ A5A5 3E 10                ld a,16
 896+ A5A7 11 E5 CF             ld de,sizetxt
 897+ A5AA CD 09 81             call print
 898+ A5AD
 899+ A5AD                      ; size hodnoty (DEC32)
 900+ A5AD 21 11 31             ld hl,49*256+17
 901+ A5B0 22 C3 7D             ld (dec32pos+1),hl
 902+ A5B3 2A CA 9D             ld hl,(LFNNAME+261)
 903+ A5B6 ED 5B CC 9D          ld de,(LFNNAME+261+2)
 904+ A5BA 06 0A                ld b,10
 905+ A5BC 3E 10                ld a,16
 906+ A5BE 32 C6 7D             ld (decink+1),a
 907+ A5C1 CD B8 7D             call DEC32
 908+ A5C4 3E 00                ld a,0
 909+ A5C6 32 C6 7D             ld (decink+1),a
 910+ A5C9
 911+ A5C9 21 11 3C             ld hl,60*256+17
 912+ A5CC 3E 10                ld a,16
 913+ A5CE 11 EB CF             ld de,bytestxt
 914+ A5D1 CD 09 81             call print
 915+ A5D4
 916+ A5D4 21 12 31             ld hl,49*256+18
 917+ A5D7 22 C3 7D             ld (dec32pos+1),hl
 918+ A5DA 2A DD 9E             ld hl,(LFNNAME2+261)
 919+ A5DD ED 5B DF 9E          ld de,(LFNNAME2+261+2)
 920+ A5E1 06 0A                ld b,10
 921+ A5E3 3E 10                ld a,16
 922+ A5E5 32 C6 7D             ld (decink+1),a
 923+ A5E8 CD B8 7D             call DEC32
 924+ A5EB 3E 00                ld a,0
 925+ A5ED 32 C6 7D             ld (decink+1),a
 926+ A5F0
 927+ A5F0 21 12 3C             ld hl,60*256+18
 928+ A5F3 3E 10                ld a,16
 929+ A5F5 11 EB CF             ld de,bytestxt
 930+ A5F8 CD 09 81             call print
 931+ A5FB
 932+ A5FB                      ; hlavní text
 933+ A5FB 21 0B 0B             ld hl,11*256+11
 934+ A5FE 3E 10                ld a,16
 935+ A600 11 B1 8B             ld de,file_exists_txt
 936+ A603 CD 09 81             call print
 937+ A606
 938+ A606 21 0D 0B             ld hl,11*256+13
 939+ A609 3E 10                ld a,16
 940+ A60B 11 CB 8B             ld de,overwrite_txt
 941+ A60E CD 09 81             call print
 942+ A611
 943+ A611 21 0F 0B             ld hl,11*256+15
 944+ A614 3E 10                ld a,16
 945+ A616 11 44 CE             ld de,namefile
 946+ A619 CD 09 81             call print
 947+ A61C
 948+ A61C                      ; připrav bfname = název existujícího souboru (LFNNAME2)
 949+ A61C 21 D8 9D             ld hl,LFNNAME2
 950+ A61F 11 1E 8D             ld de,bfname
 951+ A622 01 23 00             ld bc,35
 952+ A625 ED B0                ldir
 953+ A627
 954+ A627                      ; najdi 255 terminátor a přepiš na space kvůli tisku
 955+ A627 21 1E 8D             ld hl,bfname
 956+ A62A 01 23 00             ld bc,35
 957+ A62D 3E FF                ld a,255
 958+ A62F ED B1                cpir
 959+ A631 2B                   dec hl
 960+ A632 36 20                ld (hl),32
 961+ A634
 962+ A634              TTT
 963+ A634                      ; nulový terminátor pro tisk
 964+ A634 21 43 8D             ld hl,bfname+37
 965+ A637 AF                   xor a
 966+ A638 77                   ld (hl),a
 967+ A639
 968+ A639                      ; vypiš jméno
 969+ A639 21 0F 19             ld hl,25*256+15
 970+ A63C 3E 10                ld a,16
 971+ A63E 11 1E 8D             ld de,bfname
 972+ A641 CD 09 81             call print
 973+ A644
 974+ A644                      ; YES/NO
 975+ A644 21 15 2E             ld hl,46*256+21
 976+ A647 3E 30                ld a,48
 977+ A649 11 20 8C             ld de,yestxt
 978+ A64C CD 09 81             call print
 979+ A64F
 980+ A64F CD F4 DC             call overwrite_draw_options
 981+ A652
 982+ A652              .wait
 983+ A652 CD 15 DD             call overwrite_choice
 984+ A655 FE 01                cp 1
 985+ A657 CA 99 A6             jp z,cancel_overwrite
 986+ A65A FE 6E                cp "n"
 987+ A65C CA 8A A6             jp z,norewrite
 988+ A65F FE 4E                cp "N"
 989+ A661 CA 8A A6             jp z,norewrite
 990+ A664 FE 02                cp 2
 991+ A666 28 06                jr z,cont_isfile_all
 992+ A668 FE 0D                cp 13
 993+ A66A 28 07                jr z,cont_isfile                               ; Enter → souhlas overwrite
 994+ A66C 18 E4                jr .wait
 995+ A66E
 996+ A66E              cont_isfile_all
 997+ A66E 3E 01                ld a,1
 998+ A670 32 E5 9F             ld (overwriteAll),a
 999+ A673              cont_isfile
1000+ A673 CD CA 7E             call loadscr
1001+ A676              cont_isfile0
1002+ A676                      ; vrať LFNNAME2 → LFNNAME (zachovej nalezený soubor jako aktuální kontext)
1003+ A676 21 D8 9D             ld hl,LFNNAME2
1004+ A679 11 C5 9C             ld de,LFNNAME
1005+ A67C 01 0E 01             ld bc,270
1006+ A67F ED B0                ldir
1007+ A681
1008+ A681                      ; přepni okno zpátky
1009+ A681 3A 88 87             ld a,(OKNO)
1010+ A684 EE 10                xor 16
1011+ A686 32 88 87             ld (OKNO),a
1012+ A689 C9                   ret
1013+ A68A
1014+ A68A              norewrite
1015+ A68A F1                   pop af                                         ; zahoď návratovou adresu CALL isfile (ukončíme vyšší úroveň toku)
1016+ A68B 3A 88 87             ld a,(OKNO)
1017+ A68E EE 10                xor 16
1018+ A690 32 88 87             ld (OKNO),a                                    ; přepni okno zpátky
1019+ A693
1020+ A693 CD CA 7E             call loadscr
1021+ A696 C3 00 00     isfilee  jp 0                                          ; self-mod: skok na adresu z DE (norr/norr2 apod.)
1022+ A699
1023+ A699              cancel_overwrite
1024+ A699 F1                   pop af
1025+ A69A 3A 88 87             ld a,(OKNO)
1026+ A69D EE 10                xor 16
1027+ A69F 32 88 87             ld (OKNO),a
1028+ A6A2 CD CA 7E             call loadscr
1029+ A6A5 C3 4D A2             jp copyend
1030+ A6A8
1031+ A6A8
1032+ A6A8              cancel_after_file_copy
1033+ A6A8 E1                   pop hl
1034+ A6A9 C3 4D A2             jp copyend
1035+ A6AC
1036+ A6AC
1037+ A6AC              copy_print_kb_value
1038+ A6AC D5                   push de
1039+ A6AD 11 00 00             ld de,0
1040+ A6B0 06 05                ld b,5
1041+ A6B2 0E 20                ld c,32
1042+ A6B4 CD CD 7D             call D32B
1043+ A6B7 D1                   pop de
1044+ A6B8 21 AD 7D             ld hl,NUMB
1045+ A6BB 06 05                ld b,5
1046+ A6BD              .skip
1047+ A6BD 7E                   ld a,(hl)
1048+ A6BE FE 20                cp 32
1049+ A6C0 20 09                jr nz,.copy
1050+ A6C2 23                   inc hl
1051+ A6C3 10 F8                djnz .skip
1052+ A6C5 3E 30                ld a,"0"
1053+ A6C7 12                   ld (de),a
1054+ A6C8 13                   inc de
1055+ A6C9 18 06                jr .kb
1056+ A6CB              .copy
1057+ A6CB 7E                   ld a,(hl)
1058+ A6CC 12                   ld (de),a
1059+ A6CD 23                   inc hl
1060+ A6CE 13                   inc de
1061+ A6CF 10 FA                djnz .copy
1062+ A6D1              .kb
1063+ A6D1 3E 6B                ld a,"k"
1064+ A6D3 12                   ld (de),a
1065+ A6D4 13                   inc de
1066+ A6D5 3E 42                ld a,"B"
1067+ A6D7 12                   ld (de),a
1068+ A6D8 13                   inc de
1069+ A6D9 C9                   ret
1070+ A6DA
# file closed: functions/copy.asm
4792  A6DA              reload_panels_after_cancel
4793  A6DA CD CC A1             call obnov_okna
4794  A6DD CD 9E 83             call dospage
4795  A6E0 21 8F 87             ld hl,pathl
4796  A6E3 CD 50 7F             call ROZHOD2
4797  A6E6 7E                   ld a,(hl)
4798  A6E7 23                   inc hl
4799  A6E8 66                   ld h,(hl)
4800  A6E9 6F                   ld l,a
4801  A6EA AF                   xor a
4802  A6EB CD B1 01             call $01b1
4803  A6EE CD AE 83             call basicpage
4804  A6F1 CD 8E 73             call freespace
4805  A6F4 C9                   ret
4806  A6F5
4807  A6F5                      include "kmouse/driver.a80"
# file opened: kmouse/driver.a80
   1+ A6F5              ;   Nejprve zavolat KOREKCE s parametrama:
   2+ A6F5              ;           INPUT : L=new X-axis(0-255) / H=new Y-axis(0-191)
   3+ A6F5              ;           OUTPUT: none
   4+ A6F5              ;
   5+ A6F5              ;
   6+ A6F5              ;   Zavolat MOUSE - zjištění nových souřadnic:
   7+ A6F5              ;           INPUT : none
   8+ A6F5              ;           OUTPUT: A=buttons status (*) + modify mouse positions (*)
   9+ A6F5              ;
  10+ A6F5              ;           register L or (coord+0) = 1B new x-axis window position(absolute)
  11+ A6F5              ;           register H or (coord+1) = 1B new y-axis window position(absolute)
  12+ A6F5              ;
  13+ A6F5              ;           register A or (contrb)  = 1B new mouse buttons (D0=right button,D1=left button,D2=middle button) - 0=inactive/1=active button
  14+ A6F5              ;
  15+ A6F5              ;           register E or (oldco+0) = 1B previous(old) x-axis window position(absolute)
  16+ A6F5              ;           register D or (oldco+1) = 1B previous(old) y-axis window position(absolute)
  17+ A6F5              ;
  18+ A6F5              ;           register BC is modified, after return from driver will contain value #FADF.
  19+ A6F5
  20+ A6F5
  21+ A6F5              XMAX     equ  153
  22+ A6F5              XMIN     equ  0
  23+ A6F5
  24+ A6F5              YMAX     equ  254
  25+ A6F5              YMIN     equ  0
  26+ A6F5
  27+ A6F5              ;XECUTE MOUSE
  28+ A6F5              ;TAKE COORDINATES FROM CURPOS=
  29+ A6F5              ;=COORD
  30+ A6F5
  31+ A6F5              MOUSE
  32+ A6F5 3A AE 89              ld   a,(cfgUseKMouse)
  33+ A6F8 B7                    or   a
  34+ A6F9 20 08                 jr   nz,.enabled
  35+ A6FB AF                    xor  a
  36+ A6FC 32 86 A7              ld   (CONTRB),a
  37+ A6FF 2A 84 A7              ld   hl,(COORD)
  38+ A702 C9                    ret
  39+ A703              .enabled
  40+ A703 2A 84 A7              ld   hl,(COORD)
  41+ A706              ;L=X-axis
  42+ A706              ;H=Y-axis
  43+ A706 01 DF FB              ld   bc,$FBDF
  44+ A709 ED 5B 87 A7           ld   de,(OLDCO)
  45+ A70D ED 78                 in   a,(c)
  46+ A70F 32 87 A7              ld   (OLDCO),a
  47+ A712 93                    sub  e
  48+ A713 28 14                 jr   z,NM_X
  49+ A715 F2 1F A7              jp   p,MX_PL
  50+ A718 85                    add  a,l
  51+ A719 38 01                 jr   c,ZER_X
  52+ A71B AF                    xor  a
  53+ A71C 6F           ZER_X    ld   l,a
  54+ A71D 18 0A                 jr   NM_X
  55+ A71F 85           MX_PL    add  a,l
  56+ A720 38 04                 jr   c,BEX_Z
  57+ A722 FE 99                 cp   XMAX
  58+ A724 38 02                 jr   c,BEX_B
  59+ A726 3E 99        BEX_Z    ld   a,XMAX
  60+ A728 6F           BEX_B    ld   l,a
  61+ A729 06 FF        NM_X     ld   b,$FF
  62+ A72B ED 78                 in   a,(c)
  63+ A72D 32 88 A7              ld   (OLDCO+1),a
  64+ A730 92                    sub  d
  65+ A731 28 16                 jr   z,NM_Y
  66+ A733 ED 44                 neg
  67+ A735 F2 3F A7              jp   p,MY_PL
  68+ A738 84                    add  a,h
  69+ A739 38 01                 jr   c,ZER_Y
  70+ A73B AF                    xor  a
  71+ A73C 67           ZER_Y    ld   h,a
  72+ A73D 18 0A                 jr   NM_Y
  73+ A73F 84           MY_PL    add  a,h
  74+ A740 38 04                 jr   c,BEY_Z
  75+ A742 FE FE                 cp   YMAX
  76+ A744 38 02                 jr   c,BEY_B
  77+ A746 3E FE        BEY_Z    ld   a,YMAX
  78+ A748 67           BEY_B    ld   h,a
  79+ A749 7C           NM_Y     ld   a,h
  80+ A74A FE FF                 cp   $FF
  81+ A74C 38 02                 jr   c,BIGY
  82+ A74E 26 FF                 ld   h,$FF
  83+ A750 FE 00        BIGY     cp   YMIN
  84+ A752 30 02                 jr   nc,SMALY
  85+ A754 26 00                 ld   h,YMIN
  86+ A756 7D           SMALY    ld   a,l
  87+ A757 FE FF                 cp   $FF
  88+ A759 38 02                 jr   c,DIRY
  89+ A75B 2E FF                 ld   l,$FF
  90+ A75D FE 00        DIRY     cp   XMIN
  91+ A75F 30 02                 jr   nc,DIMENS
  92+ A761 2E 00                 ld   l,XMIN
  93+ A763 22 84 A7     DIMENS   ld   (COORD),hl
  94+ A766 01 DF FA              ld   bc,$FADF
  95+ A769 ED 78                 in   a,(c)
  96+ A76B 2F                    cpl
  97+ A76C E6 07                 and  7
  98+ A76E 32 86 A7              ld   (CONTRB),a
  99+ A771 C9                    ret
 100+ A772              ;------------------------------
 101+ A772              ;INPUT: L=new X-axis
 102+ A772              ;       H=new Y-axis
 103+ A772
 104+ A772 3E FB        KOREKCE  ld   a,$FB
 105+ A774 DB DF                 in   a,($DF)
 106+ A776 32 87 A7              ld   (OLDCO),a
 107+ A779 3E FF                 ld   a,$FF
 108+ A77B DB DF                 in   a,($DF)
 109+ A77D 32 88 A7              ld   (OLDCO+1),a
 110+ A780 22 84 A7              ld   (COORD),hl
 111+ A783 C9                    ret
 112+ A784              ;------------------------------
 113+ A784              ;new cursor position
 114+ A784 00 00        COORD    defb 0,0
 115+ A786
 116+ A786              ;buttons status
 117+ A786 00           CONTRB   defb 0
 118+ A787
 119+ A787              ;working (previous position)
 120+ A787 00 00        OLDCO    defb 0,0
 121+ A789              ;------------------------------
 122+ A789
# file closed: kmouse/driver.a80
4808  A789                      include "kmouse/akce.a80"
# file opened: kmouse/akce.a80
   1+ A789              ; -----------------------------------------------------------------------------
   2+ A789              ; CONTROL / CONTROL_CLICK
   3+ A789              ;
   4+ A789              ; Rutina kontroluje, zda aktuální souřadnice kliknutí (uložené v COORD)
   5+ A789              ; leží uvnitř obdélníku, jehož hranice jsou předány v HL.
   6+ A789              ;
   7+ A789              ; Formát dat na adrese HL:
   8+ A789              ;   +0  minX
   9+ A789              ;   +1  minY
  10+ A789              ;   +2  maxX
  11+ A789              ;   +3  maxY
  12+ A789              ;
  13+ A789              ; COORD:
  14+ A789              ;   COORD+0 = X pozice kliknutí
  15+ A789              ;   COORD+1 = Y pozice kliknutí
  16+ A789              ;
  17+ A789              ; Výstup:
  18+ A789              ;   Carry = 1  → kliknutí mimo oblast
  19+ A789              ;   Carry = 0  → kliknutí uvnitř oblasti
  20+ A789              ;
  21+ A789              ; HL je během rutiny inkrementováno.
  22+ A789              ; -----------------------------------------------------------------------------
  23+ A789
  24+ A789              CONTROL
  25+ A789              CONTROL_CLICK
  26+ A789
  27+ A789                      ; načti aktuální X souřadnici kliknutí
  28+ A789 3A 84 A7             ld a,(COORD+0)
  29+ A78C 5F                   ld e,a                  ; E = X kliknutí
  30+ A78D
  31+ A78D                      ; načti minX oblasti
  32+ A78D 7E                   ld a,(hl)
  33+ A78E BB                   cp e                    ; minX - X
  34+ A78F 30 1F                jr nc,CONTROL_CLICK_NETREFIL
  35+ A791                                              ; pokud minX >= X → klik je vlevo mimo
  36+ A791
  37+ A791 23                   inc hl                  ; HL → minY
  38+ A792
  39+ A792                      ; načti aktuální Y kliknutí
  40+ A792 3A 85 A7             ld a,(COORD+1)
  41+ A795 5F                   ld e,a                  ; E = Y kliknutí
  42+ A796
  43+ A796                      ; načti minY oblasti
  44+ A796 7E                   ld a,(hl)
  45+ A797 BB                   cp e                    ; minY - Y
  46+ A798 28 02                jr z,trefil             ; přesně na hraně → bereme jako zásah
  47+ A79A 30 14                jr nc,CONTROL_CLICK_NETREFIL
  48+ A79C                                              ; pokud minY > Y → klik je nad oblastí
  49+ A79C
  50+ A79C              trefil
  51+ A79C 23                   inc hl                  ; HL → maxX
  52+ A79D
  53+ A79D                      ; znovu načti X kliknutí
  54+ A79D 3A 84 A7             ld a,(COORD+0)
  55+ A7A0 5F                   ld e,a
  56+ A7A1
  57+ A7A1                      ; načti maxX oblasti
  58+ A7A1 7E                   ld a,(hl)
  59+ A7A2 BB                   cp e                    ; maxX - X
  60+ A7A3 38 0B                jr c,CONTROL_CLICK_NETREFIL
  61+ A7A5                                              ; pokud maxX < X → klik je vpravo mimo
  62+ A7A5
  63+ A7A5 23                   inc hl                  ; HL → maxY
  64+ A7A6
  65+ A7A6                      ; načti Y kliknutí
  66+ A7A6 3A 85 A7             ld a,(COORD+1)
  67+ A7A9 5F                   ld e,a
  68+ A7AA
  69+ A7AA                      ; načti maxY oblasti
  70+ A7AA 7E                   ld a,(hl)
  71+ A7AB BB                   cp e                    ; maxY - Y
  72+ A7AC 38 02                jr c,CONTROL_CLICK_NETREFIL
  73+ A7AE                                              ; pokud maxY < Y → klik je pod oblastí
  74+ A7AE
  75+ A7AE                      ; jsme uvnitř oblasti
  76+ A7AE B7                   or a                    ; vyčistí Carry flag
  77+ A7AF C9                   ret                     ; návrat s Carry=0 (zásah)
  78+ A7B0
  79+ A7B0              CONTROL_CLICK_NETREFIL
  80+ A7B0 37                   scf                     ; nastav Carry → netrefil
  81+ A7B1 C9                   ret                     ; návrat
  82+ A7B2
  83+ A7B2              ; -----------------------------------------------------------------------------
  84+ A7B2              ; Definice oblastí (obdélníků)
  85+ A7B2              ; -----------------------------------------------------------------------------
  86+ A7B2
  87+ A7B2              menuSouradnice
  88+ A7B2 00 00                        defb 0,0        ; minX, minY
  89+ A7B4 A0 08                        defb 160,8      ; maxX, maxY
  90+ A7B6
  91+ A7B6              leveOkno
  92+ A7B6 00 0C                        defb    0,12    ; minX, minY
  93+ A7B8 50 E6                        defb    80,230  ; maxX, maxY
  94+ A7BA
  95+ A7BA              praveOkno
  96+ A7BA 50 0C                        defb    80,12   ; minX, minY
  97+ A7BC A0 E6                        defb    160,230 ; maxX, maxY
  98+ A7BE
  99+ A7BE
# file closed: kmouse/akce.a80
4809  A7BE                      include "functions/menu.asm"
# file opened: functions/menu.asm
   1+ A7BE
   2+ A7BE              ; -----------------------------------------------------------------------------
   3+ A7BE              ; Flag: informace, zda je zobrazené menu
   4+ A7BE              ;   0 ... menu není zobrazené
   5+ A7BE              ;   1 ... menu je zobrazené
   6+ A7BE              ; -----------------------------------------------------------------------------
   7+ A7BE              zobrazeneMenu
   8+ A7BE 00                   defb 0
   9+ A7BF
  10+ A7BF
  11+ A7BF              ; -----------------------------------------------------------------------------
  12+ A7BF              ; menu
  13+ A7BF              ; Vstup do menu režimu:
  14+ A7BF              ;   - nastaví zobrazeneMenu=1
  15+ A7BF              ;   - vypíše text (pravděpodobně status / debug) přes PRINT
  16+ A7BF              ;   - uloží aktuální screen (savescr) pro pozdější návrat (loadscr)
  17+ A7BF              ;   - vykreslí menu (show_menu)
  18+ A7BF              ;   - přejde do hlavní smyčky obsluhy vstupu (menu01)
  19+ A7BF              ; -----------------------------------------------------------------------------
  20+ A7BF              menu
  21+ A7BF 3E 01                ld a,1
  22+ A7C1 32 BE A7             ld (zobrazeneMenu),a
  23+ A7C4 3A B0 89             ld a,(cfgSortMode)
  24+ A7C7 32 93 AD             ld (menuSortOriginal),a
  25+ A7CA 2A 84 A7             ld hl,(COORD)
  26+ A7CD 22 EB A9             ld (menuMouseCoord),hl
  27+ A7D0
  28+ A7D0 21 00 00             ld hl,0*256+0           ; HL = pozice tisku (X=0,Y=0)
  29+ A7D3 11 E1 AA             ld de,text              ; DE = ukazatel na text
  30+ A7D6 3E 10                ld a,16
  31+ A7D8 CD 09 81             call print
  32+ A7DB
  33+ A7DB CD AE 75             call gettime
  34+ A7DE CD B6 7E             call savescr
  35+ A7E1
  36+ A7E1 CD F1 A9             call show_menu          ; vykresli menu (položky, rámeček, kurzor)
  37+ A7E4 CD 16 A8             call menu_wait_mouse_release
  38+ A7E7
  39+ A7E7              ; -----------------------------------------------------------------------------
  40+ A7E7              ; menu01
  41+ A7E7              ; Hlavní smyčka menu:
  42+ A7E7              ;   - vyčistí stav tlačítka myši (TLACITKO)
  43+ A7E7              ;   - přečte klávesu (INKEY) => návrat v A
  44+ A7E7              ;   - zpracuje ESC/Exit, šipky, Enter
  45+ A7E7              ;   - pokud není klávesa, kontroluje kliknutí levým tlačítkem myši
  46+ A7E7              ; -----------------------------------------------------------------------------
  47+ A7E7              menu01
  48+ A7E7 AF                   xor a
  49+ A7E8 32 4E 73             ld (TLACITKO),a         ; vynuluj stav kliknutí (před novým čtením)
  50+ A7EB CD AA 7F             call INKEY              ; A = kód klávesy (1=ESC?, 10/11=down/up, 8/9=left/right, 13=enter)
  51+ A7EE
  52+ A7EE FE 01                cp 1
  53+ A7F0 CA 62 A8             jp z,menu_exit          ; ESC / Exit
  54+ A7F3
  55+ A7F3 FE 0A                cp 10
  56+ A7F5 CA 04 A9             jp z,menudown
  57+ A7F8 FE 0B                cp 11
  58+ A7FA CA 28 A9             jp z,menuup
  59+ A7FD FE 09                cp 9
  60+ A7FF CA B3 A8             jp z,menu_right
  61+ A802 FE 08                cp 8
  62+ A804 CA DC A8             jp z,menu_left
  63+ A807 FE 0D                cp 13
  64+ A809 CA 8D AA             jp z,menuenter          ; Enter -> akce položky
  65+ A80C
  66+ A80C                      ; žádná "známá" klávesa => zkus myš
  67+ A80C 3A 4E 73             ld a,(TLACITKO)
  68+ A80F CB 4F                bit 1,a                 ; test na levé tlačítko (bit0=pravé)
  69+ A811 C2 54 A8             jp nz,tlacitko_menu      ; pokud levé zmáčknuto, řeš klik v menu
  70+ A814 18 D1                jr menu01                ; jinak čekej dál
  71+ A816
  72+ A816
  73+ A816              menu_wait_mouse_release
  74+ A816              .wait
  75+ A816 CD F5 A6             call MOUSE
  76+ A819 E6 07                and 7
  77+ A81B 20 F9                jr nz,.wait
  78+ A81D C9                   ret
  79+ A81E
  80+ A81E
  81+ A81E              zjistiJestliMyskaNeniVHorniCastiMenu
  82+ A81E 3A BE A7             ld a,(zobrazeneMenu)
  83+ A821 B7                   or a
  84+ A822 C8                   ret z                   ; pokud menu není zobrazené, nic nedělej
  85+ A823 CD 7F A9     	call GetHotXRangeInTopBands
  86+ A826 FE FF        	cp 255
  87+ A828 C8           	ret z		;pokud nejsi, vrat se
  88+ A829 47           	ld b,a
  89+ A82A 3A 72 AB     	ld a,(nummenu)
  90+ A82D B8           	cp b
  91+ A82E C8           	ret z
  92+ A82F
  93+ A82F 78           	ld a,b
  94+ A830 32 72 AB     	ld (nummenu),a
  95+ A833
  96+ A833 CD CA 7E             call loadscr
  97+ A836 CD AE 75             call gettime
  98+ A839 CD B6 7E             call savescr
  99+ A83C
 100+ A83C 3E 01                ld a,1
 101+ A83E 32 7B AA             ld (curmeny+1),a
 102+ A841
 103+ A841 CD F1 A9             call show_menu
 104+ A844 3E 40                ld a,64
 105+ A846 CD 71 AA             call writecurmenu        ; vykresli kurzor (např. šipku) v novém menu
 106+ A849
 107+ A849 AF                   xor a
 108+ A84A 32 82 AB             ld (menucur),a           ; index položky = 0
 109+ A84D C9                   ret
 110+ A84E
 111+ A84E              ; -----------------------------------------------------------------------------
 112+ A84E              ; menuenter_pred
 113+ A84E              ; Pomocná větev pro kliknutí:
 114+ A84E              ;   - nejdřív obnoví screen pod menu (loadscr)
 115+ A84E              ;   - pak skočí do menuenter (provedení akce)
 116+ A84E              ; -----------------------------------------------------------------------------
 117+ A84E              menuenter_pred
 118+ A84E CD CA 7E             call loadscr
 119+ A851 C3 8D AA             jp menuenter
 120+ A854
 121+ A854
 122+ A854              ; -----------------------------------------------------------------------------
 123+ A854              ; tlacitko_menu
 124+ A854              ; Obsluha kliknutí myší v menu:
 125+ A854              ;   - ZjistiJestliJsemVMenu nastaví/počítá bounding box aktivního menu
 126+ A854              ;     a volá CONTROL => návrat Carry=0 (NC) = trefil oblast
 127+ A854              ;   - pokud trefil, jde na menuenter_pred (nejdřív loadscr, pak akce)
 128+ A854              ; -----------------------------------------------------------------------------
 129+ A854              tlacitko_menu
 130+ A854 CD 4A A9             call ZjistiJestliJsemVMenu
 131+ A857 D2 4E A8             jp nc,menuenter_pred     ; NC = trefil oblast -> proveď akci položky
 132+ A85A
 133+ A85A                      ;xor a
 134+ A85A                      ;ld (prvniYsouradniceMenu),a   ; nastav 1. variantu Y offsetu = 0
 135+ A85A                      ;call ZjistiJestliJsemVMenu
 136+ A85A
 137+ A85A 3E 08                ld a,8
 138+ A85C 32 EE A9             ld (prvniYsouradniceMenu),a
 139+ A85F D2 E7 A7             jp nc,menu01
 140+ A862
 141+ A862              ; -----------------------------------------------------------------------------
 142+ A862              ; menu_exit
 143+ A862              ; Zavření menu:
 144+ A862              ;   - obnoví screen (loadscr)
 145+ A862              ;   - nastaví zobrazeneMenu=0
 146+ A862              ;   - vykreslí nadpis do VRAM od #4000 (znaky + atribut 16 střídavě)
 147+ A862              ;   - návrat do hlavní smyčky programu (loop0)
 148+ A862              ; -----------------------------------------------------------------------------
 149+ A862              menu_exit
 150+ A862 CD CA 7E             call loadscr
 151+ A865 AF                   xor a
 152+ A866 32 BE A7             ld (zobrazeneMenu),a
 153+ A869
 154+ A869 21 17 AB             ld hl,nadpis
 155+ A86C 11 00 40             ld de,#4000
 156+ A86F 01 50 00             ld bc,80                 ; počet znaků nadpisu (80 bajtů)
 157+ A872
 158+ A872              menu001
 159+ A872 7E                   ld a,(hl)                ; znak
 160+ A873 12                   ld (de),a
 161+ A874 13                   inc de
 162+ A875 3E 10                ld a,16                  ; atribut (barva)
 163+ A877 12                   ld (de),a
 164+ A878 13                   inc de
 165+ A879 23                   inc hl
 166+ A87A 0B                   dec bc
 167+ A87B 79                   ld a,c
 168+ A87C B0                   or b
 169+ A87D 20 F3                jr nz,menu001
 170+ A87F
 171+ A87F 3A B0 89             ld a,(cfgSortMode)
 172+ A882 47                   ld b,a
 173+ A883 3A 93 AD             ld a,(menuSortOriginal)
 174+ A886 B8                   cp b
 175+ A887 CA 83 72             jp z,loop0
 176+ A88A
 177+ A88A                      ; Volba se ukládá a oba panely se přerovnají teprve při opuštění menu.
 178+ A88A CD 9E 83             call dospage
 179+ A88D CD 83 86             call zapisCfg
 180+ A890 CD AE 83             call basicpage
 181+ A893 CD CB D7             call showSprite
 182+ A896 CD CC A1             call obnov_okna
 183+ A899 C3 83 72             jp loop0                 ; pokračuj v hlavním programu
 184+ A89C
 185+ A89C
 186+ A89C              ; -----------------------------------------------------------------------------
 187+ A89C              ; zobraz_nadpis
 188+ A89C              ; Samostatná rutina pro vykreslení nadpisu (stejná logika jako v menu_exit),
 189+ A89C              ; jen se na konci vrací RET.
 190+ A89C              ; -----------------------------------------------------------------------------
 191+ A89C              zobraz_nadpis
 192+ A89C 21 17 AB             ld hl,nadpis
 193+ A89F 11 00 40             ld de,#4000
 194+ A8A2 01 50 00             ld bc,80
 195+ A8A5
 196+ A8A5              nadpis111
 197+ A8A5 7E                   ld a,(hl)
 198+ A8A6 12                   ld (de),a
 199+ A8A7 13                   inc de
 200+ A8A8 3E 10                ld a,16
 201+ A8AA 12                   ld (de),a
 202+ A8AB 13                   inc de
 203+ A8AC 23                   inc hl
 204+ A8AD 0B                   dec bc
 205+ A8AE 79                   ld a,c
 206+ A8AF B0                   or b
 207+ A8B0 20 F3                jr nz,nadpis111
 208+ A8B2 C9                   ret
 209+ A8B3
 210+ A8B3
 211+ A8B3              ; -----------------------------------------------------------------------------
 212+ A8B3              ; menu_right
 213+ A8B3              ; Přepnutí na další "hlavní" menu (doprava):
 214+ A8B3              ;   - pokud už jsme na posledním (nummenu==4), nic nedělej
 215+ A8B3              ;   - jinak nummenu++
 216+ A8B3              ;   - obnov screen, uloží nový podklad a znovu vykresli menu
 217+ A8B3              ;   - nastav kurzor menu (curmeny=1) + reset vybrané položky (menucur=0)
 218+ A8B3              ; -----------------------------------------------------------------------------
 219+ A8B3              menu_right
 220+ A8B3 3A 72 AB             ld a,(nummenu)
 221+ A8B6 FE 04                cp 4
 222+ A8B8 CA E7 A7             jp z,menu01              ; už poslední menu -> nic
 223+ A8BB
 224+ A8BB 3C                   inc a
 225+ A8BC 32 72 AB             ld (nummenu),a
 226+ A8BF
 227+ A8BF CD CA 7E             call loadscr
 228+ A8C2 CD AE 75             call gettime
 229+ A8C5 CD B6 7E             call savescr
 230+ A8C8
 231+ A8C8 3E 01                ld a,1
 232+ A8CA 32 7B AA             ld (curmeny+1),a         ; self-mod? nebo proměnná s číslem řádku kurzoru
 233+ A8CD
 234+ A8CD CD F1 A9             call show_menu
 235+ A8D0 3E 40                ld a,64
 236+ A8D2 CD 71 AA             call writecurmenu
 237+ A8D5
 238+ A8D5 AF                   xor a
 239+ A8D6 32 82 AB             ld (menucur),a           ; index položky = 0
 240+ A8D9
 241+ A8D9 C3 E7 A7             jp menu01
 242+ A8DC
 243+ A8DC
 244+ A8DC              ; -----------------------------------------------------------------------------
 245+ A8DC              ; menu_left
 246+ A8DC              ; Přepnutí na předchozí "hlavní" menu (doleva):
 247+ A8DC              ;   - pokud jsme na prvním (nummenu==0), nic nedělej
 248+ A8DC              ;   - jinak nummenu--
 249+ A8DC              ;   - stejné kroky jako menu_right
 250+ A8DC              ; -----------------------------------------------------------------------------
 251+ A8DC              menu_left
 252+ A8DC 3A 72 AB             ld a,(nummenu)
 253+ A8DF B7                   or a
 254+ A8E0 CA E7 A7             jp z,menu01              ; už první menu
 255+ A8E3
 256+ A8E3 3D                   dec a
 257+ A8E4 32 72 AB             ld (nummenu),a
 258+ A8E7
 259+ A8E7 CD CA 7E             call loadscr
 260+ A8EA CD AE 75             call gettime
 261+ A8ED CD B6 7E             call savescr
 262+ A8F0
 263+ A8F0 3E 01                ld a,1
 264+ A8F2 32 7B AA             ld (curmeny+1),a
 265+ A8F5
 266+ A8F5 CD F1 A9             call show_menu
 267+ A8F8 3E 40                ld a,64
 268+ A8FA CD 71 AA             call writecurmenu
 269+ A8FD
 270+ A8FD AF                   xor a
 271+ A8FE 32 82 AB             ld (menucur),a
 272+ A901
 273+ A901 C3 E7 A7             jp menu01
 274+ A904
 275+ A904
 276+ A904              ; -----------------------------------------------------------------------------
 277+ A904              ; menudown
 278+ A904              ; Pohyb kurzoru dolů v aktuálním menu:
 279+ A904              ;   - pokud je kurzor už na posledním řádku (curmeny == pocet_radku), nic
 280+ A904              ;   - jinak:
 281+ A904              ;       * smaž starý kurzor (writecurmenu s A=48)
 282+ A904              ;       * curmeny++
 283+ A904              ;       * vykresli nový kurzor (A=64)
 284+ A904              ;       * menucur++ (interní index vybrané položky)
 285+ A904              ; -----------------------------------------------------------------------------
 286+ A904              menudown
 287+ A904 21 7B AA             ld hl,curmeny+1
 288+ A907 7E                   ld a,(hl)
 289+ A908 21 54 AA             ld hl,pocet_radku+1
 290+ A90B BE                   cp (hl)
 291+ A90C CA E7 A7             jp z,menu01              ; už dole -> nic
 292+ A90F
 293+ A90F 3E 30                ld a,48
 294+ A911 CD 71 AA             call writecurmenu        ; smaž starý kurzor / přepiš mezerou?
 295+ A914
 296+ A914 21 7B AA             ld hl,curmeny+1
 297+ A917 7E                   ld a,(hl)
 298+ A918 3C                   inc a
 299+ A919 32 7B AA             ld (curmeny+1),a
 300+ A91C
 301+ A91C 3E 40                ld a,64
 302+ A91E CD 71 AA             call writecurmenu        ; vykresli nový kurzor
 303+ A921
 304+ A921 21 82 AB             ld hl,menucur
 305+ A924 34                   inc (hl)                 ; posuň index položky
 306+ A925
 307+ A925 C3 E7 A7             jp menu01
 308+ A928
 309+ A928
 310+ A928              ; -----------------------------------------------------------------------------
 311+ A928              ; menuup
 312+ A928              ; Pohyb kurzoru nahoru v aktuálním menu:
 313+ A928              ;   - pokud je kurzor na prvním řádku (curmeny==1), nic
 314+ A928              ;   - jinak analogicky jako menudown:
 315+ A928              ;       * smaž starý kurzor
 316+ A928              ;       * curmeny--
 317+ A928              ;       * vykresli nový kurzor
 318+ A928              ;       * menucur--
 319+ A928              ; -----------------------------------------------------------------------------
 320+ A928              menuup
 321+ A928 21 7B AA             ld hl,curmeny+1
 322+ A92B 7E                   ld a,(hl)
 323+ A92C FE 01                cp 1
 324+ A92E CA E7 A7             jp z,menu01              ; už nahoře -> nic
 325+ A931
 326+ A931 3E 30                ld a,48
 327+ A933 CD 71 AA             call writecurmenu        ; smaž starý kurzor
 328+ A936
 329+ A936 21 7B AA             ld hl,curmeny+1
 330+ A939 7E                   ld a,(hl)
 331+ A93A 3D                   dec a
 332+ A93B 32 7B AA             ld (curmeny+1),a
 333+ A93E
 334+ A93E 3E 40                ld a,64
 335+ A940 CD 71 AA             call writecurmenu        ; vykresli nový kurzor
 336+ A943
 337+ A943 21 82 AB             ld hl,menucur
 338+ A946 35                   dec (hl)                 ; posuň index položky
 339+ A947
 340+ A947 C3 E7 A7             jp menu01
 341+ A94A
 342+ A94A
 343+ A94A              ; -----------------------------------------------------------------------------
 344+ A94A              ; ZjistiJestliJsemVMenu
 345+ A94A              ;
 346+ A94A              ; Rutina zjistí parametry aktuálně aktivního menu a připraví oblast,
 347+ A94A              ; ve které se menu nachází, pro další zpracování (např. detekci kurzoru).
 348+ A94A              ;
 349+ A94A              ; Postup:
 350+ A94A              ;   1) Podle indexu menu (nummenu) zjistí počet položek menu
 351+ A94A              ;      z tabulky menulenght.
 352+ A94A              ;   2) Z tabulky menupos načte X souřadnici menu.
 353+ A94A              ;   3) Spočítá horizontální rozsah menu (levý a pravý okraj).
 354+ A94A              ;   4) Podle počtu položek spočítá vertikální rozsah menu
 355+ A94A              ;      (výška menu = počet položek × 8).
 356+ A94A              ;   5) Připraví hodnoty pro rutinu CONTROL, která následně testuje,
 357+ A94A              ;      zda se kurzor nachází v oblasti menu.
 358+ A94A              ;
 359+ A94A              ; Výstupy ukládá do:
 360+ A94A              ;   xovaSouradniceMenu  - levý okraj menu
 361+ A94A              ;   konecXoveSouradnice - pravý okraj menu
 362+ A94A              ;   rohAktivnihoMenu    - spodní hranice / výška menu
 363+ A94A              ;
 364+ A94A              ; Používá self-modifying kód pro předání počtu položek.
 365+ A94A              ;
 366+ A94A              ; Volá:
 367+ A94A              ;   CONTROL
 368+ A94A              ;
 369+ A94A              ; Registry: A, DE, HL modifikovány.
 370+ A94A              ; -----------------------------------------------------------------------------
 371+ A94A              ZjistiJestliJsemVMenu
 372+ A94A 3A 72 AB             ld a,(nummenu)          ; A = číslo aktuálního menu (index)
 373+ A94D 5F                   ld e,a                  ; E = index menu
 374+ A94E 16 00                ld d,0                  ; DE = index (16-bit), D=0
 375+ A950
 376+ A950 21 7D AB             ld hl,menulenght        ; HL = base adresa tabulky délek menu
 377+ A953 19                   add hl,de               ; HL = menulenght + index
 378+ A954 7E                   ld a,(hl)               ; A = menulenght[index]  (pravděpodobně "počet položek - 1" nebo podobně)
 379+ A955 3C                   inc a                   ; A = počet položek aktivního menu (dorovnání +1)
 380+ A956
 381+ A956 32 6D A9             ld (pocetPolozekMenu + 1),a ; self-modifying: přepíše operand u "ld e,0" níže na aktuální počet položek
 382+ A959
 383+ A959 21 6D AB             ld hl,menupos           ; HL = base tabulky X pozic menu
 384+ A95C 19                   add hl,de               ; HL = menupos + index
 385+ A95D 7E                   ld a,(hl)               ; A = menupos[index] = X souřadnice menu (asi v pixelech nebo sloupcích)
 386+ A95E B7                   or a                    ; test A==0 ?
 387+ A95F 28 02                jr z,nultaPolozka       ; pokud X=0, neskákej do posunů (nech 0)
 388+ A961
 389+ A961 3D                   dec a                   ; jinak X -= 2  (posun vlevo)
 390+ A962 3D                   dec a
 391+ A963
 392+ A963              nultaPolozka                    ; zde se definuje obdélník aktivního menu (X rozsah)
 393+ A963 32 ED A9             ld (xovaSouradniceMenu),a   ; uloží levý okraj menu
 394+ A966
 395+ A966 06 24                ld b,36                 ; šířka menu (nebo delta do pravého okraje) = 36
 396+ A968 80                   add a,b                 ; A = X + 36
 397+ A969 32 EF A9             ld (konecXoveSouradnice),a  ; uloží pravý okraj menu
 398+ A96C
 399+ A96C              pocetPolozekMenu
 400+ A96C 1E 00                ld e,0                  ; !!! operand "0" je před chvílí přepsán -> E = počet položek
 401+ A96E 16 08                ld d,8                  ; D = 8 (výška jedné položky v pixelech / řádcích)
 402+ A970 ED 30                mul d,e                 ; DE = D*E (na klasickém Z80 není MUL, tohle je Z80N / makro / assembler rozšíření)
 403+ A972                                              ; výsledkem chceš mít v E celkovou výšku menu (8 * počet položek)
 404+ A972
 405+ A972 7B                   ld a,e                  ; A = výška (v 8px krocích) v E
 406+ A973 3D                   dec a                   ; A -= 2 (zase korekce: "roh" obdélníku trochu nahoru)
 407+ A974 3D                   dec a
 408+ A975 32 F0 A9             ld (rohAktivnihoMenu),a ; uloží "roh" (pravděpodobně Y rozsah / výšku / spodní okraj)
 409+ A978
 410+ A978 21 ED A9             ld hl,xovaSouradniceMenu ; HL ukazuje na strukturu/parametry obdélníku (minimálně X start)
 411+ A97B CD 89 A7             call CONTROL
 412+ A97E
 413+ A97E C9                   ret
 414+ A97F
 415+ A97F
 416+ A97F              ; -----------------------------------------------------------------------------
 417+ A97F              ; GetHotXRangeInTopBands
 418+ A97F              ;
 419+ A97F              ; Test myši podle COORD (X,Y):
 420+ A97F              ;  - Y pásma: 0..8  OR  prvniYsouradniceMenu..prvniYsouradniceMenu+8
 421+ A97F              ;  - X pásma: 0..15, 16..30, 31..45, 46..55, 56..70
 422+ A97F              ;
 423+ A97F              ; Výstup:
 424+ A97F              ;   NC + A=0..4  = trefil, A je index pásma
 425+ A97F              ;   C  + A=255   = netrefil
 426+ A97F              ;
 427+ A97F              ; Mění: A, B, E
 428+ A97F              ; -----------------------------------------------------------------------------
 429+ A97F              GetHotXRangeInTopBands
 430+ A97F
 431+ A97F                      ; ---------
 432+ A97F                      ; Y test #1: 0..8
 433+ A97F                      ; ---------
 434+ A97F 3A 85 A7             ld a,(COORD+1)          ; A = Y
 435+ A982 FE 09                cp 9                    ; Y < 9  <=> Y <= 8
 436+ A984 30 17                jr nc,.NO_HIT
 437+ A986              .Y_OK
 438+ A986                      ; ---------
 439+ A986                      ; X pásma -> A = 0..4
 440+ A986                      ; ---------
 441+ A986 3A 84 A7             ld a,(COORD+0)          ; A = X
 442+ A989
 443+ A989 FE 10                cp 16                   ; 0..15
 444+ A98B 38 14                jr c,.RET0
 445+ A98D
 446+ A98D FE 1F                cp 31                   ; 16..30
 447+ A98F 38 13                jr c,.RET1
 448+ A991
 449+ A991 FE 2E                cp 46                   ; 31..45
 450+ A993 38 13                jr c,.RET2
 451+ A995
 452+ A995 FE 38                cp 56                   ; 46..55
 453+ A997 38 13                jr c,.RET3
 454+ A999
 455+ A999 FE 47                cp 71                   ; 56..70
 456+ A99B 38 13                jr c,.RET4
 457+ A99D
 458+ A99D              .NO_HIT
 459+ A99D 3E FF                ld a,255
 460+ A99F 37                   scf                     ; C=1 netrefil
 461+ A9A0 C9                   ret
 462+ A9A1
 463+ A9A1 AF           .RET0    xor a                  ; A=0
 464+ A9A2 B7                    or a                   ; C=0
 465+ A9A3 C9                    ret
 466+ A9A4 3E 01        .RET1    ld a,1
 467+ A9A6 B7                    or a
 468+ A9A7 C9                    ret
 469+ A9A8 3E 02        .RET2    ld a,2
 470+ A9AA B7                    or a
 471+ A9AB C9                    ret
 472+ A9AC 3E 03        .RET3    ld a,3
 473+ A9AE B7                    or a
 474+ A9AF C9                    ret
 475+ A9B0 3E 04        .RET4    ld a,4
 476+ A9B2 B7                    or a
 477+ A9B3 C9                    ret
 478+ A9B4
 479+ A9B4
 480+ A9B4              ; =============================================================================
 481+ A9B4              ; podbarviPodlePoziceMysky
 482+ A9B4              ; "Hover" logika: pokud je menu zobrazené a myš je uvnitř jeho oblasti,
 483+ A9B4              ; tak se podle Y souřadnice myši přepne vybraná položka (kurzor) a podbarví se.
 484+ A9B4              ;
 485+ A9B4              ; Používá:
 486+ A9B4              ;   - zobrazeneMenu: 0/1 (menu aktivní)
 487+ A9B4              ;   - ZjistiJestliJsemVMenu: připraví bounding box + volá CONTROL
 488+ A9B4              ;     Výstup: C = mimo menu, NC = uvnitř menu
 489+ A9B4              ;   - COORD+1: Y souřadnice myši
 490+ A9B4              ;   - deleno8: vydělí Y / 8 (výsledek v D) => řádek menu
 491+ A9B4              ;   - writecurmenu: vykreslení kurzoru/podbarvení (A určuje "barvu"/znak)
 492+ A9B4              ;
 493+ A9B4              ; Efekt:
 494+ A9B4              ;   - smaže staré zvýraznění (A=48)
 495+ A9B4              ;   - nastaví curmeny a menucur podle myši
 496+ A9B4              ;   - vykreslí nové zvýraznění (A=64)
 497+ A9B4              ; =============================================================================
 498+ A9B4              podbarviPodlePoziceMysky
 499+ A9B4
 500+ A9B4 3A BE A7             ld a,(zobrazeneMenu)
 501+ A9B7 B7                   or a
 502+ A9B8 C8                   ret z                   ; pokud menu není zobrazené, nic nedělej
 503+ A9B9
 504+ A9B9                      ; Hover reaguje jen na pohyb. Jinak by stojící myš po každém
 505+ A9B9                      ; stisku šipky okamžitě vrátila kurzor na svůj řádek.
 506+ A9B9 2A 84 A7             ld hl,(COORD)
 507+ A9BC ED 5B EB A9          ld de,(menuMouseCoord)
 508+ A9C0 E5                   push hl
 509+ A9C1 B7                   or a
 510+ A9C2 ED 52                sbc hl,de
 511+ A9C4 E1                   pop hl
 512+ A9C5 C8                   ret z
 513+ A9C6 22 EB A9             ld (menuMouseCoord),hl
 514+ A9C9
 515+ A9C9 CD 4A A9             call ZjistiJestliJsemVMenu
 516+ A9CC D8                   ret c                   ; Carry=1 => myš není v menu oblasti
 517+ A9CD
 518+ A9CD              JsemVMenu
 519+ A9CD                      ; --- výpočet položky v menu podle Y souřadnice myši ---
 520+ A9CD 3A 85 A7             ld a,(COORD+1)          ; A = Y souřadnice myši
 521+ A9D0 57                   ld d,a                  ; D = Y (vstup pro deleno8)
 522+ A9D1 1E 08                ld e,8                  ; dělitel = 8 (výška 1 položky)
 523+ A9D3 CD A0 84             call deleno8            ; D = Y/8 (výsledný řádek)
 524+ A9D6
 525+ A9D6 D5                   push de                 ; uchovej D/E (D=řádek), protože writecurmenu si je může změnit
 526+ A9D7
 527+ A9D7                      ; smaž staré zvýraznění / kurzor
 528+ A9D7 3E 30                ld a,48
 529+ A9D9 CD 71 AA             call writecurmenu
 530+ A9DC
 531+ A9DC D1                   pop de                  ; vrať D = řádek
 532+ A9DD
 533+ A9DD                      ; nastav nový řádek kurzoru (pozor: curmeny+1 je SMC operand)
 534+ A9DD 7A                   ld a,d
 535+ A9DE 32 7B AA             ld (curmeny+1),a        ; řádek kurzoru = Y/8
 536+ A9E1
 537+ A9E1                      ; menucur je index položky od 0, zatímco curmeny je typicky od 1
 538+ A9E1 3D                   dec a
 539+ A9E2 32 82 AB             ld (menucur),a
 540+ A9E5
 541+ A9E5                      ; vykresli nové zvýraznění / kurzor
 542+ A9E5 3E 40                ld a,64
 543+ A9E7 CD 71 AA             call writecurmenu
 544+ A9EA
 545+ A9EA C9                   ret
 546+ A9EB
 547+ A9EB 00 00        menuMouseCoord defw 0
 548+ A9ED
 549+ A9ED
 550+ A9ED              ; =============================================================================
 551+ A9ED              ; Proměnné / parametry pro bounding box menu (čte CONTROL / ZjistiJestliJsemVMenu)
 552+ A9ED              ; Pozn.: názvy naznačují:
 553+ A9ED              ;   xovaSouradniceMenu     = levý okraj
 554+ A9ED              ;   prvniYsouradniceMenu   = horní okraj (offset, default 8)
 555+ A9ED              ;   konecXoveSouradnice    = pravý okraj
 556+ A9ED              ;   rohAktivnihoMenu       = spodní hrana / výška / "roh" (dle tvé logiky)
 557+ A9ED              ; =============================================================================
 558+ A9ED              XOVA
 559+ A9ED              xovaSouradniceMenu
 560+ A9ED 00                   defb 0
 561+ A9EE              prvniYsouradniceMenu
 562+ A9EE 08                   defb 8
 563+ A9EF              konecXoveSouradnice
 564+ A9EF 00                   defb 0
 565+ A9F0              rohAktivnihoMenu
 566+ A9F0 00                   defb 0
 567+ A9F1
 568+ A9F1
 569+ A9F1              ; =============================================================================
 570+ A9F1              ; show_menu
 571+ A9F1              ; Vykreslí aktuální menu (podle nummenu):
 572+ A9F1              ;   1) Z tabulky menulenght uloží počet řádků do SMC (pocet_radku+1)
 573+ A9F1              ;   2) Z tabulky menupos uloží X pozici do SMC (menux+1), s korekcí -2
 574+ A9F1              ;   3) Vybere správný blok menu textů v menuitems a uloží jeho adresu
 575+ A9F1              ;      do SMC (adresa_polozky+1)
 576+ A9F1              ;   4) Předkreslí "pruh" kurzoru / pozadí (s A=48)
 577+ A9F1              ;   5) Smyčkou volá print pro jednotlivé položky (dokud nenarazí na 255)
 578+ A9F1              ;   6) Nakonec vykreslí aktivní kurzor (A=64)
 579+ A9F1              ;
 580+ A9F1              ; Důležité: je tu hodně self-modifying míst:
 581+ A9F1              ;   - pocet_radku
 582+ A9F1              ;   - menux
 583+ A9F1              ;   - adresa_polozky
 584+ A9F1              ;   - ymenu/xmenu (parametry pro print)
 585+ A9F1              ; =============================================================================
 586+ A9F1              show_menu
 587+ A9F1              SAS
 588+ A9F1 CD 81 AD             call menu_sync_config_marks
 589+ A9F4
 590+ A9F4                      ; --- zjisti délku menu (počet řádků) ---
 591+ A9F4 3A 72 AB             ld a,(nummenu)
 592+ A9F7 5F                   ld e,a
 593+ A9F8 16 00                ld d,0
 594+ A9FA 21 7D AB             ld hl,menulenght
 595+ A9FD 19                   add hl,de
 596+ A9FE 7E                   ld a,(hl)
 597+ A9FF 32 54 AA             ld (pocet_radku+1),a    ; SMC: operand u "ld b,0"
 598+ AA02
 599+ AA02                      ; --- zjisti X pozici menu ---
 600+ AA02 21 6D AB             ld hl,menupos
 601+ AA05 19                   add hl,de
 602+ AA06 7E                   ld a,(hl)
 603+ AA07 B7                   or a
 604+ AA08 28 02                jr z,sm1
 605+ AA0A 3D                   dec a
 606+ AA0B 3D                   dec a                   ; korekce X o -2
 607+ AA0C 32 24 AA     sm1     ld (menux+1),a          ; SMC: operand u "ld hl,$4000+2"
 608+ AA0F
 609+ AA0F                      ; --- výpočet offsetu do tabulky menuitems: 2 * nummenu ---
 610+ AA0F 43                   ld b,e
 611+ AA10 AF                   xor a
 612+ AA11 C6 02        sm0     add a,2
 613+ AA13 10 FC                djnz sm0
 614+ AA15
 615+ AA15                      ; --- HL = ukazatel na adresu definice konkrétního menu ---
 616+ AA15 5F                   ld e,a
 617+ AA16 16 00                ld d,0
 618+ AA18 21 73 AB             ld hl,menuitems
 619+ AA1B 19                   add hl,de               ; HL = &menuitems[2*nummenu]
 620+ AA1C 7E                   ld a,(hl)               ; low byte adresy menu definice
 621+ AA1D 23                   inc hl
 622+ AA1E 66                   ld h,(hl)               ; high byte
 623+ AA1F 6F                   ld l,a                  ; HL = adresa definice menu (texty + pointery)
 624+ AA20 22 45 AA             ld (adresa_polozky+1),hl ; SMC: operand u "ld de,0" (start menu dat)
 625+ AA23
 626+ AA23                      ; --- připrav základní adresu v obrazovce pro kreslení menu lišty ---
 627+ AA23 21 02 40     menux    ld hl,$4000+2          ; SMC: HL = VRAM start + X offset
 628+ AA26 22 78 AA             ld (curmen+1),hl        ; ulož base pro writecurmenu
 629+ AA29 23                   inc hl
 630+ AA2A
 631+ AA2A                      ; Předkreslení "pruhu" (A=48) na několika pozicích
 632+ AA2A 3E 30                ld a,48
 633+ AA2C 77                   ld (hl),a
 634+ AA2D
 635+ AA2D 23                   inc hl
 635+ AA2E 23             inc hl
 636+ AA2F 77                   ld (hl),a
 637+ AA30 23                   inc hl
 637+ AA31 23             inc hl
 638+ AA32 77                   ld (hl),a
 639+ AA33 23                   inc hl
 639+ AA34 23             inc hl
 640+ AA35 77                   ld (hl),a
 641+ AA36
 642+ AA36 23                   inc hl
 642+ AA37 23             inc hl
 643+ AA38 77                   ld (hl),a
 644+ AA39
 645+ AA39 23                   inc hl
 645+ AA3A 23             inc hl
 646+ AA3B 77                   ld (hl),a
 647+ AA3C
 648+ AA3C 23                   inc hl
 648+ AA3D 23             inc hl
 649+ AA3E 77                   ld (hl),a
 650+ AA3F
 651+ AA3F 67                   ld h,a
 652+ AA40 2E 01                ld l,1
 653+ AA42
 654+ AA42 3E 10                ld a,16                 ; atribut/barva pro PRINT?
 655+ AA44
 656+ AA44              adresa_polozky
 657+ AA44 11 00 00             ld de,0                 ; SMC: DE = adresa menu definice (text/pointer)
 658+ AA47
 659+ AA47                      ; startovní řádek menu = 1
 660+ AA47 3E 01                ld a,1
 661+ AA49 32 56 AA             ld (ymenu+1),a
 662+ AA4C
 663+ AA4C                      ; xmenu je v "atributových" jednotkách => menux / 2
 664+ AA4C 3A 24 AA             ld a,(menux+1)
 665+ AA4F 1F                   rra                     ; divide by 2 (atributy)
 666+ AA50 32 58 AA             ld (xmenu+1),a
 667+ AA53
 668+ AA53              pocet_radku
 669+ AA53 06 00                ld b,0                  ; SMC: B = počet položek (řádků)
 670+ AA55
 671+ AA55 2E 01        ymenu    ld l,1                 ; SMC: L = y
 672+ AA57 26 00        xmenu    ld h,0                 ; SMC: H = x
 673+ AA59
 674+ AA59                      ; vykresli položku (PRINT typicky bere: HL=(x,y), DE=text, A=atribut)
 675+ AA59 3E 30                ld a,48
 676+ AA5B CD 09 81             call print
 677+ AA5E
 678+ AA5E 1A                   ld a,(de)
 679+ AA5F FE FF                cp 255
 680+ AA61 C8                   ret z                   ; 255 = konec menu definice
 681+ AA62
 682+ AA62 13                   inc de
 683+ AA63 13                   inc de
 684+ AA64 13                   inc de
 685+ AA65
 686+ AA65                      ; y++ (další řádek)
 687+ AA65 21 56 AA             ld hl,ymenu+1
 688+ AA68 34                   inc (hl)
 689+ AA69
 690+ AA69 10 EA                djnz ymenu
 691+ AA6B
 692+ AA6B                      ; po vykreslení menu nastav první zvýraznění/kurzor
 693+ AA6B 3E 40                ld a,64
 694+ AA6D CD 71 AA             call writecurmenu
 695+ AA70
 696+ AA70 C9                   ret
 697+ AA71              SASS
 698+ AA71
 699+ AA71
 700+ AA71              ; =============================================================================
 701+ AA71              ; writecurmenu
 702+ AA71              ; Vykreslí (nebo smaže) kurzor/podbarvení řádku menu.
 703+ AA71              ;
 704+ AA71              ; Vstup:
 705+ AA71              ;   A = "barva" / znak / atribut, který se zapisuje (typicky 64=aktivní, 48=mazání)
 706+ AA71              ;   curmen  (SMC) = base adresa v obrazovce (#4000 + X offset)
 707+ AA71              ;   curmeny (SMC operand) = řádek (E) v menu, 1..N
 708+ AA71              ;
 709+ AA71              ; Princip:
 710+ AA71              ;   HL = curmen + (curmeny * 160) + 1
 711+ AA71              ;   a pak se 18× v rozestupu 2 bajty zapisuje hodnota A (atributový pruh)
 712+ AA71              ; =============================================================================
 713+ AA71              writecurmenu
 714+ AA71 CD 08 81             call cc_map_palette_attr
 715+ AA74 32 83 AA             ld (curmencolor+1),a    ; SMC: operand u "ld a,16"
 716+ AA77
 717+ AA77 21 00 00     curmen   ld hl,0                ; SMC: base adresa menu v obrazovce
 718+ AA7A 1E 01        curmeny  ld e,1                 ; SMC: E = řádek kurzoru
 719+ AA7C 16 A0                ld d,160
 720+ AA7E ED 30                mul d,e                 ; DE = 160 * E
 721+ AA80 19                   add hl,de               ; HL = base + rowOffset
 722+ AA81 23                   inc hl
 723+ AA82
 724+ AA82              curmencolor
 725+ AA82 3E 10                ld a,16                 ; SMC: sem se přepíše A (48/64)
 726+ AA84 77                   ld (hl),a               ; zapiš první bod pruhu
 727+ AA85 06 12                ld b,18
 728+ AA87              curmen0
 729+ AA87 23                   inc hl
 729+ AA88 23             inc hl         ; přeskoč na další atribut (každé 2 bajty)
 730+ AA89 77                   ld (hl),a
 731+ AA8A 10 FB                djnz curmen0
 732+ AA8C C9                   ret
 733+ AA8D
 734+ AA8D
 735+ AA8D              ; =============================================================================
 736+ AA8D              ; menuenter / MENUENTER
 737+ AA8D              ; Provede akci vybrané položky menu:
 738+ AA8D              ;   1) Najde adresu definice menu (menuitems + 2*nummenu)
 739+ AA8D              ;   2) Najde v něm položku podle menucur:
 740+ AA8D              ;        položka = menucur+1 (proto inc a)
 741+ AA8D              ;        offset = 22 * položka (proto d=22) - pak -2 (dec de, dec de)
 742+ AA8D              ;      (Tj. očekávám fixní délku záznamu položky v menu definici!)
 743+ AA8D              ;   3) Z definice položky načte handler adresu (defw) a skočí na ni.
 744+ AA8D              ;   4) Před skokem schová menu:
 745+ AA8D              ;        - zobrazeneMenu=0
 746+ AA8D              ;        - loadscr (obnoví původní screen)
 747+ AA8D              ; =============================================================================
 748+ AA8D              MENUENTER
 749+ AA8D              menuenter
 750+ AA8D                      ; Poslední položka Utils je jediná "živá" položka menu:
 751+ AA8D                      ; cykluje hodnotu a menu nezavírá.
 752+ AA8D 3A 72 AB             ld a,(nummenu)
 753+ AA90 FE 02                cp 2
 754+ AA92 20 08                jr nz,menuenter_close
 755+ AA94 3A 82 AB             ld a,(menucur)
 756+ AA97 FE 05                cp 5
 757+ AA99 CA 94 AD             jp z,cycle_sort_mode
 758+ AA9C
 759+ AA9C              menuenter_close
 760+ AA9C                      ; --- vyber správnou definici menu podle nummenu ---
 761+ AA9C 3A 72 AB             ld a,(nummenu)
 762+ AA9F 5F                   ld e,a
 763+ AAA0 16 02                ld d,2
 764+ AAA2 ED 30                mul d,e                 ; DE = 2 * nummenu
 765+ AAA4 21 73 AB             ld hl,menuitems
 766+ AAA7 19                   add hl,de               ; HL = &menuitems[2*nummenu]
 767+ AAA8 7E                   ld a,(hl)
 768+ AAA9 23                   inc hl
 769+ AAAA 66                   ld h,(hl)
 770+ AAAB 6F                   ld l,a                  ; HL = adresa menu definice
 771+ AAAC
 772+ AAAC E5                   push hl                 ; uložíme si base adresu menu definice
 773+ AAAD
 774+ AAAD                      ; --- spočítej offset na vybranou položku ---
 775+ AAAD 3A 82 AB             ld a,(menucur)
 776+ AAB0 3C                   inc a                   ; položky asi čísluješ od 1
 777+ AAB1 5F                   ld e,a
 778+ AAB2 16 16                ld d,22
 779+ AAB4 ED 30                mul d,e                 ; DE = 22 * (menucur+1)
 780+ AAB6 1B                   dec de
 781+ AAB7 1B                   dec de                  ; korekce -2 (aby to sedlo na defw handler)
 782+ AAB8
 783+ AAB8 E1                   pop hl                  ; HL = base menu definice
 784+ AAB9 19                   add hl,de               ; HL = ukazatel na handler adresu v definici položky
 785+ AABA E5                   push hl
 786+ AABB
 787+ AABB                      ; --- zavři menu + obnov screen ---
 788+ AABB AF                   xor a
 789+ AABC 32 BE A7             ld (zobrazeneMenu),a
 790+ AABF CD CA 7E             call loadscr
 791+ AAC2 CD AE 75             call gettime
 792+ AAC5
 793+ AAC5
 794+ AAC5 21 17 AB             ld hl,nadpis
 795+ AAC8 11 00 40             ld de,#4000
 796+ AACB 01 50 00             ld bc,80                 ; počet znaků nadpisu (80 bajtů)
 797+ AACE
 798+ AACE              menu001b
 799+ AACE 7E                   ld a,(hl)                ; znak
 800+ AACF 12                   ld (de),a
 801+ AAD0 13                   inc de
 802+ AAD1 3E 10                ld a,16                  ; atribut (barva)
 803+ AAD3 12                   ld (de),a
 804+ AAD4 13                   inc de
 805+ AAD5 23                   inc hl
 806+ AAD6 0B                   dec bc
 807+ AAD7 79                   ld a,c
 808+ AAD8 B0                   or b
 809+ AAD9 20 F3                jr nz,menu001b
 810+ AADB
 811+ AADB
 812+ AADB                      ; --- načti handler adresu a skoč na něj ---
 813+ AADB E1                   pop hl                  ; HL ukazuje na defw handler (low, high)
 814+ AADC 7E                   ld a,(hl)
 815+ AADD 23                   inc hl
 816+ AADE 66                   ld h,(hl)
 817+ AADF 6F                   ld l,a                  ; HL = handler
 818+ AAE0 E9                   jp (hl)
 819+ AAE1
 820+ AAE1
 821+ AAE1              ; =============================================================================
 822+ AAE1              ; Data: titulky, tabulky a definice menu
 823+ AAE1              ; =============================================================================
 824+ AAE1 20 4C 45 46  text        defb " LEFT  | FILE  | UTILS | RIGHT | QUIT                ",0
 824+ AAE5 54 20 20 7C
 824+ AAE9 20 46 49 4C
 824+ AAED 45 20 20 7C
 824+ AAF1 20 55 54 49
 824+ AAF5 4C 53 20 7C
 824+ AAF9 20 52 49 47
 824+ AAFD 48 54 20 7C
 824+ AB01 20 51 55 49
 824+ AB05 54 20 20 20
 824+ AB09 20 20 20 20
 824+ AB0D 20 20 20 20
 824+ AB11 20 20 20 20
 824+ AB15 20 00
 825+ AB17 20 43 61 6C  nadpis      defb " Calm Commander "
 825+ AB1B 6D 20 43 6F
 825+ AB1F 6D 6D 61 6E
 825+ AB23 64 65 72 20
 825+ AB27                VERSION
 825+ AB27 31 2E 36 62 >  defb "1.6b"
 825+ AB2B 20 20 20 20    defb "                                                                 ",0
 825+ AB2F 20 20 20 20
 825+ AB33 20 20 20 20
 825+ AB37 20 20 20 20
 825+ AB3B 20 20 20 20
 825+ AB3F 20 20 20 20
 825+ AB43 20 20 20 20
 825+ AB47 20 20 20 20
 825+ AB4B 20 20 20 20
 825+ AB4F 20 20 20 20
 825+ AB53 20 20 20 20
 825+ AB57 20 20 20 20
 825+ AB5B 20 20 20 20
 825+ AB5F 20 20 20 20
 825+ AB63 20 20 20 20
 825+ AB67 20 20 20 20
 825+ AB6B 20 00
 826+ AB6D
 827+ AB6D 00 12 22 32  menupos     defb 0, 18, 34, 50, 66
 827+ AB71 42
 828+ AB72
 829+ AB72 00           nummenu     defb 0              ; index hlavního menu (0..4)
 830+ AB73
 831+ AB73              ; tabulka pointerů na definice jednotlivých menu
 832+ AB73 83 AB DC AB  menuitems   defw menuleft, menufile, menuutil, menuright, menuquit
 832+ AB77 BA AC 61 AC
 832+ AB7B CF AD
 833+ AB7D
 834+ AB7D              ; počet položek v každém menu (pozor: používám to jako počet řádků pro smyčku)
 835+ AB7D 04 06 09 04  menulenght  defb 4, 6, 9, 4, 2
 835+ AB81 02
 836+ AB82
 837+ AB82              ; index vybrané položky v aktuálním menu (0-based)
 838+ AB82 00           menucur     defb 0
 839+ AB83
 840+ AB83
 841+ AB83              ; =============================================================================
 842+ AB83              ; Formát definice menu:
 843+ AB83              ;   defb "TEXT...",0
 844+ AB83              ;   defw handler
 845+ AB83              ;   ...
 846+ AB83              ;   defb 255   ; terminátor menu
 847+ AB83              ;
 848+ AB83              ; Pozn.: V menuenter se počítá s FIXNÍ velikostí záznamu 22 bajtů na položku.
 849+ AB83              ; To je důležité: texty musí mít přesně danou délku/padding, jinak se offsety rozjedou.
 850+ AB83              ; =============================================================================
 851+ AB83
 852+ AB83              menuleft
 853+ AB83 20 53 45 4C          defb " SELECT FILES   (+)",0
 853+ AB87 45 43 54 20
 853+ AB8B 46 49 4C 45
 853+ AB8F 53 20 20 20
 853+ AB93 28 2B 29 00
 854+ AB97 3A 74                defw select_files_left
 855+ AB99 20 44 45 53          defb " DESEL. FILES   (-)",0
 855+ AB9D 45 4C 2E 20
 855+ ABA1 46 49 4C 45
 855+ ABA5 53 20 20 20
 855+ ABA9 28 2D 29 00
 856+ ABAD 40 74                defw deselect_files_left
 857+ ABAF 20 49 4E 56          defb " INVERT SELECT  (*)",0
 857+ ABB3 45 52 54 20
 857+ ABB7 53 45 4C 45
 857+ ABBB 43 54 20 20
 857+ ABBF 28 2A 29 00
 858+ ABC3 4C 74                defw invert_select_files_left
 859+ ABC5 20 43 48 41          defb " CHANGE DRIVE(CS+1)",0
 859+ ABC9 4E 47 45 20
 859+ ABCD 44 52 49 56
 859+ ABD1 45 28 43 53
 859+ ABD5 2B 31 29 00
 860+ ABD9 5E 74                defw newdisc_left
 861+ ABDB FF                   defb 255
 862+ ABDC
 863+ ABDC              menufile
 864+ ABDC 20 43 4F 50          defb " COPY           (5)",0
 864+ ABE0 59 20 20 20
 864+ ABE4 20 20 20 20
 864+ ABE8 20 20 20 20
 864+ ABEC 28 35 29 00
 865+ ABF0 45 A0                defw copy
 866+ ABF2 20 4D 4F 56          defb " MOVE           (6)",0
 866+ ABF6 45 20 20 20
 866+ ABFA 20 20 20 20
 866+ ABFE 20 20 20 20
 866+ AC02 28 36 29 00
 867+ AC06 3E A0                defw move
 868+ AC08 20 44 45 4C          defb " DELETE         (8)",0
 868+ AC0C 45 54 45 20
 868+ AC10 20 20 20 20
 868+ AC14 20 20 20 20
 868+ AC18 28 38 29 00
 869+ AC1C 38 94                defw delete
 870+ AC1E 20 52 45 4E          defb " RENAME         (9)",0
 870+ AC22 41 4D 45 20
 870+ AC26 20 20 20 20
 870+ AC2A 20 20 20 20
 870+ AC2E 28 39 29 00
 871+ AC32 B0 8D                defw RENAME
 872+ AC34 20 46 49 4C          defb " FILE INFO      (I)",0
 872+ AC38 45 20 49 4E
 872+ AC3C 46 4F 20 20
 872+ AC40 20 20 20 20
 872+ AC44 28 49 29 00
 873+ AC48 6B CE                defw info_file
 874+ AC4A 20 43 48 41          defb " CHANGE ATTR.   (C)",0
 874+ AC4E 4E 47 45 20
 874+ AC52 41 54 54 52
 874+ AC56 2E 20 20 20
 874+ AC5A 28 43 29 00
 875+ AC5E 7D CC                defw CHNG_ATTR
 876+ AC60 FF                   defb 255
 877+ AC61
 878+ AC61              menuright
 879+ AC61 20 53 45 4C          defb " SELECT FILES   (+)",0
 879+ AC65 45 43 54 20
 879+ AC69 46 49 4C 45
 879+ AC6D 53 20 20 20
 879+ AC71 28 2B 29 00
 880+ AC75 46 74                defw select_files_right
 881+ AC77 20 44 45 53          defb " DESEL. FILES   (-)",0
 881+ AC7B 45 4C 2E 20
 881+ AC7F 46 49 4C 45
 881+ AC83 53 20 20 20
 881+ AC87 28 2D 29 00
 882+ AC8B 58 74                defw deselect_files_right
 883+ AC8D 20 49 4E 56          defb " INVERT SELECT  (*)",0
 883+ AC91 45 52 54 20
 883+ AC95 53 45 4C 45
 883+ AC99 43 54 20 20
 883+ AC9D 28 2A 29 00
 884+ ACA1 52 74                defw invert_select_files_right
 885+ ACA3 20 43 48 41          defb " CHANGE DRIVE(CS+2)",0
 885+ ACA7 4E 47 45 20
 885+ ACAB 44 52 49 56
 885+ ACAF 45 28 43 53
 885+ ACB3 2B 32 29 00
 886+ ACB7 18 75                defw newdisc_right
 887+ ACB9 FF                   defb 255
 888+ ACBA
 889+ ACBA              menuutil
 890+ ACBA 20 43 4F 4D          defb " COMPARE DIRS      ",0
 890+ ACBE 50 41 52 45
 890+ ACC2 20 44 49 52
 890+ ACC6 53 20 20 20
 890+ ACCA 20 20 20 00
 891+ ACCE CE 98                defw compare_dirs
 892+ ACD0 20 48 45 4C          defb " HELP           (H)",0
 892+ ACD4 50 20 20 20
 892+ ACD8 20 20 20 20
 892+ ACDC 20 20 20 20
 892+ ACE0 28 48 29 00
 893+ ACE4 EF D0                defw help
 894+ ACE6 20 41 42 4F          defb " ABOUT CC    (SS+I)",0
 894+ ACEA 55 54 20 43
 894+ ACEE 43 20 20 20
 894+ ACF2 20 28 53 53
 894+ ACF6 2B 49 29 00
 895+ ACFA 35 D1                defw info
 896+ ACFC              menuUseKMouseTxt
 897+ ACFC 19 20 20 55          defb CHAR_DOT_RED,"  USE K-MOUSE     ",0
 897+ AD00 53 45 20 4B
 897+ AD04 2D 4D 4F 55
 897+ AD08 53 45 20 20
 897+ AD0C 20 20 20 00
 898+ AD10 B1 AD                defw toggle_kmouse
 899+ AD12              menuDirsFirstTxt
 900+ AD12 19 20 20 44          defb CHAR_DOT_RED,"  DIRS FIRST      ",0
 900+ AD16 49 52 53 20
 900+ AD1A 46 49 52 53
 900+ AD1E 54 20 20 20
 900+ AD22 20 20 20 00
 901+ AD26 B6 AD                defw toggle_dirs_first
 902+ AD28              menuSortTxt
 903+ AD28 20 53 4F 52          defb " SORT BY: NAME     ",0
 903+ AD2C 54 20 42 59
 903+ AD30 3A 20 4E 41
 903+ AD34 4D 45 20 20
 903+ AD38 20 20 20 00
 904+ AD3C 94 AD                defw cycle_sort_mode
 905+ AD3E 20 41 44 44          defb " ADD BOOKMARK(CS+B)",0
 905+ AD42 20 42 4F 4F
 905+ AD46 4B 4D 41 52
 905+ AD4A 4B 28 43 53
 905+ AD4E 2B 42 29 00
 906+ AD52 22 BF                defw bookmarks_add
 907+ AD54 20 53 48 4F          defb " SHOW BOOKMARK  (B)",0
 907+ AD58 57 20 42 4F
 907+ AD5C 4F 4B 4D 41
 907+ AD60 52 4B 20 20
 907+ AD64 28 42 29 00
 908+ AD68 26 BF                defw bookmarks_list
 909+ AD6A 20 53 45 54          defb " SETTINGS          ",0
 909+ AD6E 54 49 4E 47
 909+ AD72 53 20 20 20
 909+ AD76 20 20 20 20
 909+ AD7A 20 20 20 00
 910+ AD7E 94 DD                defw settings_open
 911+ AD80 FF                   defb 255
 912+ AD81
 913+ AD81              menu_sync_config_marks
 914+ AD81                      NEXTREG2A MMU7_E000_NR_57
 914+ AD81             >            ; přečti NextReg číslo nextreg? do A (přes ReadNextReg2A)
 914+ AD81 3E 57       >            ld a,MMU7_E000_NR_57
 914+ AD83 CD 03 71    >            call ReadNextReg2A
 915+ AD86 F5                   push af
 916+ AD87 ED 91 57 5A          nextreg MMU7_E000_NR_57,90
 917+ AD8B CD 00 E0             call EXTRA_MENU_SYNC_CONFIG_MARKS
 918+ AD8E F1                   pop af
 919+ AD8F ED 92 57             nextreg MMU7_E000_NR_57,a
 920+ AD92 C9                   ret
 921+ AD93
 922+ AD93                      MACRO emit_menu_settings_code
 923+ AD93 ~            EXTRA_MENU_SYNC_CONFIG_MARKS
 924+ AD93 ~                    ld a,(cfgUseKMouse)
 925+ AD93 ~                    add a,a
 926+ AD93 ~                    add a,CHAR_DOT_RED
 927+ AD93 ~                    ld (menuUseKMouseTxt),a
 928+ AD93 ~                    ld a,(cfgDirsFirst)
 929+ AD93 ~                    add a,a
 930+ AD93 ~                    add a,CHAR_DOT_RED
 931+ AD93 ~                    ld (menuDirsFirstTxt),a
 932+ AD93 ~                    ld a,(cfgSortMode)
 933+ AD93 ~                    ld e,a
 934+ AD93 ~                    ld d,0
 935+ AD93 ~                    ld hl,menuSortTextTable
 936+ AD93 ~                    add hl,de
 937+ AD93 ~                    add hl,de
 938+ AD93 ~                    ld a,(hl)
 939+ AD93 ~                    inc hl
 940+ AD93 ~                    ld h,(hl)
 941+ AD93 ~                    ld l,a
 942+ AD93 ~                    ld de,menuSortTxt+10
 943+ AD93 ~                    ld bc,9
 944+ AD93 ~                    ldir
 945+ AD93 ~                    ret
 946+ AD93 ~
 947+ AD93 ~            menuSortTextTable
 948+ AD93 ~                    defw menuSortName,menuSortExt,menuSortDate
 949+ AD93 ~            menuSortName defb "NAME     "
 950+ AD93 ~            menuSortExt  defb "EXTENSION"
 951+ AD93 ~            menuSortDate defb "DATE     "
 952+ AD93                      ENDM
 953+ AD93
 954+ AD93 00           menuSortOriginal defb 0
 955+ AD94
 956+ AD94              cycle_sort_mode
 957+ AD94 3A B0 89             ld a,(cfgSortMode)
 958+ AD97 3C                   inc a
 959+ AD98 FE 03                cp 3
 960+ AD9A 38 01                jr c,.store
 961+ AD9C AF                   xor a
 962+ AD9D              .store
 963+ AD9D 32 B0 89             ld (cfgSortMode),a
 964+ ADA0 CD 81 AD             call menu_sync_config_marks
 965+ ADA3                      ; Překreslení celého popupu je bezpečné, uložené pozadí zůstává stejné.
 966+ ADA3 CD F1 A9             call show_menu
 967+ ADA6 3E 40                ld a,64
 968+ ADA8 CD 71 AA             call writecurmenu
 969+ ADAB CD 16 A8             call menu_wait_mouse_release
 970+ ADAE C3 E7 A7             jp menu01
 971+ ADB1
 972+ ADB1              toggle_kmouse
 973+ ADB1 21 AE 89             ld hl,cfgUseKMouse
 974+ ADB4 18 03                jr toggle_config
 975+ ADB6
 976+ ADB6              toggle_dirs_first
 977+ ADB6 21 AF 89             ld hl,cfgDirsFirst
 978+ ADB9
 979+ ADB9              toggle_config
 980+ ADB9 7E                   ld a,(hl)
 981+ ADBA EE 01                xor 1
 982+ ADBC 77                   ld (hl),a
 983+ ADBD CD 9E 83             call dospage
 984+ ADC0 CD 83 86             call zapisCfg
 985+ ADC3 CD AE 83             call basicpage
 986+ ADC6 CD CB D7             call showSprite
 987+ ADC9 CD CC A1             call obnov_okna
 988+ ADCC C3 83 72             jp loop0
 989+ ADCF
 990+ ADCF              menuquit
 991+ ADCF 20 45 58 49          defb " EXIT MENU  (BREAK)",0
 991+ ADD3 54 20 4D 45
 991+ ADD7 4E 55 20 20
 991+ ADDB 28 42 52 45
 991+ ADDF 41 4B 29 00
 992+ ADE3 62 A8                defw menu_exit
 993+ ADE5 20 51 55 49          defb " QUIT CCommander   ",0
 993+ ADE9 54 20 43 43
 993+ ADED 6F 6D 6D 61
 993+ ADF1 6E 64 65 72
 993+ ADF5 20 20 20 00
 994+ ADF9 BB CB                defw quit
 995+ ADFB FF                   defb 255
 996+ ADFC
# file closed: functions/menu.asm
4810  ADFC                      include "functions/input.asm"
# file opened: functions/input.asm
   1+ ADFC              ;		hx = délka vstupu
   2+ ADFC              ;		hl = adresa na obrazovce
   3+ ADFC              ;       a = barva palety
   4+ ADFC
   5+ ADFC FB           INPUT 	ei
   6+ ADFD 22 19 AE     		ld (INPOS+1),hl     ;ulož adresu začátku pro další použití
   7+ AE00 32 A2 AE             ld (INCOL+1),a      ;ulož barvu
   8+ AE03 21 00 5B     		ld hl,23296         ;do HL adresa editační oblasti
   9+ AE06 DD 44        		ld b,hx             ;do B délka editační oblasti
  10+ AE08 36 20        IN1 	ld (hl),32          ;a nyní celou editační
  11+ AE0A 23           		inc hl              ;zónu vyplníme mezerami
  12+ AE0B 10 FB        		djnz IN1            ;na konec editační zóny
  13+ AE0D 70               	ld (hl),b           ;přijde 0
  14+ AE0E FD CB 01 AE  		res 5,(iy+1)        ;signál není stisknuta klávesa
  15+ AE12 AF           		xor a               ;nastav kurzor
  16+ AE13 32 22 AE     		ld (CURSOR+1),a     ;na začátek editační zóny
  17+ AE16 DD 44        IN2 	ld b,hx             ;nyní celou editační zónu
  18+ AE18 21 00 00     INPOS 	ld hl,0             ;vytiskneme, nastav
  19+ AE1B 22 9D AE     		ld (PPOS+1),hl      ;tiskovou pozici
  20+ AE1E 21 00 5B     		ld hl,23296         ;začínáme od začátku
  21+ AE21 0E 00        CURSOR 	ld c,0              ;do C polohu kurzoru
  22+ AE23 7D           IN3 	ld a,l              ;testuj spodní byte adresy
  23+ AE24 B9           		cp c                ;v případe rovnosti
  24+ AE25 3E 3E        		ld a,">"            ;dej do A kód kurzoru
  25+ AE27 CC 9B AE     		call z,CHAR         ;a vytiskni ho
  26+ AE2A 7E           		ld a,(hl)           ;vytiskni znak
  27+ AE2B CD 9B AE     		call CHAR           ;z editační zóny
  28+ AE2E 23           		inc hl              ;a posun se pro další
  29+ AE2F 10 F2        		djnz IN3            ;opakuj se všemi znaky
  30+ AE31 7D           		ld a,l              ;kurzor také může
  31+ AE32 B9           		cp c                ;být až za posledním
  32+ AE33 3E 3C        		ld a,"<"            ;znakem, pak bude
  33+ AE35 CC 9B AE     		call z,CHAR         ;na řádku vypadat jinak
  34+ AE38 AF           		xor a
  35+ AE39 32 4E 73     		ld (TLACITKO),a
  36+ AE3C CD AA 7F     		call INKEY          ;přečti si kód klávesy
  37+ AE3F FE 01        		cp 1                ;testuj EDIT (Caps Shift + 1)
  38+ AE41 C8           		ret z               ;a případně se vrať zpátky
  39+ AE42 FE 0D        		cp 13               ;testuj ENTER a případné odskoč
  40+ AE44 C8           		ret z               ;jp z,INPCLEAR ;na smazání řádku z obrazovky
  41+ AE45
  42+ AE45 21 16 AE     		ld hl,IN2           ;na zásobník ulož adresu IN2, sem
  43+ AE48 E5           		push hl             ;se bude nyní program vracet
  44+ AE49 21 22 AE     		ld hl,CURSOR+1      ;do HL vlož adresu pozice kurzoru
  45+ AE4C FE 08        		cp 8                ;testuj kurzor doleva
  46+ AE4E 28 24        		jr z,CURSLEFT       ;odskoč
  47+ AE50 FE 09        		cp 9                ;kurzor doprava
  48+ AE52 28 25        		jr z,CURSRGHT
  49+ AE54 FE 0C        		cp 12               ;delete (správně BACKSPACE)
  50+ AE56 28 2E        		jr z,BCKSPACE
  51+ AE58 FE C7        		cp 199              ;znak <= (funkce DELETE)
  52+ AE5A 28 23        		jr z,DELETE
  53+ AE5C FE 20        		cp 32               ;nyní zbývají
  54+ AE5E D8           		ret c               ;obyčejné znaky,
  55+ AE5F FE 80        		cp 128              ;odfiltruj
  56+ AE61 D0           		ret nc              ;netisknutelné znaky
  57+ AE62 08           		ex af,af'           ;a kód přesuň do A'
  58+ AE63 7E           		ld a,(hl)           ;testuj, zda není kurzor
  59+ AE64 DD BC        		cp hx               ;na konci řádku,
  60+ AE66 D0           		ret nc              ;když ano, tak se vrať
  61+ AE67 34           		inc (hl)            ;posuň kurzor doprava
  62+ AE68 6E           		ld l,(hl)           ;do HL vlož adresu,
  63+ AE69 2D           		dec l               ;na kterou bude znak
  64+ AE6A 26 5B        		ld h,23296/256      ;uložen
  65+ AE6C 7E           INS 	ld a,(hl)           ;přečti původní znak
  66+ AE6D B7           		or a                ;a testuj konec řádku
  67+ AE6E C8           		ret z               ;případně se vrať
  68+ AE6F 08           		ex af,af'           ;přehoď původní a nový znak
  69+ AE70 77           		ld (hl),a           ;a nový zapiš, pro další znak
  70+ AE71 23           		inc hl              ;bude novým znakem předchozí
  71+ AE72 18 F8        		jr INS              ;znak, opakuj posun znaku až do konce
  72+ AE74 7E           CURSLEFT ld a,(hl)          ;přečti polohu kurzoru
  73+ AE75 B7           		or a                ;a v případe, že je na levém okraji
  74+ AE76 C8           		ret z               ;tak se vrať a nic nedělej
  75+ AE77 35           		dec (hl)            ;posuň kurzor doleva a vrať se na IN2
  76+ AE78 C9           		ret
  77+ AE79 7E           CURSRGHT ld a,(hl)          ;přečti polohu kurzoru
  78+ AE7A DD BC        		cp hx               ;a když je na konci řádku
  79+ AE7C D0           		ret nc              ;tak se vrať
  80+ AE7D 34           		inc (hl)            ;jinak posuň kurzor doprava a vrať se
  81+ AE7E C9           		ret                 ;vrať se na IN2
  82+ AE7F 7E           DELETE 	ld a,(hl)           ;na konci
  83+ AE80 DD BC        		cp hx               ;editační zóny
  84+ AE82 C8           		ret z               ;DELETE nepracuje
  85+ AE83 3C           		inc a               ;jinak uprav polohu
  86+ AE84 18 04        		jr BCK2             ;a pokračuj společnou částí
  87+ AE86 7E           BCKSPACE ld a,(hl)          ;BACKSPACE naopak
  88+ AE87 B7           		or a                ;nepracuje na začátku
  89+ AE88 C8           		ret z               ;editační zóny
  90+ AE89 35           		dec (hl)            ;posuň kurzor vlevo
  91+ AE8A 6F           BCK2 	ld l,a              ;společná část,
  92+ AE8B 26 5B        		ld h,23296/256      ;která zajišťuje
  93+ AE8D 5D           		ld e,l              ;přesunutí následujících
  94+ AE8E 54           		ld d,h              ;znaků na uvolněné místo
  95+ AE8F 1D           		dec e               ;po smazaném znaku
  96+ AE90
  97+ AE90 7E           DEL2 	ld a,(hl)           ;vlastní přesun
  98+ AE91 ED A0        		ldi                 ;je prováděn instrukcí
  99+ AE93 B7           		or a                ;LDI dokud není přenesena 0,
 100+ AE94 20 FA        		jr nz,DEL2          ;která signalizuje konec zóny
 101+ AE96 EB           		ex de,hl            ;na poslední pozici,
 102+ AE97 2B           		dec hl              ;která se nyní uvolnila,
 103+ AE98 36 20        		ld (hl)," "         ;je zapsána mezera
 104+ AE9A C9           		ret                 ;návrat na IN2
 105+ AE9B
 106+ AE9B E5           CHAR    push hl
 107+ AE9C 21 00 00     PPOS    ld hl,0
 108+ AE9F 77                   ld (hl),a
 109+ AEA0 23                   inc hl
 110+ AEA1 3E 00        INCOL   ld a,0
 111+ AEA3 77                   ld (hl),a
 112+ AEA4 23                   inc hl
 113+ AEA5 22 9D AE             ld (PPOS+1),hl
 114+ AEA8 E1                   pop hl
 115+ AEA9 C9                   ret
 116+ AEAA
# file closed: functions/input.asm
4811  AEAA                      include "functions/viewer.asm"
# file opened: functions/viewer.asm
   1+ AEAA              ; ============================================================
   2+ AEAA              ; Modular file viewer loader.
   3+ AEAA              ; CC only prepares a context, loads data and loads an external
   4+ AEAA              ; plugin from plugin/*.ccp. The plugin runs at $C000 and sees
   5+ AEAA              ; file data at $E000.
   6+ AEAA              ; ============================================================
   7+ AEAA
   8+ AEAA              VIEW_DATA_BANK       equ 40
   9+ AEAA              VIEW_PLUGIN_BANK     equ 41
  10+ AEAA              VIEW_DATA_PAGE       equ VIEW_DATA_BANK*2+1
  11+ AEAA              VIEW_PLUGIN_PAGE     equ VIEW_PLUGIN_BANK*2
  12+ AEAA              VIEW_PLUGIN_ABI      equ 1
  13+ AEAA              VIEW_PLUGIN_ADDRESS  equ 49152
  14+ AEAA              VIEW_DATA_ADDRESS    equ 57344
  15+ AEAA              VIEW_TEXT_MAX_READ   equ 8192
  16+ AEAA              VIEW_PLUGIN_MAX_SIZE equ 4096
  17+ AEAA              ; The plugin page is 8K, so a plugin that cannot live inside 4096 bytes may
  18+ AEAA              ; ask for the whole of it. The ZIP viewer does: an inflate engine will not
  19+ AEAA              ; fit next to the archive listing.
  20+ AEAA              VIEW_PLUGIN_BIG_SIZE equ 8192
  21+ AEAA              VIEW_DATA_MAX_PAGES  equ 8
  22+ AEAA
  23+ AEAA              ; PluginContext offsets
  24+ AEAA              VIEWCTX_ABI          equ 0
  25+ AEAA              VIEWCTX_TYPE         equ 1
  26+ AEAA              VIEWCTX_FILENAME     equ 2
  27+ AEAA              VIEWCTX_SIZE_LO      equ 4
  28+ AEAA              VIEWCTX_SIZE_HI      equ 6
  29+ AEAA              VIEWCTX_DATA_PAGE    equ 8
  30+ AEAA              VIEWCTX_DATA_ADDR    equ 9
  31+ AEAA              VIEWCTX_READ_LEN     equ 11
  32+ AEAA              VIEWCTX_PAGE_COUNT   equ 13
  33+ AEAA              VIEWCTX_DATA_PAGES   equ 14
  34+ AEAA              VIEWCTX_SERVICES     equ 16
  35+ AEAA              VIEWCTX_CURPATH      equ 18   ; pointer to active panel path string
  36+ AEAA              VIEWCTX_EXTRACT_FLAG equ 20
  37+ AEAA              VIEWCTX_EXTRACT_OFF  equ 21
  38+ AEAA              VIEWCTX_EXTRACT_CNT  equ 23
  39+ AEAA              VIEWCTX_EXTRACT_NAME equ 25   ; 16 bytes, 0/255 terminated
  40+ AEAA              VIEWCTX_DIRTY        equ 40
  41+ AEAA              VIEWCTX_P3DOS_TYPE   equ 41    ; 1 byte: $FF=no header, else TAP type (0=BASIC,1=NumArr,2=StrArr,3=Code)
  42+ AEAA              VIEWCTX_P3DOS_P1     equ 42    ; 2 bytes: TAP param1
  43+ AEAA              VIEWCTX_P3DOS_P2     equ 44    ; 2 bytes: TAP param2
  44+ AEAA              VIEWCTX_EXTRACT_OFHI equ 46    ; 2 bytes: bits 16-31 of the source offset
  45+ AEAA                                             ; (SERVICE_EXTRACT_SEEK only; bits 0-15 come in DE)
  46+ AEAA              VIEWCTX_SIZE         equ 48
  47+ AEAA
  48+ AEAA
  49+ AEAA
  50+ AEAA              VIEWTYPE_TEXT        equ 1
  51+ AEAA              VIEWTYPE_ZXSCREEN    equ 2
  52+ AEAA              VIEWTYPE_PT3         equ 3
  53+ AEAA              VIEWTYPE_PT2         equ 4
  54+ AEAA              VIEWTYPE_STC         equ 5
  55+ AEAA              VIEWTYPE_STP         equ 6
  56+ AEAA              VIEWTYPE_SQT         equ 7
  57+ AEAA              VIEWTYPE_NXI         equ 8
  58+ AEAA              VIEWTYPE_HELLO       equ 9
  59+ AEAA              VIEWTYPE_BAS         equ 10
  60+ AEAA              VIEWTYPE_TAP         equ 11
  61+ AEAA              VIEWTYPE_EDIT        equ 12
  62+ AEAA              VIEWTYPE_TRD         equ 13
  63+ AEAA              VIEWTYPE_ZIP         equ 14
  64+ AEAA              VIEW_EDIT_KEY_SAVE   equ 128
  65+ AEAA              VIEW_EDIT_KEY_SAVEAS equ 129
  66+ AEAA              VIEW_EDIT_KEY_HEX    equ 130
  67+ AEAA              VIEW_EDIT_KEY_TEXT   equ 131
  68+ AEAA              VIEW_EDIT_KEY_FIND   equ 132
  69+ AEAA
  70+ AEAA              view_file
  71+ AEAA AF                   xor a
  72+ AEAB 32 5B BB             ld (viewErrorStage),a
  73+ AEAE CD 84 AF             call view_prepare_current_file
  74+ AEB1 DA A0 BA             jp c,view_no_viewer_or_skip
  75+ AEB4
  76+ AEB4 CD EB AF             call view_make_cmd2
  77+ AEB7 CD 4E B0             call view_select_plugin
  78+ AEBA 30 06                jr nc,view_run_selected_plugin
  79+ AEBC CD A9 DB             call view_choose_plugin_dialog
  80+ AEBF DA 83 72             jp c,loop0
  81+ AEC2
  82+ AEC2              view_run_selected_plugin
  83+ AEC2
  84+ AEC2 CD C9 B1             call view_load_data_blocks
  85+ AEC5 DA AD BA             jp c,view_file_error
  86+ AEC8
  87+ AEC8 CD 68 B2             call view_load_plugin
  88+ AECB DA B3 BA             jp c,view_plugin_error
  89+ AECE
  90+ AECE CD FA B2             call view_fill_context
  91+ AED1 3A 88 87             ld a,(OKNO)
  92+ AED4 32 5A BB             ld (viewSavedOKNO),a
  93+ AED7 CD B6 7E             call savescr
  94+ AEDA CD FD B6             call view_init_plugin_input
  95+ AEDD CD 54 B3             call view_call_plugin
  96+ AEE0 3A 48 BB             ld a,(viewPluginType)
  97+ AEE3 FE 02                cp VIEWTYPE_ZXSCREEN
  98+ AEE5 28 5A                jr z,.full_restore
  99+ AEE7 FE 08                cp VIEWTYPE_NXI
 100+ AEE9 28 56                jr z,.full_restore
 101+ AEEB FE 09                cp VIEWTYPE_HELLO
 102+ AEED 28 52                jr z,.full_restore
 103+ AEEF CD 97 B3             call view_restore_saved_screen
 104+ AEF2 3A 48 BB             ld a,(viewPluginType)
 105+ AEF5 FE 03                cp VIEWTYPE_PT3
 106+ AEF7 28 2B                jr z,.music_result
 107+ AEF9 FE 04                cp VIEWTYPE_PT2
 108+ AEFB 28 27                jr z,.music_result
 109+ AEFD FE 05                cp VIEWTYPE_STC
 110+ AEFF 28 23                jr z,.music_result
 111+ AF01 FE 06                cp VIEWTYPE_STP
 112+ AF03 28 1F                jr z,.music_result
 113+ AF05 FE 07                cp VIEWTYPE_SQT
 114+ AF07 28 1B                jr z,.music_result
 115+ AF09 FE 0B                cp VIEWTYPE_TAP
 116+ AF0B 28 08                jr z,.extract_capable
 117+ AF0D FE 0D                cp VIEWTYPE_TRD
 118+ AF0F 28 04                jr z,.extract_capable
 119+ AF11 FE 0E                cp VIEWTYPE_ZIP
 120+ AF13 20 1C                jr nz,.done
 121+ AF15              .extract_capable
 122+ AF15 CD F3 B3             call view_handle_plugin_extract
 123+ AF18 3A 3E BB             ld a,(viewPluginContext+VIEWCTX_DIRTY)
 124+ AF1B B7                   or a
 125+ AF1C 28 13                jr z,.done
 126+ AF1E CD 0B B4             call view_reload_active_panel
 127+ AF21 C3 83 72             jp loop0
 128+ AF24              .music_result
 129+ AF24 3A 5D BB             ld a,(viewPluginResult)
 130+ AF27 FE 01                cp 1
 131+ AF29 20 06                jr nz,.done
 132+ AF2B 32 5E BB             ld (viewNextAfterDown),a
 133+ AF2E C3 BD C5             jp down
 134+ AF31              .done
 135+ AF31 3A 3E BB             ld a,(viewPluginContext+VIEWCTX_DIRTY)
 136+ AF34 B7                   or a
 137+ AF35 28 03                jr z,.done_no_reload
 138+ AF37 CD 0B B4             call view_reload_active_panel
 139+ AF3A              .done_no_reload
 140+ AF3A AF                   xor a
 141+ AF3B 32 5E BB             ld (viewNextAfterDown),a
 142+ AF3E C3 83 72             jp loop0
 143+ AF41              .full_restore
 144+ AF41 3A 5D BB             ld a,(viewPluginResult)
 145+ AF44 FE 01                cp 1
 146+ AF46 20 09                jr nz,.full_restore_done
 147+ AF48 32 5E BB             ld (viewNextAfterDown),a
 148+ AF4B CD B3 B3             call view_restore_full_ui
 149+ AF4E C3 BD C5             jp down
 150+ AF51              .full_restore_done
 151+ AF51 AF                   xor a
 152+ AF52 32 5E BB             ld (viewNextAfterDown),a
 153+ AF55 CD B3 B3             call view_restore_full_ui
 154+ AF58 C3 83 72             jp loop0
 155+ AF5B
 156+ AF5B
 157+ AF5B              view_plugin_menu
 158+ AF5B CD 84 AF             call view_prepare_current_file
 159+ AF5E DA A0 BA             jp c,view_no_viewer_or_skip
 160+ AF61
 161+ AF61 CD EB AF             call view_make_cmd2
 162+ AF64 CD A9 DB             call view_choose_plugin_dialog
 163+ AF67 DA 83 72             jp c,loop0
 164+ AF6A C3 C2 AE             jp view_run_selected_plugin
 165+ AF6D
 166+ AF6D
 167+ AF6D              edit_file
 168+ AF6D CD 84 AF             call view_prepare_current_file
 169+ AF70 DA A0 BA             jp c,view_no_viewer_or_skip
 170+ AF73
 171+ AF73 CD EB AF             call view_make_cmd2
 172+ AF76 3E 0C                ld a,VIEWTYPE_EDIT
 173+ AF78 32 48 BB             ld (viewPluginType),a
 174+ AF7B 21 4A BC             ld hl,viewEditPluginName
 175+ AF7E 22 46 BB             ld (viewPluginName),hl
 176+ AF81 C3 C2 AE             jp view_run_selected_plugin
 177+ AF84
 178+ AF84
 179+ AF84              ; Prepare TMP83/LFNNAME for the current cursor item.
 180+ AF84              ; Carry set means unsupported item (directory or open error).
 181+ AF84              view_prepare_current_file
 182+ AF84 21 A3 89             ld hl,POSKURZL
 183+ AF87 CD 48 7F             call ROZHOD
 184+ AF8A 7E                   ld a,(hl)
 185+ AF8B 6F                   ld l,a
 186+ AF8C 26 00                ld h,0
 187+ AF8E
 188+ AF8E E5                   push hl
 189+ AF8F 21 A9 89             ld hl,STARTWINL
 190+ AF92 CD 50 7F             call ROZHOD2
 191+ AF95 7E                   ld a,(hl)
 192+ AF96 23                   inc hl
 193+ AF97 66                   ld h,(hl)
 194+ AF98 6F                   ld l,a
 195+ AF99 EB                   ex de,hl
 196+ AF9A E1                   pop hl
 197+ AF9B 19                   add hl,de
 198+ AF9C E5                   push hl
 199+ AF9D 23                   inc hl
 200+ AF9E CD 65 7F             call find83
 201+ AFA1 E1                   pop hl
 202+ AFA2 CD C1 D1             call FINDLFN
 203+ AFA5 CD 75 9B             call syscopy_is_dot_lfn
 204+ AFA8 28 3F                jr z,.unsupported
 205+ AFAA
 206+ AFAA DD 21 98 7F          ld ix,TMP83
 207+ AFAE DD CB 07 7E          bit 7,(ix+7)
 208+ AFB2 20 35                jr nz,.unsupported
 209+ AFB4
 210+ AFB4 06 0B                ld b,11
 211+ AFB6 21 98 7F             ld hl,TMP83
 212+ AFB9              .clear83
 213+ AFB9 CB BE                res 7,(hl)
 214+ AFBB 23                   inc hl
 215+ AFBC 10 FB                djnz .clear83
 216+ AFBE
 217+ AFBE 21 A2 7F             ld hl,TMP83+10
 218+ AFC1              .trim83
 219+ AFC1 7E                   ld a,(hl)
 220+ AFC2 FE 20                cp 32
 221+ AFC4 20 03                jr nz,.end83
 222+ AFC6 2B                   dec hl
 223+ AFC7 18 F8                jr .trim83
 224+ AFC9              .end83
 225+ AFC9 3E FF                ld a,255
 226+ AFCB 23                   inc hl
 227+ AFCC 77                   ld (hl),a
 228+ AFCD
 229+ AFCD 21 C3 9D             ld hl,LFNNAME+254
 230+ AFD0              .trimlfn
 231+ AFD0 7E                   ld a,(hl)
 232+ AFD1 FE 20                cp 32
 233+ AFD3 20 03                jr nz,.endlfn
 234+ AFD5 2B                   dec hl
 235+ AFD6 18 F8                jr .trimlfn
 236+ AFD8              .endlfn
 237+ AFD8 AF                   xor a
 238+ AFD9 23                   inc hl
 239+ AFDA 77                   ld (hl),a
 240+ AFDB
 241+ AFDB 2A CA 9D             ld hl,(LFNNAME+261)
 242+ AFDE 22 49 BB             ld (viewFileSizeLo),hl
 243+ AFE1 2A CC 9D             ld hl,(LFNNAME+263)
 244+ AFE4 22 4B BB             ld (viewFileSizeHi),hl
 245+ AFE7
 246+ AFE7 AF                   xor a
 247+ AFE8 C9                   ret
 248+ AFE9
 249+ AFE9              .unsupported
 250+ AFE9 37                   scf
 251+ AFEA C9                   ret
 252+ AFEB
 253+ AFEB
 254+ AFEB              view_make_cmd2
 255+ AFEB 21 C4 7B             ld hl,cmd2
 256+ AFEE 11 C5 7B             ld de,cmd2+1
 257+ AFF1 01 63 00             ld bc,99
 258+ AFF4 AF                   xor a
 259+ AFF5 77                   ld (hl),a
 260+ AFF6 ED B0                ldir
 261+ AFF8
 262+ AFF8 21 C5 9C             ld hl,LFNNAME
 263+ AFFB 11 C4 7B             ld de,cmd2
 264+ AFFE 01 63 00             ld bc,99
 265+ B001              .copy
 266+ B001 7E                   ld a,(hl)
 267+ B002 FE FF                cp 255
 268+ B004 28 0B                jr z,.done
 269+ B006 B7                   or a
 270+ B007 28 08                jr z,.done
 271+ B009 12                   ld (de),a
 272+ B00A 23                   inc hl
 273+ B00B 13                   inc de
 274+ B00C 0B                   dec bc
 275+ B00D 78                   ld a,b
 276+ B00E B1                   or c
 277+ B00F 20 F0                jr nz,.copy
 278+ B011              .done
 279+ B011 AF                   xor a
 280+ B012 12                   ld (de),a
 281+ B013 C9                   ret
 282+ B014
 283+ B014
 284+ B014              view_make_short_name
 285+ B014 21 66 BB             ld hl,viewShortName
 286+ B017 11 67 BB             ld de,viewShortName+1
 287+ B01A 01 0C 00             ld bc,12
 288+ B01D AF                   xor a
 289+ B01E 77                   ld (hl),a
 290+ B01F ED B0                ldir
 291+ B021
 292+ B021 11 66 BB             ld de,viewShortName
 293+ B024 21 98 7F             ld hl,TMP83
 294+ B027 06 08                ld b,8
 295+ B029              .copy_name
 296+ B029 7E                   ld a,(hl)
 297+ B02A FE 20                cp 32
 298+ B02C 28 05                jr z,.name_done
 299+ B02E 12                   ld (de),a
 300+ B02F 23                   inc hl
 301+ B030 13                   inc de
 302+ B031 10 F6                djnz .copy_name
 303+ B033              .name_done
 304+ B033 21 A0 7F             ld hl,TMP83+8
 305+ B036 7E                   ld a,(hl)
 306+ B037 FE 20                cp 32
 307+ B039 28 10                jr z,.done
 308+ B03B 3E 2E                ld a,"."
 309+ B03D 12                   ld (de),a
 310+ B03E 13                   inc de
 311+ B03F 06 03                ld b,3
 312+ B041              .copy_ext
 313+ B041 7E                   ld a,(hl)
 314+ B042 FE 20                cp 32
 315+ B044 28 05                jr z,.done
 316+ B046 12                   ld (de),a
 317+ B047 23                   inc hl
 318+ B048 13                   inc de
 319+ B049 10 F6                djnz .copy_ext
 320+ B04B              .done
 321+ B04B AF                   xor a
 322+ B04C 12                   ld (de),a
 323+ B04D C9                   ret
 324+ B04E
 325+ B04E
 326+ B04E              ; ================================================================
 327+ B04E              ; view_select_plugin: pick the viewer plugin for the file under the
 328+ B04E              ; cursor from its extension. Carry set = nothing here can show it.
 329+ B04E              ;
 330+ B04E              ; viewExtTable is scanned in order, so an extension that has to win over
 331+ B04E              ; a later one must come first. NXI is tested before the screen size
 332+ B04E              ; check, because a 6912 byte .nxi would otherwise look like a SCR dump.
 333+ B04E              ; ================================================================
 334+ B04E              view_select_plugin
 335+ B04E CD 14 B0             call view_make_short_name
 336+ B051
 337+ B051 21 66 BB             ld hl,viewShortName
 338+ B054 11 47 7B             ld de,ext_nxi
 339+ B057 CD AD 7A             call pripony
 340+ B05A 28 0B                jr z,.nxi
 341+ B05C 21 66 BB             ld hl,viewShortName
 342+ B05F 11 4B 7B             ld de,ext_NXI
 343+ B062 CD AD 7A             call pripony
 344+ B065 20 07                jr nz,.not_nxi
 345+ B067              .nxi
 346+ B067 3E 08                ld a,VIEWTYPE_NXI
 347+ B069 21 D9 BB             ld hl,viewNxiPluginName
 348+ B06C 18 32                jr .store
 349+ B06E
 350+ B06E              .not_nxi
 351+ B06E CD 36 B1             call view_is_zx_screen
 352+ B071 20 07                jr nz,.scan
 353+ B073 3E 02                ld a,VIEWTYPE_ZXSCREEN
 354+ B075 21 CC BB             ld hl,viewZxScreenPluginName
 355+ B078 18 26                jr .store
 356+ B07A
 357+ B07A              .scan
 358+ B07A DD 21 A8 B0          ld ix,viewExtTable
 359+ B07E              .loop
 360+ B07E DD 5E 00             ld e,(ix+0)
 361+ B081 DD 56 01             ld d,(ix+1)
 362+ B084 7A                   ld a,d
 363+ B085 B3                   or e
 364+ B086 37                   scf
 365+ B087 C8                   ret z                       ; end of table: no viewer for this one
 366+ B088 21 66 BB             ld hl,viewShortName
 367+ B08B CD AD 7A             call pripony
 368+ B08E 28 07                jr z,.hit
 369+ B090 01 05 00             ld bc,VIEW_EXT_ENTRY
 370+ B093 DD 09                add ix,bc
 371+ B095 18 E7                jr .loop
 372+ B097              .hit
 373+ B097 DD 7E 02             ld a,(ix+2)
 374+ B09A DD 6E 03             ld l,(ix+3)
 375+ B09D DD 66 04             ld h,(ix+4)
 376+ B0A0              .store
 377+ B0A0 32 48 BB             ld (viewPluginType),a
 378+ B0A3 22 46 BB             ld (viewPluginName),hl
 379+ B0A6 AF                   xor a
 380+ B0A7 C9                   ret
 381+ B0A8
 382+ B0A8
 383+ B0A8              ; One row per extension: the ".xyz" text, the plugin type and the plugin
 384+ B0A8              ; file name. Upper and lower case need rows of their own because pripony
 385+ B0A8              ; compares case sensitively.
 386+ B0A8              VIEW_EXT_ENTRY equ 5
 387+ B0A8
 388+ B0A8              viewExtTable
 389+ B0A8 2F 7B                defw ext_stc
 389+ B0AA 05             defb VIEWTYPE_STC
 389+ B0AB F9 BB          defw viewStcPluginName
 390+ B0AD 33 7B                defw ext_STC
 390+ B0AF 05             defb VIEWTYPE_STC
 390+ B0B0 F9 BB          defw viewStcPluginName
 391+ B0B2 37 7B                defw ext_stp
 391+ B0B4 06             defb VIEWTYPE_STP
 391+ B0B5 05 BC          defw viewStpPluginName
 392+ B0B7 3B 7B                defw ext_STP
 392+ B0B9 06             defb VIEWTYPE_STP
 392+ B0BA 05 BC          defw viewStpPluginName
 393+ B0BC 3F 7B                defw ext_sqt
 393+ B0BE 07             defb VIEWTYPE_SQT
 393+ B0BF 11 BC          defw viewSqtPluginName
 394+ B0C1 43 7B                defw ext_SQT
 394+ B0C3 07             defb VIEWTYPE_SQT
 394+ B0C4 11 BC          defw viewSqtPluginName
 395+ B0C6 1F 7B                defw ext_pt2
 395+ B0C8 04             defb VIEWTYPE_PT2
 395+ B0C9 ED BB          defw viewPt2PluginName
 396+ B0CB 23 7B                defw ext_PT2
 396+ B0CD 04             defb VIEWTYPE_PT2
 396+ B0CE ED BB          defw viewPt2PluginName
 397+ B0D0 27 7B                defw ext_pt3
 397+ B0D2 03             defb VIEWTYPE_PT3
 397+ B0D3 E1 BB          defw viewPt3PluginName
 398+ B0D5 2B 7B                defw ext_PT3
 398+ B0D7 03             defb VIEWTYPE_PT3
 398+ B0D8 E1 BB          defw viewPt3PluginName
 399+ B0DA FF 7A                defw ext_txt
 399+ B0DC 01             defb VIEWTYPE_TEXT
 399+ B0DD C3 BB          defw viewTextPluginName
 400+ B0DF 03 7B                defw ext_TXT
 400+ B0E1 01             defb VIEWTYPE_TEXT
 400+ B0E2 C3 BB          defw viewTextPluginName
 401+ B0E4 07 7B                defw ext_asm
 401+ B0E6 01             defb VIEWTYPE_TEXT
 401+ B0E7 C3 BB          defw viewTextPluginName
 402+ B0E9 0B 7B                defw ext_ASM
 402+ B0EB 01             defb VIEWTYPE_TEXT
 402+ B0EC C3 BB          defw viewTextPluginName
 403+ B0EE F7 7A                defw ext_bas
 403+ B0F0 0A             defb VIEWTYPE_BAS
 403+ B0F1 2A BC          defw viewBasPluginName
 404+ B0F3 FB 7A                defw ext_BAS
 404+ B0F5 0A             defb VIEWTYPE_BAS
 404+ B0F6 2A BC          defw viewBasPluginName
 405+ B0F8 0F 7B                defw ext_cfg
 405+ B0FA 01             defb VIEWTYPE_TEXT
 405+ B0FB C3 BB          defw viewTextPluginName
 406+ B0FD 13 7B                defw ext_CFG
 406+ B0FF 01             defb VIEWTYPE_TEXT
 406+ B100 C3 BB          defw viewTextPluginName
 407+ B102 17 7B                defw ext_ini
 407+ B104 01             defb VIEWTYPE_TEXT
 407+ B105 C3 BB          defw viewTextPluginName
 408+ B107 1B 7B                defw ext_INI
 408+ B109 01             defb VIEWTYPE_TEXT
 408+ B10A C3 BB          defw viewTextPluginName
 409+ B10C D7 7A                defw ext_tap
 409+ B10E 0B             defb VIEWTYPE_TAP
 409+ B10F 32 BC          defw viewTapPluginName
 410+ B111 DB 7A                defw ext_TAP
 410+ B113 0B             defb VIEWTYPE_TAP
 410+ B114 32 BC          defw viewTapPluginName
 411+ B116                      ; SCL archives are handled by the TRD plugin, which tells the two
 412+ B116                      ; formats apart by their signature rather than by the extension
 413+ B116 DC DC                defw ext_trd
 413+ B118 0D             defb VIEWTYPE_TRD
 413+ B119 3A BC          defw viewTrdPluginName
 414+ B11B E0 DC                defw ext_TRD
 414+ B11D 0D             defb VIEWTYPE_TRD
 414+ B11E 3A BC          defw viewTrdPluginName
 415+ B120 E4 DC                defw ext_scl
 415+ B122 0D             defb VIEWTYPE_TRD
 415+ B123 3A BC          defw viewTrdPluginName
 416+ B125 E8 DC                defw ext_SCL
 416+ B127 0D             defb VIEWTYPE_TRD
 416+ B128 3A BC          defw viewTrdPluginName
 417+ B12A EC DC                defw ext_zip
 417+ B12C 0E             defb VIEWTYPE_ZIP
 417+ B12D 42 BC          defw viewZipPluginName
 418+ B12F F0 DC                defw ext_ZIP
 418+ B131 0E             defb VIEWTYPE_ZIP
 418+ B132 42 BC          defw viewZipPluginName
 419+ B134 00 00                defw 0
 420+ B136
 421+ B136
 422+ B136              view_is_zx_screen
 423+ B136 2A 4B BB             ld hl,(viewFileSizeHi)
 424+ B139 7C                   ld a,h
 425+ B13A B5                   or l
 426+ B13B C0                   ret nz
 427+ B13C 2A 49 BB             ld hl,(viewFileSizeLo)
 428+ B13F 11 00 1B             ld de,6912
 429+ B142 B7                   or a
 430+ B143 ED 52                sbc hl,de
 431+ B145 C9                   ret
 432+ B146
 433+ B146
 434+ B146              view_plugin_menu_print_items
 435+ B146 3E 0B                ld a,11
 436+ B148 32 65 BB             ld (viewPluginMenuPrintRow),a
 437+ B14B 06 07                ld b,VIEW_PLUGIN_MENU_VISIBLE
 438+ B14D              .clear
 439+ B14D C5                   push bc
 440+ B14E 26 1B                ld h,27
 441+ B150 3A 65 BB             ld a,(viewPluginMenuPrintRow)
 442+ B153 6F                   ld l,a
 443+ B154 3E 90                ld a,144
 444+ B156 11 21 BD             ld de,viewPluginMenuBlankTxt
 445+ B159 CD 09 81             call print
 446+ B15C 21 65 BB             ld hl,viewPluginMenuPrintRow
 447+ B15F 34                   inc (hl)
 448+ B160 C1                   pop bc
 449+ B161 10 EA                djnz .clear
 450+ B163
 451+ B163 AF                   xor a
 452+ B164              .print
 453+ B164 FE 07                cp VIEW_PLUGIN_MENU_VISIBLE
 454+ B166 D0                   ret nc
 455+ B167 F5                   push af
 456+ B168 CD 6F B1             call view_plugin_menu_print_visible_row
 457+ B16B F1                   pop af
 458+ B16C 3C                   inc a
 459+ B16D 18 F5                jr .print
 460+ B16F
 461+ B16F
 462+ B16F              view_plugin_menu_print_visible_row
 463+ B16F 4F                   ld c,a
 464+ B170 3A 64 BB             ld a,(viewPluginMenuTop)
 465+ B173 81                   add a,c
 466+ B174 FE 0A                cp VIEW_PLUGIN_MENU_COUNT
 467+ B176 D0                   ret nc
 468+ B177 CD BF B1             call view_plugin_menu_get_entry
 469+ B17A 23                   inc hl
 470+ B17B 23                   inc hl
 471+ B17C 23                   inc hl
 472+ B17D 5E                   ld e,(hl)
 473+ B17E 23                   inc hl
 474+ B17F 56                   ld d,(hl)
 475+ B180 79                   ld a,c
 476+ B181 C6 0B                add a,11
 477+ B183 26 1B                ld h,27
 478+ B185 6F                   ld l,a
 479+ B186 3E 90                ld a,144
 480+ B188 CD 09 81             call print
 481+ B18B C9                   ret
 482+ B18C
 483+ B18C
 484+ B18C              view_plugin_menu_write_cursor
 485+ B18C 32 9E B1             ld (viewPluginMenuColor+1),a
 486+ B18F 3A 63 BB             ld a,(viewPluginMenuCursor)
 487+ B192 C6 0B                add a,11
 488+ B194 5F                   ld e,a
 489+ B195 16 A0                ld d,160
 490+ B197 ED 30                mul d,e
 491+ B199 21 37 40             ld hl,$4000+27*2+1
 492+ B19C 19                   add hl,de
 493+ B19D              viewPluginMenuColor
 494+ B19D 3E 90                ld a,144
 495+ B19F 06 1C                ld b,28
 496+ B1A1              .loop
 497+ B1A1 77                   ld (hl),a
 498+ B1A2 23                   inc hl
 499+ B1A3 23                   inc hl
 500+ B1A4 10 FB                djnz .loop
 501+ B1A6 C9                   ret
 502+ B1A7
 503+ B1A7
 504+ B1A7              view_plugin_menu_set_plugin
 505+ B1A7 3A 63 BB             ld a,(viewPluginMenuCursor)
 506+ B1AA 47                   ld b,a
 507+ B1AB 3A 64 BB             ld a,(viewPluginMenuTop)
 508+ B1AE 80                   add a,b
 509+ B1AF CD BF B1             call view_plugin_menu_get_entry
 510+ B1B2 7E                   ld a,(hl)
 511+ B1B3 32 48 BB             ld (viewPluginType),a
 512+ B1B6 23                   inc hl
 513+ B1B7 7E                   ld a,(hl)
 514+ B1B8 23                   inc hl
 515+ B1B9 66                   ld h,(hl)
 516+ B1BA 6F                   ld l,a
 517+ B1BB 22 46 BB             ld (viewPluginName),hl
 518+ B1BE C9                   ret
 519+ B1BF
 520+ B1BF
 521+ B1BF              view_plugin_menu_get_entry
 522+ B1BF 5F                   ld e,a
 523+ B1C0 16 05                ld d,5
 524+ B1C2 ED 30                mul d,e
 525+ B1C4 21 87 BB             ld hl,viewPluginMenuTable
 526+ B1C7 19                   add hl,de
 527+ B1C8 C9                   ret
 528+ B1C9
 529+ B1C9
 530+ B1C9              view_load_data_blocks
 531+ B1C9 CD 9E 83             call dospage
 532+ B1CC
 533+ B1CC 3E 01                ld a,1
 534+ B1CE 32 5B BB             ld (viewErrorStage),a
 535+ B1D1 CD CA B2             call view_set_current_path
 536+ B1D4
 537+ B1D4 3E 02                ld a,2
 538+ B1D6 32 5B BB             ld (viewErrorStage),a
 539+ B1D9 06 00                ld b,0
 540+ B1DB 0E 01                ld c,1
 541+ B1DD 1E 02                ld e,2
 542+ B1DF 21 98 7F             ld hl,TMP83
 543+ B1E2 CD 06 01             call 0106h
 544+ B1E5
 545+ B1E5 2A 49 BB             ld hl,(viewFileSizeLo)
 546+ B1E8 22 4D BB             ld (viewRemainingLo),hl
 547+ B1EB 2A 4B BB             ld hl,(viewFileSizeHi)
 548+ B1EE 22 4F BB             ld (viewRemainingHi),hl
 549+ B1F1 AF                   xor a
 550+ B1F2 32 55 BB             ld (viewDataPageCount),a
 551+ B1F5 21 00 00             ld hl,0
 552+ B1F8 22 53 BB             ld (viewFirstReadLen),hl
 553+ B1FB
 554+ B1FB              .read_loop
 555+ B1FB 3E 03                ld a,3
 556+ B1FD 32 5B BB             ld (viewErrorStage),a
 557+ B200 3A 55 BB             ld a,(viewDataPageCount)
 558+ B203 FE 08                cp VIEW_DATA_MAX_PAGES
 559+ B205 28 52                jr z,.close_ok
 560+ B207
 561+ B207 2A 4D BB             ld hl,(viewRemainingLo)
 562+ B20A ED 5B 4F BB          ld de,(viewRemainingHi)
 563+ B20E 7C                   ld a,h
 564+ B20F B5                   or l
 565+ B210 B2                   or d
 566+ B211 B3                   or e
 567+ B212 28 45                jr z,.close_ok
 568+ B214
 569+ B214 CD DC B2             call view_set_next_read_len
 570+ B217 3A 55 BB             ld a,(viewDataPageCount)
 571+ B21A 21 73 BB             ld hl,viewDataBanks
 572+ B21D 85                   add a,l
 573+ B21E 6F                   ld l,a
 574+ B21F 30 01                jr nc,.page_ok
 575+ B221 24                   inc h
 576+ B222              .page_ok
 577+ B222 4E                   ld c,(hl)
 578+ B223 06 00                ld b,0
 579+ B225 ED 5B 51 BB          ld de,(viewReadLen)
 580+ B229 21 00 E0             ld hl,VIEW_DATA_ADDRESS
 581+ B22C CD 12 01             call 0112h
 582+ B22F
 583+ B22F 3A 55 BB             ld a,(viewDataPageCount)
 584+ B232 B7                   or a
 585+ B233 20 06                jr nz,.not_first_page
 586+ B235 2A 51 BB             ld hl,(viewReadLen)
 587+ B238 22 53 BB             ld (viewFirstReadLen),hl
 588+ B23B              .not_first_page
 589+ B23B
 590+ B23B 2A 4D BB             ld hl,(viewRemainingLo)
 591+ B23E ED 5B 4F BB          ld de,(viewRemainingHi)
 592+ B242 ED 4B 51 BB          ld bc,(viewReadLen)
 593+ B246 CD 66 98             call sub32
 594+ B249 22 4D BB             ld (viewRemainingLo),hl
 595+ B24C ED 53 4F BB          ld (viewRemainingHi),de
 596+ B250
 597+ B250 3A 55 BB             ld a,(viewDataPageCount)
 598+ B253 3C                   inc a
 599+ B254 32 55 BB             ld (viewDataPageCount),a
 600+ B257 18 A2                jr .read_loop
 601+ B259
 602+ B259              .close_ok
 603+ B259 06 00                ld b,0
 604+ B25B CD 09 01             call 0109h
 605+ B25E CD AE 83             call basicpage
 606+ B261
 607+ B261 AF                   xor a
 608+ B262 C9                   ret
 609+ B263
 610+ B263              .openerr
 611+ B263 CD AE 83             call basicpage
 612+ B266              .readerr
 613+ B266 37                   scf
 614+ B267 C9                   ret
 615+ B268
 616+ B268
 617+ B268              view_load_plugin
 618+ B268 CD 9E 83             call dospage
 619+ B26B
 620+ B26B 3E 04                ld a,4
 621+ B26D 32 5B BB             ld (viewErrorStage),a
 622+ B270 3E 43                ld a,"C"
 623+ B272 CD 2D 01             call $012d
 624+ B275 21 B9 BB             ld hl,viewPluginDir
 625+ B278 AF                   xor a
 626+ B279 CD B1 01             call $01b1
 627+ B27C
 628+ B27C 3E 05                ld a,5
 629+ B27E 32 5B BB             ld (viewErrorStage),a
 630+ B281 06 00                ld b,0
 631+ B283 0E 01                ld c,1
 632+ B285 16 00                ld d,0                  ; create action 0: fail if it is not there
 633+ B287 1E 02                ld e,2
 634+ B289 2A 46 BB             ld hl,(viewPluginName)
 635+ B28C CD 06 01             call 0106h
 636+ B28F 30 2D                jr nc,.openerr          ; DOS reports success with carry set
 637+ B291
 638+ B291 3E 06                ld a,6
 639+ B293 32 5B BB             ld (viewErrorStage),a
 640+ B296 06 00                ld b,0
 641+ B298 0E 29                ld c,VIEW_PLUGIN_BANK
 642+ B29A 11 00 10             ld de,VIEW_PLUGIN_MAX_SIZE
 643+ B29D 3A 48 BB             ld a,(viewPluginType)
 644+ B2A0 FE 0E                cp VIEWTYPE_ZIP
 645+ B2A2 20 03                jr nz,.size_ok
 646+ B2A4 11 00 20             ld de,VIEW_PLUGIN_BIG_SIZE
 647+ B2A7              .size_ok
 648+ B2A7 21 00 C0             ld hl,VIEW_PLUGIN_ADDRESS
 649+ B2AA CD 12 01             call 0112h
 650+ B2AD F5                   push af
 651+ B2AE 06 00                ld b,0
 652+ B2B0 CD 09 01             call 0109h
 653+ B2B3 CD C6 B2             call view_restore_current_path
 654+ B2B6 CD AE 83             call basicpage
 655+ B2B9 F1                   pop af
 656+ B2BA 30 08                jr nc,.readerr          ; a short read means a truncated plugin
 657+ B2BC
 658+ B2BC AF                   xor a
 659+ B2BD C9                   ret
 660+ B2BE
 661+ B2BE              .openerr
 662+ B2BE CD C6 B2             call view_restore_current_path
 663+ B2C1 CD AE 83             call basicpage
 664+ B2C4              .readerr
 665+ B2C4 37                   scf
 666+ B2C5 C9                   ret
 667+ B2C6
 668+ B2C6
 669+ B2C6              view_restore_current_path
 670+ B2C6 CD CA B2             call view_set_current_path
 671+ B2C9 C9                   ret
 672+ B2CA
 673+ B2CA
 674+ B2CA              view_set_current_path
 675+ B2CA CD 88 7E             call set_active_panel_drive
 676+ B2CD 21 8F 87             ld hl,pathl
 677+ B2D0 CD 50 7F             call ROZHOD2
 678+ B2D3 7E                   ld a,(hl)
 679+ B2D4 23                   inc hl
 680+ B2D5 66                   ld h,(hl)
 681+ B2D6 6F                   ld l,a
 682+ B2D7 AF                   xor a
 683+ B2D8 CD B1 01             call $01b1
 684+ B2DB C9                   ret
 685+ B2DC
 686+ B2DC
 687+ B2DC              view_set_next_read_len
 688+ B2DC 2A 4F BB             ld hl,(viewRemainingHi)
 689+ B2DF 7C                   ld a,h
 690+ B2E0 B5                   or l
 691+ B2E1 20 10                jr nz,.max
 692+ B2E3 2A 4D BB             ld hl,(viewRemainingLo)
 693+ B2E6 11 00 20             ld de,VIEW_TEXT_MAX_READ
 694+ B2E9 B7                   or a
 695+ B2EA ED 52                sbc hl,de
 696+ B2EC 30 05                jr nc,.max
 697+ B2EE 19                   add hl,de
 698+ B2EF 22 51 BB             ld (viewReadLen),hl
 699+ B2F2 C9                   ret
 700+ B2F3              .max
 701+ B2F3 21 00 20             ld hl,VIEW_TEXT_MAX_READ
 702+ B2F6 22 51 BB             ld (viewReadLen),hl
 703+ B2F9 C9                   ret
 704+ B2FA
 705+ B2FA
 706+ B2FA              view_fill_context
 707+ B2FA 3E 01                ld a,VIEW_PLUGIN_ABI
 708+ B2FC 32 16 BB             ld (viewPluginContext+VIEWCTX_ABI),a
 709+ B2FF 3A 48 BB             ld a,(viewPluginType)
 710+ B302 32 17 BB             ld (viewPluginContext+VIEWCTX_TYPE),a
 711+ B305 21 C4 7B             ld hl,cmd2
 712+ B308 22 18 BB             ld (viewPluginContext+VIEWCTX_FILENAME),hl
 713+ B30B 2A 49 BB             ld hl,(viewFileSizeLo)
 714+ B30E 22 1A BB             ld (viewPluginContext+VIEWCTX_SIZE_LO),hl
 715+ B311 2A 4B BB             ld hl,(viewFileSizeHi)
 716+ B314 22 1C BB             ld (viewPluginContext+VIEWCTX_SIZE_HI),hl
 717+ B317 3E 51                ld a,VIEW_DATA_PAGE
 718+ B319 32 1E BB             ld (viewPluginContext+VIEWCTX_DATA_PAGE),a
 719+ B31C 21 00 E0             ld hl,VIEW_DATA_ADDRESS
 720+ B31F 22 1F BB             ld (viewPluginContext+VIEWCTX_DATA_ADDR),hl
 721+ B322 2A 53 BB             ld hl,(viewFirstReadLen)
 722+ B325 22 21 BB             ld (viewPluginContext+VIEWCTX_READ_LEN),hl
 723+ B328 3A 55 BB             ld a,(viewDataPageCount)
 724+ B32B 32 23 BB             ld (viewPluginContext+VIEWCTX_PAGE_COUNT),a
 725+ B32E 21 7B BB             ld hl,viewDataPages
 726+ B331 22 24 BB             ld (viewPluginContext+VIEWCTX_DATA_PAGES),hl
 727+ B334 21 E5 B6             ld hl,viewServices
 728+ B337 22 26 BB             ld (viewPluginContext+VIEWCTX_SERVICES),hl
 729+ B33A                      ; store pointer to active panel path string
 730+ B33A 21 8F 87             ld hl,pathl
 731+ B33D CD 50 7F             call ROZHOD2
 732+ B340 7E                   ld a,(hl)
 733+ B341 23                   inc hl
 734+ B342 66                   ld h,(hl)
 735+ B343 6F                   ld l,a              ; HL = active panel path string address
 736+ B344 22 28 BB             ld (viewPluginContext+VIEWCTX_CURPATH),hl
 737+ B347 AF                   xor a
 738+ B348 32 2A BB             ld (viewPluginContext+VIEWCTX_EXTRACT_FLAG),a
 739+ B34B 32 3E BB             ld (viewPluginContext+VIEWCTX_DIRTY),a
 740+ B34E 3E FF                ld a,$FF
 741+ B350 32 3F BB             ld (viewPluginContext+VIEWCTX_P3DOS_TYPE),a
 742+ B353 C9                   ret
 743+ B354
 744+ B354
 745+ B354              view_call_plugin
 746+ B354 3E 52                ld a,$52
 747+ B356 CD 03 71             call ReadNextReg2A
 748+ B359 32 58 BB             ld (viewSavedMmu2),a
 749+ B35C 3E 56                ld a,$56
 750+ B35E CD 03 71             call ReadNextReg2A
 751+ B361 32 56 BB             ld (viewSavedMmu6),a
 752+ B364 3E 57                ld a,$57
 753+ B366 CD 03 71             call ReadNextReg2A
 754+ B369 32 57 BB             ld (viewSavedMmu7),a
 755+ B36C
 756+ B36C 3E 52                ld a,VIEW_PLUGIN_PAGE
 757+ B36E ED 92 56             nextreg $56,a
 758+ B371 3E 51                ld a,VIEW_DATA_PAGE
 759+ B373 ED 92 57             nextreg $57,a
 760+ B376
 761+ B376 3E 01                ld a,VIEW_PLUGIN_ABI
 762+ B378 21 16 BB             ld hl,viewPluginContext
 763+ B37B 11 E5 B6             ld de,viewServices
 764+ B37E CD 00 C0             call VIEW_PLUGIN_ADDRESS
 765+ B381 32 5D BB             ld (viewPluginResult),a
 766+ B384
 767+ B384 3A 56 BB             ld a,(viewSavedMmu6)
 768+ B387 ED 92 56             nextreg $56,a
 769+ B38A 3A 57 BB             ld a,(viewSavedMmu7)
 770+ B38D ED 92 57             nextreg $57,a
 771+ B390 3A 58 BB             ld a,(viewSavedMmu2)
 772+ B393 ED 92 52             nextreg $52,a
 773+ B396 C9                   ret
 774+ B397
 775+ B397
 776+ B397              view_restore_saved_screen
 777+ B397                      ;xor a
 778+ B397                      ;ld (viewNextAfterDown),a
 779+ B397 ED 91 57 5A          nextreg MMU7_E000_NR_57,90       ; mapuj extra banku (sipka + specialchar tam jsou)
 780+ B39B 21 35 E9             ld hl,sipka
 781+ B39E 01 00 01             ld bc,16*16*1
 782+ B3A1 3E 00                ld a,0
 783+ B3A3 CD 95 D7             call LoadSprites                      ; externí
 784+ B3A6
 785+ B3A6 CD 80 C3             call VSE_NASTAV
 786+ B3A9 3A 5A BB             ld a,(viewSavedOKNO)
 787+ B3AC 32 88 87             ld (OKNO),a
 788+ B3AF CD CA 7E             call loadscr
 789+ B3B2 C9                   ret
 790+ B3B3
 791+ B3B3
 792+ B3B3              view_restore_full_ui
 793+ B3B3                      ;xor a
 794+ B3B3                      ;ld (viewNextAfterDown),a
 795+ B3B3
 796+ B3B3 ED 91 57 5A          nextreg MMU7_E000_NR_57,90       ; mapuj extra banku (sipka + specialchar tam jsou)
 797+ B3B7 21 35 E9             ld hl,sipka
 798+ B3BA 01 00 01             ld bc,16*16*1
 799+ B3BD 3E 00                ld a,0
 800+ B3BF CD 95 D7             call LoadSprites                      ; externí
 801+ B3C2
 802+ B3C2 CD 80 C3             call VSE_NASTAV
 803+ B3C5 CD 4F D1             call kresli
 804+ B3C8 3E 03                ld a,3
 805+ B3CA 32 88 87             ld (OKNO),a
 806+ B3CD 2A 72 7E             ld hl,(adrl)
 807+ B3D0 22 A3 C8             ld (adrs+1),hl
 808+ B3D3 CD 4B C7             call showwin
 809+ B3D6 3E 13                ld a,19
 810+ B3D8 32 88 87             ld (OKNO),a
 811+ B3DB 2A 74 7E             ld hl,(adrr)
 812+ B3DE 22 A3 C8             ld (adrs+1),hl
 813+ B3E1 CD 4B C7             call showwin
 814+ B3E4 3A 5A BB             ld a,(viewSavedOKNO)
 815+ B3E7 32 88 87             ld (OKNO),a
 816+ B3EA CD 9C A8             call zobraz_nadpis
 817+ B3ED 3E 20                ld a,32
 818+ B3EF CD 18 7F             call writecur
 819+ B3F2 C9                   ret
 820+ B3F3
 821+ B3F3
 822+ B3F3              view_handle_plugin_extract
 823+ B3F3 3A 2A BB             ld a,(viewPluginContext+VIEWCTX_EXTRACT_FLAG)
 824+ B3F6 B7                   or a
 825+ B3F7 C8                   ret z
 826+ B3F8 AF                   xor a
 827+ B3F9 32 2A BB             ld (viewPluginContext+VIEWCTX_EXTRACT_FLAG),a
 828+ B3FC 21 2F BB             ld hl,viewPluginContext+VIEWCTX_EXTRACT_NAME
 829+ B3FF ED 5B 2B BB          ld de,(viewPluginContext+VIEWCTX_EXTRACT_OFF)
 830+ B403 ED 4B 2D BB          ld bc,(viewPluginContext+VIEWCTX_EXTRACT_CNT)
 831+ B407 CD 7F B4             call svc_extract_to_file
 832+ B40A C9                   ret
 833+ B40B
 834+ B40B
 835+ B40B              view_reload_active_panel
 836+ B40B 3A 5A BB             ld a,(viewSavedOKNO)
 837+ B40E 32 88 87             ld (OKNO),a
 838+ B411 CD B3 82             call reload_dir
 839+ B414 21 72 7E             ld hl,adrl
 840+ B417 CD 50 7F             call ROZHOD2
 841+ B41A 7E                   ld a,(hl)
 842+ B41B 23                   inc hl
 843+ B41C 66                   ld h,(hl)
 844+ B41D 6F                   ld l,a
 845+ B41E 22 A3 C8             ld (adrs+1),hl
 846+ B421 CD 4B C7             call showwin
 847+ B424 3E 20                ld a,32
 848+ B426 CD 18 7F             call writecur
 849+ B429 C9                   ret
 850+ B42A
 851+ B42A
 852+ B42A              ; ================================================================
 853+ B42A              ; Extraction services. Both write a byte range into a new file in the
 854+ B42A              ; active panel directory; they differ only in where the bytes come from.
 855+ B42A              ;
 856+ B42A              ; SERVICE_EXTRACT takes them from the loaded data pages, so a plugin can
 857+ B42A              ; write back data it has modified in RAM (the editor saves this way).
 858+ B42A              ; SERVICE_EXTRACT_SEEK re-reads them from the source file instead, which
 859+ B42A              ; is the only way to reach data past the 64KB the viewer keeps in RAM
 860+ B42A              ; (TRD disk images are up to 640K).
 861+ B42A              ; The shared steps live in view_extract_prepare/open_dest/exit.
 862+ B42A              ; ================================================================
 863+ B42A
 864+ B42A              ; view_extract_prepare: HL=plugin filename, DE=offset bits 0-15,
 865+ B42A              ; BC=byte count. Saves the paging state and builds the output path.
 866+ B42A              view_extract_prepare
 867+ B42A ED 53 CB BD          ld (viewExtractOff),de
 868+ B42E ED 43 CD BD          ld (viewExtractCnt),bc
 869+ B432 CD 38 B4             call view_save_paging
 870+ B435 C3 63 B6             jp view_make_extract_path
 871+ B438
 872+ B438
 873+ B438              ; view_save_paging: remember the slots the plugin was running with, so
 874+ B438              ; view_extract_exit can put them back once DOS has moved them around.
 875+ B438              view_save_paging
 876+ B438 3E 56                ld a,$56
 877+ B43A CD 03 71             call ReadNextReg2A
 878+ B43D 32 D2 BD             ld (viewExtractSavedMmu6),a
 879+ B440 3E 57                ld a,$57
 880+ B442 CD 03 71             call ReadNextReg2A
 881+ B445 32 D3 BD             ld (viewExtractSavedMmu7),a
 882+ B448 C9                   ret
 883+ B449
 884+ B449
 885+ B449              ; view_extract_open_dest: create the output file as file 1 and fill in its
 886+ B449              ; +3DOS header when the plugin asked for one. Carry set on failure.
 887+ B449              ; Must be called while in dospage.
 888+ B449              view_extract_open_dest
 889+ B449 3A 3F BB             ld a,(viewPluginContext+VIEWCTX_P3DOS_TYPE)
 890+ B44C 16 02                ld d,2                  ; create action 2: raw file, no header
 891+ B44E FE FF                cp $FF
 892+ B450 28 02                jr z,.do_open
 893+ B452 16 01                ld d,1                  ; create action 1: file with +3DOS header
 894+ B454              .do_open
 895+ B454 06 01                ld b,1                  ; file number
 896+ B456 0E 02                ld c,2                  ; exclusive write
 897+ B458 1E 04                ld e,4                  ; erase existing, then create
 898+ B45A 21 8B BD             ld hl,viewPluginDosName
 899+ B45D CD 06 01             call $0106
 900+ B460 3F                   ccf
 901+ B461 D8                   ret c                   ; DOS reports success with carry set
 902+ B462 3A 3F BB             ld a,(viewPluginContext+VIEWCTX_P3DOS_TYPE)
 903+ B465 FE FF                cp $FF
 904+ B467 C8                   ret z
 905+ B468 06 01                ld b,1
 906+ B46A CD EB 9E             call svc_fill_p3dos_header
 907+ B46D B7                   or a
 908+ B46E C9                   ret
 909+ B46F
 910+ B46F
 911+ B46F              ; view_extract_exit: A = error code, 0 = success. Restores the paging
 912+ B46F              ; state and returns with carry set when the extraction failed.
 913+ B46F              view_extract_exit
 914+ B46F 32 D4 BD             ld (viewExtractError),a
 915+ B472 CD AE 83             call basicpage
 916+ B475 CD 79 B6             call view_restore_extract_state
 917+ B478 3A D4 BD             ld a,(viewExtractError)
 918+ B47B B7                   or a
 919+ B47C C8                   ret z
 920+ B47D 37                   scf
 921+ B47E C9                   ret
 922+ B47F
 923+ B47F
 924+ B47F              ; svc_extract_to_file: HL=plugin filename, DE=data offset, BC=byte count.
 925+ B47F              ; The chunk is copied out of the data pages into a private buffer below
 926+ B47F              ; $C000, from where DOS_WRITE takes it without touching the directory cache.
 927+ B47F              svc_extract_to_file
 928+ B47F CD 2A B4             call view_extract_prepare
 929+ B482 CD 9E 83             call dospage
 930+ B485 CD CA B2             call view_set_current_path
 931+ B488 CD 49 B4             call view_extract_open_dest
 932+ B48B 38 2D                jr c,.open_fail
 933+ B48D CD AE 83             call basicpage
 934+ B490 CD BF B4             call view_write_loop
 935+ B493 38 13                jr c,.write_fail
 936+ B495
 937+ B495 CD 9E 83             call dospage
 938+ B498 06 01                ld b,1
 939+ B49A CD 09 01             call $0109
 940+ B49D 30 16                jr nc,.close_error
 941+ B49F 3E 01                ld a,1
 942+ B4A1 32 3E BB             ld (viewPluginContext+VIEWCTX_DIRTY),a
 943+ B4A4 AF                   xor a
 944+ B4A5 C3 6F B4             jp view_extract_exit
 945+ B4A8
 946+ B4A8              .write_fail
 947+ B4A8 CD 9E 83             call dospage
 948+ B4AB 06 01                ld b,1
 949+ B4AD CD 09 01             call $0109
 950+ B4B0 3E 02                ld a,2
 951+ B4B2 C3 6F B4             jp view_extract_exit
 952+ B4B5              .close_error
 953+ B4B5 3E 03                ld a,3
 954+ B4B7 C3 6F B4             jp view_extract_exit
 955+ B4BA              .open_fail
 956+ B4BA 3E 01                ld a,1
 957+ B4BC C3 6F B4             jp view_extract_exit
 958+ B4BF
 959+ B4BF
 960+ B4BF              ; view_write_loop: write viewExtractCnt bytes, taken from viewExtractOff
 961+ B4BF              ; in the data pages, to the already open file 1. Entered and left in
 962+ B4BF              ; basicpage state; carry set on failure.
 963+ B4BF              view_write_loop
 964+ B4BF 2A CD BD             ld hl,(viewExtractCnt)
 965+ B4C2 7C                   ld a,h
 966+ B4C3 B5                   or l
 967+ B4C4 C8                   ret z
 968+ B4C5 CD 86 B6             call view_extract_copy_chunk
 969+ B4C8 CD 9E 83             call dospage
 970+ B4CB 06 01                ld b,1
 971+ B4CD 0E 03                ld c,PAGE_BUFF
 972+ B4CF ED 5B CF BD          ld de,(viewExtractChunk)
 973+ B4D3 21 00 C0             ld hl,49152
 974+ B4D6 CD 15 01             call $0115
 975+ B4D9 30 19                jr nc,.fail
 976+ B4DB CD AE 83             call basicpage
 977+ B4DE 2A CB BD             ld hl,(viewExtractOff)
 978+ B4E1 ED 5B CF BD          ld de,(viewExtractChunk)
 979+ B4E5 19                   add hl,de
 980+ B4E6 22 CB BD             ld (viewExtractOff),hl
 981+ B4E9 2A CD BD             ld hl,(viewExtractCnt)
 982+ B4EC B7                   or a
 983+ B4ED ED 52                sbc hl,de
 984+ B4EF 22 CD BD             ld (viewExtractCnt),hl
 985+ B4F2 18 CB                jr view_write_loop
 986+ B4F4              .fail
 987+ B4F4 CD AE 83             call basicpage
 988+ B4F7 37                   scf
 989+ B4F8 C9                   ret
 990+ B4F9
 991+ B4F9
 992+ B4F9              ; ================================================================
 993+ B4F9              ; Streaming output. SERVICE_EXTRACT and SERVICE_EXTRACT_SEEK each
 994+ B4F9              ; create, fill and close a file in a single call, so a member can never
 995+ B4F9              ; be longer than the 16 bit count they take. These three split that
 996+ B4F9              ; apart, letting a plugin hand over a file of any length a piece at a
 997+ B4F9              ; time - the ZIP plugin inflates into a 32K window and flushes it as it
 998+ B4F9              ; fills. File 1 stays open between the calls; the source file a plugin
 999+ B4F9              ; reads with SERVICE_READ_AT uses file 0, so the two never collide.
1000+ B4F9              ; ================================================================
1001+ B4F9
1002+ B4F9              ; svc_write_open: HL = plugin filename. Creates it and leaves it open.
1003+ B4F9              svc_write_open
1004+ B4F9 11 00 00             ld de,0
1005+ B4FC 01 00 00             ld bc,0
1006+ B4FF CD 2A B4             call view_extract_prepare
1007+ B502 CD 9E 83             call dospage
1008+ B505 CD CA B2             call view_set_current_path
1009+ B508 CD 49 B4             call view_extract_open_dest
1010+ B50B 3E 01                ld a,1
1011+ B50D DA 6F B4             jp c,view_extract_exit
1012+ B510 AF                   xor a
1013+ B511 C3 6F B4             jp view_extract_exit
1014+ B514
1015+ B514
1016+ B514              ; svc_write_chunk: DE = offset in the data pages, BC = byte count.
1017+ B514              svc_write_chunk
1018+ B514 ED 53 CB BD          ld (viewExtractOff),de
1019+ B518 ED 43 CD BD          ld (viewExtractCnt),bc
1020+ B51C CD 38 B4             call view_save_paging
1021+ B51F CD BF B4             call view_write_loop
1022+ B522 3E 02                ld a,2
1023+ B524 DA 6F B4             jp c,view_extract_exit
1024+ B527 AF                   xor a
1025+ B528 C3 6F B4             jp view_extract_exit
1026+ B52B
1027+ B52B
1028+ B52B              ; svc_write_close: close the output file and mark the panel for reload.
1029+ B52B              svc_write_close
1030+ B52B CD 38 B4             call view_save_paging
1031+ B52E CD 9E 83             call dospage
1032+ B531 06 01                ld b,1
1033+ B533 CD 09 01             call $0109
1034+ B536 3E 03                ld a,3
1035+ B538 30 06                jr nc,.failed
1036+ B53A 3E 01                ld a,1
1037+ B53C 32 3E BB             ld (viewPluginContext+VIEWCTX_DIRTY),a
1038+ B53F AF                   xor a
1039+ B540              .failed
1040+ B540 C3 6F B4             jp view_extract_exit
1041+ B543
1042+ B543
1043+ B543              ; svc_extract_seek: HL=plugin filename, DE=source offset bits 0-15,
1044+ B543              ; BC=byte count. Bits 16-31 of the offset come from VIEWCTX_EXTRACT_OFHI.
1045+ B543              ; The source file is reopened and streamed straight into the output file,
1046+ B543              ; so the data may sit anywhere in it, not just in the loaded 64KB.
1047+ B543              ; Error codes 1-3 match svc_extract_to_file; 4-6 are specific to this path.
1048+ B543              svc_extract_seek
1049+ B543 CD 2A B4             call view_extract_prepare
1050+ B546 2A 44 BB             ld hl,(viewPluginContext+VIEWCTX_EXTRACT_OFHI)
1051+ B549 22 D5 BD             ld (viewExtractOffHi),hl
1052+ B54C
1053+ B54C CD 9E 83             call dospage
1054+ B54F CD CA B2             call view_set_current_path
1055+ B552
1056+ B552                      ; source (file 0): must exist, ignore any header, pointer at 0
1057+ B552 06 00                ld b,0
1058+ B554 0E 01                ld c,1                  ; read access
1059+ B556 16 00                ld d,0                  ; create action 0: error when missing
1060+ B558 1E 02                ld e,2                  ; open action 2: ignore header
1061+ B55A 21 98 7F             ld hl,TMP83
1062+ B55D CD 06 01             call $0106
1063+ B560 3E 04                ld a,4
1064+ B562 D2 6F B4             jp nc,view_extract_exit
1065+ B565
1066+ B565 06 00                ld b,0
1067+ B567 2A CB BD             ld hl,(viewExtractOff)
1068+ B56A ED 5B D5 BD          ld de,(viewExtractOffHi)
1069+ B56E CD 36 01             call $0136              ; DOS_SET_POSITION, DEHL = byte offset
1070+ B571 30 78                jr nc,.seek_fail
1071+ B573
1072+ B573 CD 49 B4             call view_extract_open_dest
1073+ B576 38 6F                jr c,.dest_fail
1074+ B578
1075+ B578              .copy_loop
1076+ B578 2A CD BD             ld hl,(viewExtractCnt)
1077+ B57B 7C                   ld a,h
1078+ B57C B5                   or l
1079+ B57D 28 3F                jr z,.close_ok
1080+ B57F
1081+ B57F 11 00 18             ld de,LENGHT_BUFFER     ; same transfer size the file copier uses
1082+ B582 B7                   or a
1083+ B583 ED 52                sbc hl,de
1084+ B585 30 04                jr nc,.chunk_set        ; a whole chunk or more is left: keep DE
1085+ B587 ED 5B CD BD          ld de,(viewExtractCnt)  ; tail shorter than one chunk
1086+ B58B              .chunk_set
1087+ B58B ED 53 CF BD          ld (viewExtractChunk),de
1088+ B58F
1089+ B58F 06 00                ld b,0
1090+ B591 0E 03                ld c,PAGE_BUFF
1091+ B593 ED 5B CF BD          ld de,(viewExtractChunk)
1092+ B597 21 00 C0             ld hl,49152
1093+ B59A CD 12 01             call $0112
1094+ B59D 30 38                jr nc,.read_fail
1095+ B59F
1096+ B59F 06 01                ld b,1
1097+ B5A1 0E 03                ld c,PAGE_BUFF
1098+ B5A3 ED 5B CF BD          ld de,(viewExtractChunk)
1099+ B5A7 21 00 C0             ld hl,49152
1100+ B5AA CD 15 01             call $0115
1101+ B5AD 30 24                jr nc,.write_fail
1102+ B5AF
1103+ B5AF 2A CD BD             ld hl,(viewExtractCnt)
1104+ B5B2 ED 5B CF BD          ld de,(viewExtractChunk)
1105+ B5B6 B7                   or a
1106+ B5B7 ED 52                sbc hl,de
1107+ B5B9 22 CD BD             ld (viewExtractCnt),hl
1108+ B5BC 18 BA                jr .copy_loop
1109+ B5BE
1110+ B5BE              .close_ok
1111+ B5BE 06 01                ld b,1
1112+ B5C0 CD 09 01             call $0109
1113+ B5C3 30 1E                jr nc,.close_error
1114+ B5C5 06 00                ld b,0
1115+ B5C7 CD 09 01             call $0109
1116+ B5CA 3E 01                ld a,1
1117+ B5CC 32 3E BB             ld (viewPluginContext+VIEWCTX_DIRTY),a
1118+ B5CF AF                   xor a
1119+ B5D0 C3 6F B4             jp view_extract_exit
1120+ B5D3
1121+ B5D3              .write_fail
1122+ B5D3 3E 02                ld a,2
1123+ B5D5 18 02                jr .close_dest
1124+ B5D7              .read_fail
1125+ B5D7 3E 06                ld a,6
1126+ B5D9              .close_dest
1127+ B5D9 32 D4 BD             ld (viewExtractError),a
1128+ B5DC 06 01                ld b,1
1129+ B5DE CD 09 01             call $0109
1130+ B5E1 18 0D                jr .close_src
1131+ B5E3              .close_error
1132+ B5E3 3E 03                ld a,3
1133+ B5E5 18 06                jr .store_err
1134+ B5E7              .dest_fail
1135+ B5E7 3E 01                ld a,1
1136+ B5E9 18 02                jr .store_err
1137+ B5EB              .seek_fail
1138+ B5EB 3E 05                ld a,5
1139+ B5ED              .store_err
1140+ B5ED 32 D4 BD             ld (viewExtractError),a
1141+ B5F0              .close_src
1142+ B5F0 06 00                ld b,0
1143+ B5F2 CD 09 01             call $0109
1144+ B5F5 3A D4 BD             ld a,(viewExtractError)
1145+ B5F8 C3 6F B4             jp view_extract_exit
1146+ B5FB
1147+ B5FB
1148+ B5FB              ; ================================================================
1149+ B5FB              ; svc_read_at: read a byte range of the file being viewed into RAM.
1150+ B5FB              ;   C  = destination 8K page (a number out of VIEWCTX_DATA_PAGES),
1151+ B5FB              ;   HL = offset inside that page (0-8191), DE = byte count,
1152+ B5FB              ;   source offset bits 0-15 in VIEWCTX_EXTRACT_OFF, bits 16-31 in
1153+ B5FB              ;   VIEWCTX_EXTRACT_OFHI.
1154+ B5FB              ; Returns A = 0 and carry clear on success; 4 = open, 5 = seek, 6 = read.
1155+ B5FB              ;
1156+ B5FB              ; The viewer preloads only the first 64KB of a file, which is no use to a
1157+ B5FB              ; plugin whose index sits at the end - a ZIP keeps its directory there.
1158+ B5FB              ; DOS_READ pages by 16K bank, so the 8K page has to be split into the
1159+ B5FB              ; bank number and the address that half of it appears at.
1160+ B5FB              ; ================================================================
1161+ B5FB              svc_read_at
1162+ B5FB ED 53 D7 BD          ld (viewReadAtLen),de
1163+ B5FF 7C                   ld a,h
1164+ B600 E6 1F                and $1F
1165+ B602 F6 C0                or $C0
1166+ B604 67                   ld h,a
1167+ B605 CB 41                bit 0,c
1168+ B607 28 02                jr z,.lower_half
1169+ B609 CB EC                set 5,h                 ; odd page: it shows up at $E000
1170+ B60B              .lower_half
1171+ B60B 22 D9 BD             ld (viewReadAtAddr),hl
1172+ B60E CB 39                srl c
1173+ B610 79                   ld a,c
1174+ B611 32 DB BD             ld (viewReadAtBank),a
1175+ B614
1176+ B614 CD 38 B4             call view_save_paging
1177+ B617 CD 9E 83             call dospage
1178+ B61A CD CA B2             call view_set_current_path
1179+ B61D
1180+ B61D 06 00                ld b,0
1181+ B61F 0E 01                ld c,1                  ; read access
1182+ B621 16 00                ld d,0                  ; create action 0: error when missing
1183+ B623 1E 02                ld e,2                  ; open action 2: ignore any header
1184+ B625 21 98 7F             ld hl,TMP83
1185+ B628 CD 06 01             call $0106
1186+ B62B 3E 04                ld a,4
1187+ B62D D2 6F B4             jp nc,view_extract_exit
1188+ B630
1189+ B630 06 00                ld b,0
1190+ B632 2A 2B BB             ld hl,(viewPluginContext+VIEWCTX_EXTRACT_OFF)
1191+ B635 ED 5B 44 BB          ld de,(viewPluginContext+VIEWCTX_EXTRACT_OFHI)
1192+ B639 CD 36 01             call $0136              ; DOS_SET_POSITION, DEHL = byte offset
1193+ B63C 3E 05                ld a,5
1194+ B63E 30 15                jr nc,.failed
1195+ B640
1196+ B640 06 00                ld b,0
1197+ B642 3A DB BD             ld a,(viewReadAtBank)
1198+ B645 4F                   ld c,a
1199+ B646 ED 5B D7 BD          ld de,(viewReadAtLen)
1200+ B64A 2A D9 BD             ld hl,(viewReadAtAddr)
1201+ B64D CD 12 01             call $0112
1202+ B650 3E 06                ld a,6
1203+ B652 30 01                jr nc,.failed
1204+ B654 AF                   xor a
1205+ B655              .failed
1206+ B655 32 D4 BD             ld (viewExtractError),a
1207+ B658 06 00                ld b,0
1208+ B65A CD 09 01             call $0109
1209+ B65D 3A D4 BD             ld a,(viewExtractError)
1210+ B660 C3 6F B4             jp view_extract_exit
1211+ B663
1212+ B663
1213+ B663              view_make_extract_path
1214+ B663 11 8B BD             ld de,viewPluginDosName
1215+ B666 06 3F                ld b,63
1216+ B668              .copy_name
1217+ B668 7E                   ld a,(hl)
1218+ B669 B7                   or a
1219+ B66A 28 09                jr z,.name_done
1220+ B66C FE FF                cp 255
1221+ B66E 28 05                jr z,.name_done
1222+ B670 12                   ld (de),a
1223+ B671 23                   inc hl
1224+ B672 13                   inc de
1225+ B673 10 F3                djnz .copy_name
1226+ B675              .name_done
1227+ B675 3E FF                ld a,255
1228+ B677 12                   ld (de),a
1229+ B678 C9                   ret
1230+ B679
1231+ B679
1232+ B679              view_restore_extract_state
1233+ B679 3A D2 BD             ld a,(viewExtractSavedMmu6)
1234+ B67C ED 92 56             nextreg $56,a
1235+ B67F 3A D3 BD             ld a,(viewExtractSavedMmu7)
1236+ B682 ED 92 57             nextreg $57,a
1237+ B685 C9                   ret
1238+ B686
1239+ B686
1240+ B686              view_extract_copy_chunk
1241+ B686 ED 5B CB BD          ld de,(viewExtractOff)
1242+ B68A 7A                   ld a,d
1243+ B68B E6 E0                and $E0
1244+ B68D 07                   rlca
1245+ B68E 07                   rlca
1246+ B68F 07                   rlca
1247+ B690 6F                   ld l,a
1248+ B691 26 00                ld h,0
1249+ B693 01 7B BB             ld bc,viewDataPages
1250+ B696 09                   add hl,bc
1251+ B697 7E                   ld a,(hl)
1252+ B698 ED 92 57             nextreg $57,a
1253+ B69B
1254+ B69B 7A                   ld a,d
1255+ B69C E6 1F                and $1F
1256+ B69E F6 E0                or $E0
1257+ B6A0 67                   ld h,a
1258+ B6A1 6B                   ld l,e
1259+ B6A2
1260+ B6A2 E5                   push hl
1261+ B6A3 7A                   ld a,d
1262+ B6A4 E6 1F                and $1F
1263+ B6A6 47                   ld b,a
1264+ B6A7 4B                   ld c,e
1265+ B6A8 21 00 20             ld hl,$2000
1266+ B6AB B7                   or a
1267+ B6AC ED 42                sbc hl,bc              ; bytes left in current 8K source page
1268+ B6AE ED 4B CD BD          ld bc,(viewExtractCnt)
1269+ B6B2 B7                   or a
1270+ B6B3 ED 42                sbc hl,bc
1271+ B6B5 38 04                jr c,.use_page_left
1272+ B6B7 50                   ld d,b
1273+ B6B8 59                   ld e,c
1274+ B6B9 18 02                jr .cap_to_buffer
1275+ B6BB              .use_page_left
1276+ B6BB 09                   add hl,bc
1277+ B6BC EB                   ex de,hl
1278+ B6BD              .cap_to_buffer
1279+ B6BD 21 60 00             ld hl,96
1280+ B6C0 B7                   or a
1281+ B6C1 ED 52                sbc hl,de
1282+ B6C3 30 03                jr nc,.got_chunk
1283+ B6C5 11 60 00             ld de,96
1284+ B6C8              .got_chunk
1285+ B6C8 ED 53 CF BD          ld (viewExtractChunk),de
1286+ B6CC D5                   push de
1287+ B6CD C1                   pop bc
1288+ B6CE E1                   pop hl
1289+ B6CF ED 91 56 06          nextreg $56,PAGE_BUFF*2
1290+ B6D3 11 00 C0             ld de,49152
1291+ B6D6 ED B0                ldir
1292+ B6D8 3A D2 BD             ld a,(viewExtractSavedMmu6)
1293+ B6DB ED 92 56             nextreg $56,a
1294+ B6DE 3A D3 BD             ld a,(viewExtractSavedMmu7)
1295+ B6E1 ED 92 57             nextreg $57,a
1296+ B6E4 C9                   ret
1297+ B6E5
1298+ B6E5
1299+ B6E5              viewServices
1300+ B6E5 09 81                defw print
1301+ B6E7 AA 7F                defw INKEY
1302+ B6E9 2C 81                defw window
1303+ B6EB BA 78                defw layer0
1304+ B6ED 53 B7                defw view_plugin_input_nowait
1305+ B6EF 7F B4                defw svc_extract_to_file
1306+ B6F1 B5 BF                defw beepk
1307+ B6F3 43 B5                defw svc_extract_seek
1308+ B6F5 FB B5                defw svc_read_at
1309+ B6F7 F9 B4                defw svc_write_open
1310+ B6F9 14 B5                defw svc_write_chunk
1311+ B6FB 2B B5                defw svc_write_close
1312+ B6FD
1313+ B6FD
1314+ B6FD              view_init_plugin_input
1315+ B6FD AF                   xor a
1316+ B6FE 32 4E 73             ld (TLACITKO),a
1317+ B701 CD 94 BA             call view_read_wheel
1318+ B704 32 5C BB             ld (viewWheelOld),a
1319+ B707 AF                   xor a
1320+ B708 32 5F BB             ld (viewMusicSetupDirty),a
1321+ B70B 3A 48 BB             ld a,(viewPluginType)
1322+ B70E FE 03                cp VIEWTYPE_PT3
1323+ B710 28 0F                jr z,.music
1324+ B712 FE 04                cp VIEWTYPE_PT2
1325+ B714 28 0B                jr z,.music
1326+ B716 FE 05                cp VIEWTYPE_STC
1327+ B718 28 07                jr z,.music
1328+ B71A FE 06                cp VIEWTYPE_STP
1329+ B71C 28 03                jr z,.music
1330+ B71E FE 07                cp VIEWTYPE_SQT
1331+ B720 C0                   ret nz
1332+ B721              .music
1333+ B721 CD 2A B7             call view_music_apply_saved_setup
1334+ B724 3E 01                ld a,1
1335+ B726 32 5F BB             ld (viewMusicSetupDirty),a
1336+ B729 C9                   ret
1337+ B72A
1338+ B72A
1339+ B72A              view_music_apply_saved_setup
1340+ B72A 3E 06                ld a,$06
1341+ B72C CD 03 71             call ReadNextReg2A
1342+ B72F E6 FC                and $FC
1343+ B731 47                   ld b,a
1344+ B732 3A 60 BB             ld a,(viewMusicChipMode)
1345+ B735 B7                   or a
1346+ B736 78                   ld a,b
1347+ B737 28 02                jr z,.set_chip
1348+ B739 F6 01                or $01
1349+ B73B              .set_chip
1350+ B73B ED 92 06             nextreg $06,a
1351+ B73E
1352+ B73E 3E 08                ld a,$08
1353+ B740 CD 03 71             call ReadNextReg2A
1354+ B743 E6 DF                and $DF
1355+ B745 47                   ld b,a
1356+ B746 3A 61 BB             ld a,(viewMusicStereoMode)
1357+ B749 B7                   or a
1358+ B74A 78                   ld a,b
1359+ B74B 28 02                jr z,.set_stereo
1360+ B74D F6 20                or $20
1361+ B74F              .set_stereo
1362+ B74F ED 92 08             nextreg $08,a
1363+ B752 C9                   ret
1364+ B753
1365+ B753
1366+ B753              view_plugin_input_nowait
1367+ B753 3A 56 BB             ld a,(viewSavedMmu6)
1368+ B756 ED 92 56             nextreg $56,a
1369+ B759 CD 64 B7             call view_plugin_input_body
1370+ B75C F5                   push af
1371+ B75D 3E 52                ld a,VIEW_PLUGIN_PAGE
1372+ B75F ED 92 56             nextreg $56,a
1373+ B762 F1                   pop af
1374+ B763 C9                   ret
1375+ B764
1376+ B764              view_plugin_input_body
1377+ B764 CD F5 A6             call MOUSE
1378+ B767 F5                   push af
1379+ B768 2A 84 A7             ld hl,(COORD)
1380+ B76B ED 5B C9 D7          ld de,(lastCoordMouse)
1381+ B76F B7                   or a
1382+ B770 ED 52                sbc hl,de
1383+ B772 28 03                jr z,.no_mouse_move
1384+ B774 CD CB D7             call showSprite
1385+ B777              .no_mouse_move
1386+ B777 CD F5 A6             call MOUSE
1387+ B77A 2A 84 A7             ld hl,(COORD)
1388+ B77D 22 C9 D7             ld (lastCoordMouse),hl
1389+ B780 F1                   pop af
1390+ B781 F5                   push af
1391+ B782 3A 5F BB             ld a,(viewMusicSetupDirty)
1392+ B785 B7                   or a
1393+ B786 28 07                jr z,.setup_ok
1394+ B788 AF                   xor a
1395+ B789 32 5F BB             ld (viewMusicSetupDirty),a
1396+ B78C CD ED B9             call view_music_show_setup
1397+ B78F              .setup_ok
1398+ B78F F1                   pop af
1399+ B790 CB 47                bit 0,a
1400+ B792 C2 92 B8             jp nz,.mouse_click
1401+ B795 CB 4F                bit 1,a
1402+ B797 C2 92 B8             jp nz,.mouse_click
1403+ B79A
1404+ B79A CD 94 BA             call view_read_wheel
1405+ B79D 47                   ld b,a
1406+ B79E 3A 5C BB             ld a,(viewWheelOld)
1407+ B7A1 4F                   ld c,a
1408+ B7A2 B8                   cp b
1409+ B7A3 28 16                jr z,.keyboard
1410+ B7A5 78                   ld a,b
1411+ B7A6 32 5C BB             ld (viewWheelOld),a
1412+ B7A9 79                   ld a,c
1413+ B7AA FE 0F                cp 15
1414+ B7AC 28 0D                jr z,.keyboard
1415+ B7AE B7                   or a
1416+ B7AF 28 0A                jr z,.keyboard
1417+ B7B1 78                   ld a,b
1418+ B7B2 B9                   cp c
1419+ B7B3 38 03                jr c,.wheel_up
1420+ B7B5 3E 0A                ld a,10
1421+ B7B7 C9                   ret
1422+ B7B8              .wheel_up
1423+ B7B8 3E 0B                ld a,11
1424+ B7BA C9                   ret
1425+ B7BB
1426+ B7BB              .keyboard
1427+ B7BB CD 4C 80             call KEYSCAN
1428+ B7BE 7B                   ld a,e
1429+ B7BF 3C                   inc a
1430+ B7C0 CA 90 B8             jp z,.no_key
1431+ B7C3 3A 48 BB             ld a,(viewPluginType)
1432+ B7C6 FE 0C                cp VIEWTYPE_EDIT
1433+ B7C8 28 64                jr z,.edit_special
1434+ B7CA              .check_music_special
1435+ B7CA FE 03                cp VIEWTYPE_PT3
1436+ B7CC CA E3 B7             jp z,.music_scan_keyboard
1437+ B7CF FE 04                cp VIEWTYPE_PT2
1438+ B7D1 CA E3 B7             jp z,.music_scan_keyboard
1439+ B7D4 FE 05                cp VIEWTYPE_STC
1440+ B7D6 CA E3 B7             jp z,.music_scan_keyboard
1441+ B7D9 FE 06                cp VIEWTYPE_STP
1442+ B7DB CA E3 B7             jp z,.music_scan_keyboard
1443+ B7DE FE 07                cp VIEWTYPE_SQT
1444+ B7E0 C2 F8 B7             jp nz,.map_keyboard
1445+ B7E3              .music_scan_keyboard
1446+ B7E3 7B                   ld a,e
1447+ B7E4 FE 26                cp 38
1448+ B7E6 CA 9E B9             jp z,view_music_set_ay
1449+ B7E9 FE 02                cp 2
1450+ B7EB CA B2 B9             jp z,view_music_set_ym
1451+ B7EE FE 00                cp 0
1452+ B7F0 CA C3 B9             jp z,view_music_set_abc
1453+ B7F3 FE 0F                cp 15
1454+ B7F5 CA D4 B9             jp z,view_music_set_acb
1455+ B7F8              .map_keyboard
1456+ B7F8 7A                   ld a,d
1457+ B7F9 21 90 80             ld hl,SYMTAB
1458+ B7FC FE 18                cp $18
1459+ B7FE 28 0A                jr z,.map
1460+ B800 21 B8 80             ld hl,CAPSTAB
1461+ B803 FE 27                cp $27
1462+ B805 28 03                jr z,.map
1463+ B807 21 DF 80             ld hl,NORMTAB
1464+ B80A              .map
1465+ B80A 16 00                ld d,0
1466+ B80C 19                   add hl,de
1467+ B80D 7E                   ld a,(hl)
1468+ B80E B7                   or a
1469+ B80F C8                   ret z
1470+ B810 47                   ld b,a
1471+ B811 3A 48 BB             ld a,(viewPluginType)
1472+ B814 FE 03                cp VIEWTYPE_PT3
1473+ B816 28 40                jr z,.music_keyboard
1474+ B818 FE 04                cp VIEWTYPE_PT2
1475+ B81A 28 3C                jr z,.music_keyboard
1476+ B81C FE 05                cp VIEWTYPE_STC
1477+ B81E 28 38                jr z,.music_keyboard
1478+ B820 FE 06                cp VIEWTYPE_STP
1479+ B822 28 34                jr z,.music_keyboard
1480+ B824 FE 07                cp VIEWTYPE_SQT
1481+ B826 28 30                jr z,.music_keyboard
1482+ B828 FE 09                cp VIEWTYPE_HELLO
1483+ B82A 28 22                jr z,.player_keyboard
1484+ B82C 78                   ld a,b
1485+ B82D C9                   ret
1486+ B82E              .edit_special
1487+ B82E 7A                   ld a,d
1488+ B82F FE 18                cp $18
1489+ B831 20 0D                jr nz,.edit_not_special
1490+ B833 21 44 B8             ld hl,.edit_key_table
1491+ B836 06 05                ld b,5
1492+ B838              .edit_key_loop
1493+ B838 7E                   ld a,(hl)
1494+ B839 BB                   cp e
1495+ B83A 23                   inc hl
1496+ B83B 28 05                jr z,.edit_key_hit
1497+ B83D 23                   inc hl
1498+ B83E 10 F8                djnz .edit_key_loop
1499+ B840              .edit_not_special
1500+ B840 18 B6                jr .map_keyboard
1501+ B842              .edit_key_hit
1502+ B842 7E                   ld a,(hl)
1503+ B843 C9                   ret
1504+ B844              .edit_key_table
1505+ B844 1E 80                defb 30,VIEW_EDIT_KEY_SAVE
1506+ B846 15 81                defb 21,VIEW_EDIT_KEY_SAVEAS
1507+ B848 01 82                defb 1,VIEW_EDIT_KEY_HEX
1508+ B84A 05 83                defb 5,VIEW_EDIT_KEY_TEXT
1509+ B84C 0E 84                defb 14,VIEW_EDIT_KEY_FIND
1510+ B84E              .player_keyboard
1511+ B84E 78                   ld a,b
1512+ B84F FE 0D                cp 13
1513+ B851 28 37                jr z,.music_key_stop
1514+ B853 FE 20                cp " "
1515+ B855 28 36                jr z,.music_key_next
1516+ B857 C9                   ret
1517+ B858              .music_keyboard
1518+ B858 78                   ld a,b
1519+ B859 FE 0D                cp 13
1520+ B85B 28 2D                jr z,.music_key_stop
1521+ B85D FE 20                cp " "
1522+ B85F 28 2C                jr z,.music_key_next
1523+ B861 FE 61                cp "a"
1524+ B863 CA 9E B9             jp z,view_music_set_ay
1525+ B866 FE 41                cp "A"
1526+ B868 CA 9E B9             jp z,view_music_set_ay
1527+ B86B FE 79                cp "y"
1528+ B86D CA B2 B9             jp z,view_music_set_ym
1529+ B870 FE 59                cp "Y"
1530+ B872 CA B2 B9             jp z,view_music_set_ym
1531+ B875 FE 62                cp "b"
1532+ B877 CA C3 B9             jp z,view_music_set_abc
1533+ B87A FE 42                cp "B"
1534+ B87C CA C3 B9             jp z,view_music_set_abc
1535+ B87F FE 63                cp "c"
1536+ B881 CA D4 B9             jp z,view_music_set_acb
1537+ B884 FE 43                cp "C"
1538+ B886 CA D4 B9             jp z,view_music_set_acb
1539+ B889 C9                   ret
1540+ B88A              .music_key_stop
1541+ B88A 3E 01                ld a,1
1542+ B88C C9                   ret
1543+ B88D              .music_key_next
1544+ B88D 3E 02                ld a,2
1545+ B88F C9                   ret
1546+ B890              .no_key
1547+ B890 AF                   xor a
1548+ B891 C9                   ret
1549+ B892
1550+ B892              .mouse_click
1551+ B892 3A 48 BB             ld a,(viewPluginType)
1552+ B895 FE 02                cp VIEWTYPE_ZXSCREEN
1553+ B897 CA C9 B8             jp z,view_image_mouse_click
1554+ B89A FE 08                cp VIEWTYPE_NXI
1555+ B89C CA C9 B8             jp z,view_image_mouse_click
1556+ B89F D6 0C                sub VIEWTYPE_EDIT
1557+ B8A1 C8                   ret z
1558+ B8A2 C6 0C                add a,VIEWTYPE_EDIT
1559+ B8A4 FE 03                cp VIEWTYPE_PT3
1560+ B8A6 28 16                jr z,.music_click
1561+ B8A8 FE 04                cp VIEWTYPE_PT2
1562+ B8AA 28 12                jr z,.music_click
1563+ B8AC FE 05                cp VIEWTYPE_STC
1564+ B8AE 28 0E                jr z,.music_click
1565+ B8B0 FE 06                cp VIEWTYPE_STP
1566+ B8B2 28 0A                jr z,.music_click
1567+ B8B4 FE 07                cp VIEWTYPE_SQT
1568+ B8B6 28 06                jr z,.music_click
1569+ B8B8 FE 09                cp VIEWTYPE_HELLO
1570+ B8BA 28 06                jr z,.hello_click
1571+ B8BC 18 08                jr .generic_mouse_click
1572+ B8BE              .music_click
1573+ B8BE CD EF B8             call view_pt3_mouse_click
1574+ B8C1 C0                   ret nz
1575+ B8C2              .hello_click
1576+ B8C2 CD 60 B9             call view_player_mouse_click
1577+ B8C5 C0                   ret nz
1578+ B8C6              .generic_mouse_click
1579+ B8C6 3E 0D                ld a,13
1580+ B8C8 C9                   ret
1581+ B8C9
1582+ B8C9
1583+ B8C9              view_image_mouse_click
1584+ B8C9 3A 85 A7             ld a,(COORD+1)
1585+ B8CC FE E0                cp 224
1586+ B8CE 38 17                jr c,.outside
1587+ B8D0 FE F8                cp 248
1588+ B8D2 30 13                jr nc,.outside
1589+ B8D4 3A 84 A7             ld a,(COORD+0)
1590+ B8D7 FE 18                cp 24
1591+ B8D9 38 0C                jr c,.outside
1592+ B8DB FE 34                cp 52
1593+ B8DD 38 0A                jr c,.stop
1594+ B8DF FE 60                cp 96
1595+ B8E1 38 04                jr c,.outside
1596+ B8E3 FE 7C                cp 124
1597+ B8E5 38 05                jr c,.next
1598+ B8E7              .outside
1599+ B8E7 AF                   xor a
1600+ B8E8 C9                   ret
1601+ B8E9              .stop
1602+ B8E9 3E 01                ld a,1
1603+ B8EB C9                   ret
1604+ B8EC              .next
1605+ B8EC 3E 02                ld a,2
1606+ B8EE C9                   ret
1607+ B8EF
1608+ B8EF
1609+ B8EF              view_pt3_mouse_click
1610+ B8EF 3A 85 A7             ld a,(COORD+1)
1611+ B8F2 FE 44                cp 68
1612+ B8F4 38 30                jr c,.not_setup
1613+ B8F6 FE 54                cp 84
1614+ B8F8 30 2C                jr nc,.not_setup
1615+ B8FA 3A 84 A7             ld a,(COORD+0)
1616+ B8FD 47                   ld b,a
1617+ B8FE 3A 62 BB             ld a,(viewMusicDrawOffset)
1618+ B901 B7                   or a
1619+ B902 28 07                jr z,.no_setup_offset
1620+ B904 4F                   ld c,a
1621+ B905 78                   ld a,b
1622+ B906 91                   sub c
1623+ B907 38 43                jr c,.window
1624+ B909 18 01                jr .setup_x
1625+ B90B              .no_setup_offset
1626+ B90B 78                   ld a,b
1627+ B90C              .setup_x
1628+ B90C FE 10                cp 16
1629+ B90E 38 3C                jr c,.window
1630+ B910 FE 18                cp 24
1631+ B912 DA 9E B9             jp c,view_music_set_ay
1632+ B915 FE 20                cp 32
1633+ B917 DA B2 B9             jp c,view_music_set_ym
1634+ B91A FE 28                cp 40
1635+ B91C DA C3 B9             jp c,view_music_set_abc
1636+ B91F FE 34                cp 52
1637+ B921 DA D4 B9             jp c,view_music_set_acb
1638+ B924 18 26                jr .window
1639+ B926              .not_setup
1640+ B926 3A 85 A7             ld a,(COORD+1)
1641+ B929 FE BC                cp 188
1642+ B92B 38 1F                jr c,.window
1643+ B92D FE CC                cp 204
1644+ B92F 30 17                jr nc,.outside
1645+ B931 3A 84 A7             ld a,(COORD+0)
1646+ B934 FE 03                cp 3
1647+ B936 38 10                jr c,.outside
1648+ B938 FE 1C                cp 28
1649+ B93A 38 0C                jr c,.stop
1650+ B93C FE 84                cp 132
1651+ B93E 38 08                jr c,.outside
1652+ B940 FE 9A                cp 154
1653+ B942 30 04                jr nc,.outside
1654+ B944 3E 02                ld a,2
1655+ B946 B7                   or a
1656+ B947 C9                   ret
1657+ B948              .stop
1658+ B948              .outside
1659+ B948 3E 01                ld a,1
1660+ B94A B7                   or a
1661+ B94B C9                   ret
1662+ B94C              .window
1663+ B94C 3A 85 A7             ld a,(COORD+1)
1664+ B94F FE 28                cp 40
1665+ B951 38 F5                jr c,.outside
1666+ B953 FE A4                cp 164
1667+ B955 30 F1                jr nc,.outside
1668+ B957 3A 84 A7             ld a,(COORD+0)
1669+ B95A FE 9D                cp 157
1670+ B95C 30 EA                jr nc,.outside
1671+ B95E AF                   xor a
1672+ B95F C9                   ret
1673+ B960
1674+ B960
1675+ B960              view_player_mouse_click
1676+ B960 3A 85 A7             ld a,(COORD+1)
1677+ B963 FE BC                cp 188
1678+ B965 38 1F                jr c,.window
1679+ B967 FE CC                cp 204
1680+ B969 30 2F                jr nc,.outside
1681+ B96B 3A 84 A7             ld a,(COORD+0)
1682+ B96E FE 03                cp 3
1683+ B970 38 28                jr c,.outside
1684+ B972 FE 1C                cp 28
1685+ B974 38 0C                jr c,.stop
1686+ B976 FE 84                cp 132
1687+ B978 38 20                jr c,.outside
1688+ B97A FE 9A                cp 154
1689+ B97C 30 1C                jr nc,.outside
1690+ B97E 3E 02                ld a,2
1691+ B980 B7                   or a
1692+ B981 C9                   ret
1693+ B982              .stop
1694+ B982 3E 01                ld a,1
1695+ B984 B7                   or a
1696+ B985 C9                   ret
1697+ B986              .window
1698+ B986 3A 85 A7             ld a,(COORD+1)
1699+ B989 FE 28                cp 40
1700+ B98B 38 0D                jr c,.outside
1701+ B98D FE A4                cp 164
1702+ B98F 30 09                jr nc,.outside
1703+ B991 3A 84 A7             ld a,(COORD+0)
1704+ B994 FE 9D                cp 157
1705+ B996 30 02                jr nc,.outside
1706+ B998 AF                   xor a
1707+ B999 C9                   ret
1708+ B99A              .outside
1709+ B99A 3E 01                ld a,1
1710+ B99C B7                   or a
1711+ B99D C9                   ret
1712+ B99E
1713+ B99E
1714+ B99E              view_music_set_ay
1715+ B99E 3E 06                ld a,$06
1716+ B9A0 CD 03 71             call ReadNextReg2A
1717+ B9A3 E6 FC                and $FC
1718+ B9A5 F6 01                or $01
1719+ B9A7 ED 92 06             nextreg $06,a
1720+ B9AA 3E 01                ld a,1
1721+ B9AC 32 60 BB             ld (viewMusicChipMode),a
1722+ B9AF C3 ED B9             jp view_music_show_setup
1723+ B9B2
1724+ B9B2
1725+ B9B2              view_music_set_ym
1726+ B9B2 3E 06                ld a,$06
1727+ B9B4 CD 03 71             call ReadNextReg2A
1728+ B9B7 E6 FC                and $FC
1729+ B9B9 ED 92 06             nextreg $06,a
1730+ B9BC AF                   xor a
1731+ B9BD 32 60 BB             ld (viewMusicChipMode),a
1732+ B9C0 C3 ED B9             jp view_music_show_setup
1733+ B9C3
1734+ B9C3
1735+ B9C3              view_music_set_abc
1736+ B9C3 3E 08                ld a,$08
1737+ B9C5 CD 03 71             call ReadNextReg2A
1738+ B9C8 E6 DF                and $DF
1739+ B9CA ED 92 08             nextreg $08,a
1740+ B9CD AF                   xor a
1741+ B9CE 32 61 BB             ld (viewMusicStereoMode),a
1742+ B9D1 C3 ED B9             jp view_music_show_setup
1743+ B9D4
1744+ B9D4
1745+ B9D4              view_music_set_acb
1746+ B9D4 3E 08                ld a,$08
1747+ B9D6 CD 03 71             call ReadNextReg2A
1748+ B9D9 F6 20                or $20
1749+ B9DB ED 92 08             nextreg $08,a
1750+ B9DE 3E 01                ld a,1
1751+ B9E0 32 61 BB             ld (viewMusicStereoMode),a
1752+ B9E3 C3 ED B9             jp view_music_show_setup
1753+ B9E6
1754+ B9E6
1755+ B9E6              view_music_mark_setup_dirty
1756+ B9E6 3E 01                ld a,1
1757+ B9E8 32 5F BB             ld (viewMusicSetupDirty),a
1758+ B9EB AF                   xor a
1759+ B9EC C9                   ret
1760+ B9ED
1761+ B9ED
1762+ B9ED              view_music_show_setup
1763+ B9ED 3E 52                ld a,$52
1764+ B9EF CD 03 71             call ReadNextReg2A
1765+ B9F2 32 59 BB             ld (viewTempMmu2),a
1766+ B9F5 3A 58 BB             ld a,(viewSavedMmu2)
1767+ B9F8 ED 92 52             nextreg $52,a
1768+ B9FB 3A 56 BB             ld a,(viewSavedMmu6)
1769+ B9FE ED 92 56             nextreg $56,a
1770+ BA01 3A 57 BB             ld a,(viewSavedMmu7)
1771+ BA04 ED 92 57             nextreg $57,a
1772+ BA07
1773+ BA07 AF                   xor a
1774+ BA08 32 62 BB             ld (viewMusicDrawOffset),a
1775+ BA0B 3A B0 45             ld a,($45B0)
1776+ BA0E FE 5B                cp "["
1777+ BA10 28 09                jr z,.offset_ok
1778+ BA12 FE 20                cp " "
1779+ BA14 28 05                jr z,.offset_ok
1780+ BA16 3E 04                ld a,4
1781+ BA18 32 62 BB             ld (viewMusicDrawOffset),a
1782+ BA1B              .offset_ok
1783+ BA1B
1784+ BA1B 21 B0 45             ld hl,$45B0
1785+ BA1E CD 81 BA             call view_music_apply_offset
1786+ BA21 11 69 BC             ld de,viewMusicAyActiveTxt
1787+ BA24 3A 60 BB             ld a,(viewMusicChipMode)
1788+ BA27 B7                   or a
1789+ BA28 20 03                jr nz,.print_ay
1790+ BA2A 11 53 BC             ld de,viewMusicAyTxt
1791+ BA2D              .print_ay
1792+ BA2D CD 89 BA             call view_music_draw_text
1793+ BA30
1794+ BA30 21 B8 45             ld hl,$45B8
1795+ BA33 CD 81 BA             call view_music_apply_offset
1796+ BA36 11 6E BC             ld de,viewMusicYmActiveTxt
1797+ BA39 3A 60 BB             ld a,(viewMusicChipMode)
1798+ BA3C B7                   or a
1799+ BA3D 28 03                jr z,.print_ym
1800+ BA3F 11 58 BC             ld de,viewMusicYmTxt
1801+ BA42              .print_ym
1802+ BA42 CD 89 BA             call view_music_draw_text
1803+ BA45
1804+ BA45 21 C0 45             ld hl,$45C0
1805+ BA48 CD 81 BA             call view_music_apply_offset
1806+ BA4B 11 73 BC             ld de,viewMusicAbcActiveTxt
1807+ BA4E 3A 61 BB             ld a,(viewMusicStereoMode)
1808+ BA51 B7                   or a
1809+ BA52 28 03                jr z,.print_abc
1810+ BA54 11 5D BC             ld de,viewMusicAbcTxt
1811+ BA57              .print_abc
1812+ BA57 CD 89 BA             call view_music_draw_text
1813+ BA5A
1814+ BA5A 21 CA 45             ld hl,$45CA
1815+ BA5D CD 81 BA             call view_music_apply_offset
1816+ BA60 11 79 BC             ld de,viewMusicAcbActiveTxt
1817+ BA63 3A 61 BB             ld a,(viewMusicStereoMode)
1818+ BA66 B7                   or a
1819+ BA67 20 03                jr nz,.print_acb
1820+ BA69 11 63 BC             ld de,viewMusicAcbTxt
1821+ BA6C              .print_acb
1822+ BA6C CD 89 BA             call view_music_draw_text
1823+ BA6F
1824+ BA6F 3A 59 BB             ld a,(viewTempMmu2)
1825+ BA72 ED 92 52             nextreg $52,a
1826+ BA75 3E 52                ld a,VIEW_PLUGIN_PAGE
1827+ BA77 ED 92 56             nextreg $56,a
1828+ BA7A 3E 51                ld a,VIEW_DATA_PAGE
1829+ BA7C ED 92 57             nextreg $57,a
1830+ BA7F AF                   xor a
1831+ BA80 C9                   ret
1832+ BA81
1833+ BA81
1834+ BA81              view_music_apply_offset
1835+ BA81 3A 62 BB             ld a,(viewMusicDrawOffset)
1836+ BA84 85                   add a,l
1837+ BA85 6F                   ld l,a
1838+ BA86 D0                   ret nc
1839+ BA87 24                   inc h
1840+ BA88 C9                   ret
1841+ BA89
1842+ BA89
1843+ BA89              view_music_draw_text
1844+ BA89 1A                   ld a,(de)
1845+ BA8A B7                   or a
1846+ BA8B C8                   ret z
1847+ BA8C 77                   ld (hl),a
1848+ BA8D 23                   inc hl
1849+ BA8E 36 10                ld (hl),16
1850+ BA90 23                   inc hl
1851+ BA91 13                   inc de
1852+ BA92 18 F5                jr view_music_draw_text
1853+ BA94
1854+ BA94
1855+ BA94              view_read_wheel
1856+ BA94 01 DF FA             ld bc,$fadf
1857+ BA97 ED 78                in a,(c)
1858+ BA99 E6 F0                and $F0
1859+ BA9B 0F                   rrca
1860+ BA9C 0F                   rrca
1861+ BA9D 0F                   rrca
1862+ BA9E 0F                   rrca
1863+ BA9F C9                   ret
1864+ BAA0
1865+ BAA0
1866+ BAA0              view_no_viewer_or_skip
1867+ BAA0 3A 5E BB             ld a,(viewNextAfterDown)
1868+ BAA3 B7                   or a
1869+ BAA4 C2 BD C5             jp nz,down
1870+ BAA7
1871+ BAA7              view_no_viewer
1872+ BAA7 11 46 BD             ld de,viewNoViewerTxt
1873+ BAAA C3 B9 BA             jp view_error_dialog
1874+ BAAD
1875+ BAAD              view_file_error
1876+ BAAD 11 51 BD             ld de,viewFileErrorTxt
1877+ BAB0 C3 B9 BA             jp view_error_dialog
1878+ BAB3
1879+ BAB3              view_plugin_error
1880+ BAB3 11 63 BD             ld de,viewPluginErrorTxt
1881+ BAB6 C3 B9 BA             jp view_error_dialog
1882+ BAB9
1883+ BAB9              view_error_dialog
1884+ BAB9 D5                   push de
1885+ BABA CD B6 7E             call savescr
1886+ BABD 21 0A 0A             ld hl,10 * 256 + 10
1887+ BAC0 01 08 3C             ld bc,60 * 256 + 8
1888+ BAC3 3E 90                ld a,144
1889+ BAC5 CD 2C 81             call window
1890+ BAC8 21 0B 0C             ld hl,12*256+11
1891+ BACB 3E 90                ld a,144
1892+ BACD 11 3E BD             ld de,viewErrorTitleTxt
1893+ BAD0 CD 09 81             call print
1894+ BAD3 D1                   pop de
1895+ BAD4 21 0D 0C             ld hl,12*256+13
1896+ BAD7 3E 90                ld a,144
1897+ BAD9 CD 09 81             call print
1898+ BADC 21 0F 0C             ld hl,12*256+15
1899+ BADF 3E 90                ld a,144
1900+ BAE1 11 77 BD             ld de,viewTryOtherTxt
1901+ BAE4 CD 09 81             call print
1902+ BAE7 3A 5B BB             ld a,(viewErrorStage)
1903+ BAEA C6 30                add a,"0"
1904+ BAEC 32 89 BD             ld (viewErrorStageTxt),a
1905+ BAEF 11 89 BD             ld de,viewErrorStageTxt
1906+ BAF2 21 0D 40             ld hl,64*256+13
1907+ BAF5 3E 90                ld a,144
1908+ BAF7 CD 09 81             call print
1909+ BAFA 21 11 31             ld hl,49*256+17
1910+ BAFD 3E 10                ld a,16
1911+ BAFF 11 2C 8C             ld de,conttxt
1912+ BB02 CD 09 81             call print
1913+ BB05              .wait
1914+ BB05 AF                   xor a
1915+ BB06 32 4E 73             ld (TLACITKO),a
1916+ BB09 CD AA 7F             call INKEY
1917+ BB0C FE 0D                cp 13
1918+ BB0E 20 F5                jr nz,.wait
1919+ BB10 CD CA 7E             call loadscr
1920+ BB13 C3 83 72             jp loop0
1921+ BB16
1922+ BB16
1923+ BB16 00 00 00...  viewPluginContext    defs VIEWCTX_SIZE
1924+ BB46 00 00        viewPluginName       defw 0
1925+ BB48 00           viewPluginType       defb 0
1926+ BB49 00 00        viewFileSizeLo       defw 0
1927+ BB4B 00 00        viewFileSizeHi       defw 0
1928+ BB4D 00 00        viewRemainingLo      defw 0
1929+ BB4F 00 00        viewRemainingHi      defw 0
1930+ BB51 00 00        viewReadLen          defw 0
1931+ BB53 00 00        viewFirstReadLen     defw 0
1932+ BB55 00           viewDataPageCount    defb 0
1933+ BB56 00           viewSavedMmu6        defb 0
1934+ BB57 00           viewSavedMmu7        defb 0
1935+ BB58 00           viewSavedMmu2        defb 0
1936+ BB59 00           viewTempMmu2         defb 0
1937+ BB5A 03           viewSavedOKNO        defb 3
1938+ BB5B 00           viewErrorStage       defb 0
1939+ BB5C 00           viewWheelOld         defb 0
1940+ BB5D 00           viewPluginResult     defb 0
1941+ BB5E 00           viewNextAfterDown    defb 0
1942+ BB5F 00           viewMusicSetupDirty  defb 0
1943+ BB60 01           viewMusicChipMode    defb 1
1944+ BB61 00           viewMusicStereoMode  defb 0
1945+ BB62 00           viewMusicDrawOffset  defb 0
1946+ BB63 00           viewPluginMenuCursor defb 0
1947+ BB64 00           viewPluginMenuTop    defb 0
1948+ BB65 00           viewPluginMenuPrintRow defb 0
1949+ BB66 00 00 00...  viewShortName        defs 13
1950+ BB73
1951+ BB73              ; DOS reads use 16K banks. Plugins receive the MMU7 page numbers
1952+ BB73              ; that expose the upper 8K of each bank at $E000.
1953+ BB73 28 2A 2B 2C  viewDataBanks        defb 40,42,43,44,45,46,47,48
1953+ BB77 2D 2E 2F 30
1954+ BB7B 51 55 57 59  viewDataPages        defb 81,85,87,89,91,93,95,97
1954+ BB7F 5B 5D 5F 61
1955+ BB83
1956+ BB83              VIEW_PLUGIN_MENU_VISIBLE equ 7
1957+ BB83              VIEW_PLUGIN_MENU_COUNT equ 10
1958+ BB83              VIEW_PLUGIN_MENU_LAST equ VIEW_PLUGIN_MENU_COUNT-1
1959+ BB83 2D 58 73 8F  viewPluginMenuMouseArea defb 45,88,115,143
1960+ BB87              viewPluginMenuTable
1961+ BB87 01                   defb VIEWTYPE_TEXT
1961+ BB88 C3 BB          defw viewTextPluginName
1961+ BB8A 87 BC          defw viewPluginMenuTextTxt
1962+ BB8C 02                   defb VIEWTYPE_ZXSCREEN
1962+ BB8D CC BB          defw viewZxScreenPluginName
1962+ BB8F 95 BC          defw viewPluginMenuZxTxt
1963+ BB91 08                   defb VIEWTYPE_NXI
1963+ BB92 D9 BB          defw viewNxiPluginName
1963+ BB94 A6 BC          defw viewPluginMenuNxiTxt
1964+ BB96 03                   defb VIEWTYPE_PT3
1964+ BB97 E1 BB          defw viewPt3PluginName
1964+ BB99 B2 BC          defw viewPluginMenuPt3Txt
1965+ BB9B 04                   defb VIEWTYPE_PT2
1965+ BB9C ED BB          defw viewPt2PluginName
1965+ BB9E C2 BC          defw viewPluginMenuPt2Txt
1966+ BBA0 05                   defb VIEWTYPE_STC
1966+ BBA1 F9 BB          defw viewStcPluginName
1966+ BBA3 D2 BC          defw viewPluginMenuStcTxt
1967+ BBA5 06                   defb VIEWTYPE_STP
1967+ BBA6 05 BC          defw viewStpPluginName
1967+ BBA8 E2 BC          defw viewPluginMenuStpTxt
1968+ BBAA 07                   defb VIEWTYPE_SQT
1968+ BBAB 11 BC          defw viewSqtPluginName
1968+ BBAD F2 BC          defw viewPluginMenuSqtTxt
1969+ BBAF 09                   defb VIEWTYPE_HELLO
1969+ BBB0 1C BC          defw viewHelloPluginName
1969+ BBB2 01 BD          defw viewPluginMenuHelloTxt
1970+ BBB4 0A                   defb VIEWTYPE_BAS
1970+ BBB5 2A BC          defw viewBasPluginName
1970+ BBB7 15 BD          defw viewPluginMenuBasTxt
1971+ BBB9
1972+ BBB9 63 3A 2F 73  viewPluginDir          defb "c:/sys/cc",255
1972+ BBBD 79 73 2F 63
1972+ BBC1 63 FF
1973+ BBC3 74 65 78 74  viewTextPluginName     defb "text.ccp",255
1973+ BBC7 2E 63 63 70
1973+ BBCB FF
1974+ BBCC 7A 78 73 63  viewZxScreenPluginName defb "zxscreen.ccp",255
1974+ BBD0 72 65 65 6E
1974+ BBD4 2E 63 63 70
1974+ BBD8 FF
1975+ BBD9 6E 78 69 2E  viewNxiPluginName      defb "nxi.ccp",255
1975+ BBDD 63 63 70 FF
1976+ BBE1 70 74 33 74  viewPt3PluginName      defb "pt3test.ccp",255
1976+ BBE5 65 73 74 2E
1976+ BBE9 63 63 70 FF
1977+ BBED 70 74 32 74  viewPt2PluginName      defb "pt2test.ccp",255
1977+ BBF1 65 73 74 2E
1977+ BBF5 63 63 70 FF
1978+ BBF9 73 74 63 74  viewStcPluginName      defb "stctest.ccp",255
1978+ BBFD 65 73 74 2E
1978+ BC01 63 63 70 FF
1979+ BC05 73 74 70 74  viewStpPluginName      defb "stptest.ccp",255
1979+ BC09 65 73 74 2E
1979+ BC0D 63 63 70 FF
1980+ BC11 73 71 74 65  viewSqtPluginName      defb "sqtest.ccp",255
1980+ BC15 73 74 2E 63
1980+ BC19 63 70 FF
1981+ BC1C 48 65 6C 6C  viewHelloPluginName    defb "HelloWord.ccp",255
1981+ BC20 6F 57 6F 72
1981+ BC24 64 2E 63 63
1981+ BC28 70 FF
1982+ BC2A 62 61 73 2E  viewBasPluginName      defb "bas.ccp",255
1982+ BC2E 63 63 70 FF
1983+ BC32 74 61 70 2E  viewTapPluginName      defb "tap.ccp",255
1983+ BC36 63 63 70 FF
1984+ BC3A 74 72 64 2E  viewTrdPluginName      defb "trd.ccp",255
1984+ BC3E 63 63 70 FF
1985+ BC42 7A 69 70 2E  viewZipPluginName      defb "zip.ccp",255
1985+ BC46 63 63 70 FF
1986+ BC4A 65 64 69 74  viewEditPluginName     defb "edit.ccp",255
1986+ BC4E 2E 63 63 70
1986+ BC52 FF
1987+ BC53 20 41 59 20  viewMusicAyTxt         defb " AY ",0
1987+ BC57 00
1988+ BC58 20 59 4D 20  viewMusicYmTxt         defb " YM ",0
1988+ BC5C 00
1989+ BC5D 20 41 42 43  viewMusicAbcTxt        defb " ABC ",0
1989+ BC61 20 00
1990+ BC63 20 41 43 42  viewMusicAcbTxt        defb " ACB ",0
1990+ BC67 20 00
1991+ BC69 5B 41 59 5D  viewMusicAyActiveTxt   defb "[AY]",0
1991+ BC6D 00
1992+ BC6E 5B 59 4D 5D  viewMusicYmActiveTxt   defb "[YM]",0
1992+ BC72 00
1993+ BC73 5B 41 42 43  viewMusicAbcActiveTxt  defb "[ABC]",0
1993+ BC77 5D 00
1994+ BC79 5B 41 43 42  viewMusicAcbActiveTxt  defb "[ACB]",0
1994+ BC7D 5D 00
1995+ BC7F 56 69 65 77  viewPluginMenuTitleTxt defb "Viewer:",0
1995+ BC83 65 72 3A 00
1996+ BC87 54 65 78 74  viewPluginMenuTextTxt  defb "Text text.ccp",0
1996+ BC8B 20 74 65 78
1996+ BC8F 74 2E 63 63
1996+ BC93 70 00
1997+ BC95 53 43 52 20  viewPluginMenuZxTxt    defb "SCR zxscreen.ccp",0
1997+ BC99 7A 78 73 63
1997+ BC9D 72 65 65 6E
1997+ BCA1 2E 63 63 70
1997+ BCA5 00
1998+ BCA6 4E 58 49 20  viewPluginMenuNxiTxt   defb "NXI nxi.ccp",0
1998+ BCAA 6E 78 69 2E
1998+ BCAE 63 63 70 00
1999+ BCB2 50 54 33 20  viewPluginMenuPt3Txt   defb "PT3 pt3test.ccp",0
1999+ BCB6 70 74 33 74
1999+ BCBA 65 73 74 2E
1999+ BCBE 63 63 70 00
2000+ BCC2 50 54 32 20  viewPluginMenuPt2Txt   defb "PT2 pt2test.ccp",0
2000+ BCC6 70 74 32 74
2000+ BCCA 65 73 74 2E
2000+ BCCE 63 63 70 00
2001+ BCD2 53 54 43 20  viewPluginMenuStcTxt   defb "STC stctest.ccp",0
2001+ BCD6 73 74 63 74
2001+ BCDA 65 73 74 2E
2001+ BCDE 63 63 70 00
2002+ BCE2 53 54 50 20  viewPluginMenuStpTxt   defb "STP stptest.ccp",0
2002+ BCE6 73 74 70 74
2002+ BCEA 65 73 74 2E
2002+ BCEE 63 63 70 00
2003+ BCF2 53 51 54 20  viewPluginMenuSqtTxt   defb "SQT sqtest.ccp",0
2003+ BCF6 73 71 74 65
2003+ BCFA 73 74 2E 63
2003+ BCFE 63 70 00
2004+ BD01 48 65 6C 6C  viewPluginMenuHelloTxt defb "Hello HelloWord.ccp",0
2004+ BD05 6F 20 48 65
2004+ BD09 6C 6C 6F 57
2004+ BD0D 6F 72 64 2E
2004+ BD11 63 63 70 00
2005+ BD15 42 41 53 20  viewPluginMenuBasTxt   defb "BAS bas.ccp",0
2005+ BD19 62 61 73 2E
2005+ BD1D 63 63 70 00
2006+ BD21 20 20 20 20  viewPluginMenuBlankTxt defb "                            ",0
2006+ BD25 20 20 20 20
2006+ BD29 20 20 20 20
2006+ BD2D 20 20 20 20
2006+ BD31 20 20 20 20
2006+ BD35 20 20 20 20
2006+ BD39 20 20 20 20
2006+ BD3D 00
2007+ BD3E
2008+ BD3E 56 69 65 77  viewErrorTitleTxt       defb "Viewer:",0
2008+ BD42 65 72 3A 00
2009+ BD46 4E 6F 20 76  viewNoViewerTxt         defb "No viewer.",0
2009+ BD4A 69 65 77 65
2009+ BD4E 72 2E 00
2010+ BD51 43 61 6E 6E  viewFileErrorTxt        defb "Cannot open file.",0
2010+ BD55 6F 74 20 6F
2010+ BD59 70 65 6E 20
2010+ BD5D 66 69 6C 65
2010+ BD61 2E 00
2011+ BD63 43 61 6E 6E  viewPluginErrorTxt      defb "Cannot load plugin.",0
2011+ BD67 6F 74 20 6C
2011+ BD6B 6F 61 64 20
2011+ BD6F 70 6C 75 67
2011+ BD73 69 6E 2E 00
2012+ BD77 54 72 79 20  viewTryOtherTxt         defb "Try another file.",0
2012+ BD7B 61 6E 6F 74
2012+ BD7F 68 65 72 20
2012+ BD83 66 69 6C 65
2012+ BD87 2E 00
2013+ BD89 3F 00        viewErrorStageTxt       defb "?",0
2014+ BD8B 00 00 00...  viewPluginDosName       defs 64
2015+ BDCB 00 00        viewExtractOff          defw 0
2016+ BDCD 00 00        viewExtractCnt          defw 0
2017+ BDCF 00 00        viewExtractChunk        defw 0
2018+ BDD1 00           viewExtractHandle       defb 0
2019+ BDD2 00           viewExtractSavedMmu6    defb 0
2020+ BDD3 00           viewExtractSavedMmu7    defb 0
2021+ BDD4 00           viewExtractError        defb 0
2022+ BDD5 00 00        viewExtractOffHi        defw 0
2023+ BDD7 00 00        viewReadAtLen           defw 0
2024+ BDD9 00 00        viewReadAtAddr          defw 0
2025+ BDDB 00           viewReadAtBank          defb 0
2026+ BDDC
# file closed: functions/viewer.asm
4812  BDDC                      include "functions/createdir.asm"
# file opened: functions/createdir.asm
   1+ BDDC 43 72 65 61  CRDIRTXT	defb "Create directory.",0
   1+ BDE0 74 65 20 64
   1+ BDE4 69 72 65 63
   1+ BDE8 74 6F 72 79
   1+ BDEC 2E 00
   2+ BDEE 44 69 72 65  CRDIRTXT2	defb "Directory name:",0
   2+ BDF2 63 74 6F 72
   2+ BDF6 79 20 6E 61
   2+ BDFA 6D 65 3A 00
   3+ BDFE
   4+ BDFE              MKDIR
   5+ BDFE
   6+ BDFE CD B6 7E     		call savescr
   7+ BE01
   8+ BE01 21 0A 0A     		ld hl,10 * 256 + 10
   9+ BE04 01 0A 3C     		ld bc,60 * 256 + 10
  10+ BE07 3E 10        		ld a,16
  11+ BE09 CD 2C 81     		call window
  12+ BE0C
  13+ BE0C 21 0B 0B     		ld hl,11*256+11
  14+ BE0F 3E 10        		ld a,16
  15+ BE11 11 DC BD     		ld de,CRDIRTXT
  16+ BE14 CD 09 81     		call print
  17+ BE17
  18+ BE17 21 0D 0B     		ld hl,11*256+13
  19+ BE1A 3E 10        		ld a,16
  20+ BE1C 11 EE BD     		ld de,CRDIRTXT2
  21+ BE1F CD 09 81     		call print
  22+ BE22
  23+ BE22 21 14 38     		ld hl,56*256+20
  24+ BE25 3E 30        		ld a,48
  25+ BE27 11 9A 8C     		ld de,createtxt
  26+ BE2A CD 09 81     		call print
  27+ BE2D
  28+ BE2D 21 13 3C     		ld hl,60*256+19
  29+ BE30 3E 10        		ld a,16
  30+ BE32 11 D4 8C     		ld de,notxt
  31+ BE35 CD 09 81     		call print
  32+ BE38
  33+ BE38
  34+ BE38 DD 26 3B     		ld hx,59
  35+ BE3B 21 76 49     		ld hl,$4000 + 15*160 + 11*2
  36+ BE3E 3E 50        		ld a,80
  37+ BE40 CD FC AD     		call INPUT
  38+ BE43 FE 01        		cp 1                    ;testuj BREAK
  39+ BE45 CA 72 BE     		jp z,end_mkdir
  40+ BE48 21 3B 5B     		ld hl,23296 + 59		;najdi poslední znak
  41+ BE4B              mkdir1
  42+ BE4B 2B           		dec hl
  43+ BE4C 7E           		ld a,(hl)
  44+ BE4D FE 20        		cp 32
  45+ BE4F 28 FA        		jr z,mkdir1
  46+ BE51 23           		inc hl
  47+ BE52 3E FF        		ld a,255
  48+ BE54 77           		ld (hl),a
  49+ BE55 21 00 5B     		ld hl,23296
  50+ BE58 CD 78 9B     		call syscopy_is_dot_name
  51+ BE5B CA 72 BE     		jp z,end_mkdir
  52+ BE5E              MK
  53+ BE5E CD 9E 83     		call dospage
  54+ BE61 3E 02        		ld a,2
  55+ BE63 21 00 5B     		ld hl,23296
  56+ BE66 CD B1 01     		call $01b1
  57+ BE69 CD AE 83     		call basicpage
  58+ BE6C              		;call loadscr
  59+ BE6C
  60+ BE6C              ;---------------- KONEC --------------------
  61+ BE6C CD DA A6     		call reload_panels_after_cancel
  62+ BE6F C3 83 72     		jp loop0
  63+ BE72
  64+ BE72              end_mkdir
  65+ BE72 CD CA 7E     		call loadscr
  66+ BE75 C3 83 72     		jp loop0
  67+ BE78
# file closed: functions/createdir.asm
4813  BE78              delete_key_parent
4814  BE78 21 8F 87             ld hl,pathl
4815  BE7B CD 50 7F             call ROZHOD2
4816  BE7E 7E                   ld a,(hl)
4817  BE7F 23                   inc hl
4818  BE80 66                   ld h,(hl)
4819  BE81 6F                   ld l,a
4820  BE82 23                   inc hl
4821  BE83 23                   inc hl
4822  BE84 23                   inc hl
4823  BE85 7E                   ld a,(hl)
4824  BE86 3C                   inc a
4825  BE87 28 06                jr z,.root
4826  BE89 CD 92 BE             call parent_prepare_name
4827  BE8C C3 A9 BE             jp delete_key_enter_directory
4828  BE8F              .root
4829  BE8F C3 83 72             jp loop0
4830  BE92
4831  BE92              parent_prepare_name
4832  BE92 3E 01                ld a,1
4833  BE94 32 B8 BE             ld (parent_jump_flag+1),a
4834  BE97 21 0D 91             ld hl,DIRBUFF
4835  BE9A 11 50 7B             ld de,cmd3
4836  BE9D 01 0B 00             ld bc,11
4837  BEA0 ED B0                ldir
4838  BEA2 3E 2A                ld a,"*"
4839  BEA4 12                   ld (de),a
4840  BEA5 13                   inc de
4841  BEA6 AF                   xor a
4842  BEA7 12                   ld (de),a
4843  BEA8 C9                   ret
4844  BEA9
4845  BEA9              delete_key_enter_directory
4846  BEA9 21 55 8A             ld hl,ban2
4847  BEAC 11 98 7F             ld de,TMP83
4848  BEAF 01 0B 00             ld bc,11
4849  BEB2 ED B0                ldir
4850  BEB4 C3 28 7C             jp enter_directory
4851  BEB7
4852  BEB7              parent_jump_select
4853  BEB7              parent_jump_flag
4854  BEB7 3E 00                ld a,0
4855  BEB9 B7                   or a
4856  BEBA C8                   ret z
4857  BEBB AF                   xor a
4858  BEBC 32 B8 BE             ld (parent_jump_flag+1),a
4859  BEBF CD 25 7E             call getroot_reload
4860  BEC2 22 FE BE             ld (parent_base+1),hl
4861  BEC5 22 DB BE             ld (parent_scan+1),hl
4862  BEC8 21 4F 87             ld hl,ALLFILES
4863  BECB CD 50 7F             call ROZHOD2
4864  BECE 7E                   ld a,(hl)
4865  BECF 32 D3 BE             ld (parent_count+1),a
4866  BED2              pjs_loop
4867  BED2              parent_count
4868  BED2 3E 00                ld a,0
4869  BED4 B7                   or a
4870  BED5 C8                   ret z
4871  BED6 3D                   dec a
4872  BED7 32 D3 BE             ld (parent_count+1),a
4873  BEDA              parent_scan
4874  BEDA 21 00 00             ld hl,0
4875  BEDD E5                   push hl
4876  BEDE 23                   inc hl
4877  BEDF CD 65 7F             call find83
4878  BEE2 21 9F 7F             ld hl,TMP83+7
4879  BEE5 CB BE                res 7,(hl)
4880  BEE7 AF                   xor a
4881  BEE8 32 A3 7F             ld (TMP83+11),a
4882  BEEB 11 50 7B             ld de,cmd3
4883  BEEE 21 98 7F             ld hl,TMP83
4884  BEF1 CD E6 D2             call specific_search
4885  BEF4 E1                   pop hl
4886  BEF5 28 06                jr z,pjs_found
4887  BEF7 23                   inc hl
4888  BEF8 22 DB BE             ld (parent_scan+1),hl
4889  BEFB 18 D5                jr pjs_loop
4890  BEFD              pjs_found
4891  BEFD              parent_base
4892  BEFD 11 00 00             ld de,0
4893  BF00 7D                   ld a,l
4894  BF01 47                   ld b,a
4895  BF02 93                   sub e
4896  BF03 4F                   ld c,a
4897  BF04 FE 1B                cp 27
4898  BF06 38 09                jr c,pjs_store
4899  BF08 78                   ld a,b
4900  BF09 D6 0D                sub 13
4901  BF0B 5F                   ld e,a
4902  BF0C 0E 0D                ld c,13
4903  BF0E CD 04 C0             call pjs_cap_end
4904  BF11              pjs_store
4905  BF11 21 A9 89             ld hl,STARTWINL
4906  BF14 CD 50 7F             call ROZHOD2
4907  BF17 73                   ld (hl),e
4908  BF18 23                   inc hl
4909  BF19 72                   ld (hl),d
4910  BF1A 21 A3 89             ld hl,POSKURZL
4911  BF1D CD 48 7F             call ROZHOD
4912  BF20 71                   ld (hl),c
4913  BF21 C9                   ret
4914  BF22
4915  BF22                      include "functions/bookmarks.asm"
# file opened: functions/bookmarks.asm
   1+ BF22              ; Thin resident host. Dialogs, keyboard handling and file I/O stay in
   2+ BF22              ; bookmarks.ccp; sysCopyContext and LFNNAME are safe scratch space here.
   3+ BF22
   4+ BF22                      include "plugin/bookmarks_api.i.asm"
# file opened: ./plugin/bookmarks_api.i.asm
   1++BF22              BOOKMARK_PLUGIN_ADDRESS equ 49152
   2++BF22              ; One complete MMU6 slot: $C000-$DFFF.
   3++BF22              BOOKMARK_PLUGIN_SIZE    equ 8192
   4++BF22
   5++BF22              BOOKMARK_ABI            equ 2
   6++BF22              BOOKMARK_MODE_ADD       equ 1
   7++BF22              BOOKMARK_MODE_LIST      equ 2
   8++BF22
   9++BF22              ; The host deliberately reuses sysCopyContext while the bookmark plugin runs.
  10++BF22              BOOKMARKCTX_ABI         equ 0
  11++BF22              BOOKMARKCTX_MODE        equ 1
  12++BF22              BOOKMARKCTX_PATH        equ 2
  13++BF22              BOOKMARKCTX_DRIVE       equ 4
  14++BF22              BOOKMARKCTX_RESULT      equ 5
  15++BF22              BOOKMARKCTX_ERROR       equ 6
  16++BF22              BOOKMARKCTX_RESULT_DRIVE equ 7
  17++BF22              BOOKMARKCTX_RESULT_PATH equ 8
  18++BF22              BOOKMARKCTX_SIZE        equ 10
  19++BF22
  20++BF22              BOOKMARK_PATH_SIZE      equ 264
  21++BF22              BOOKMARK_OLD_NAME_SIZE  equ 13
  22++BF22              BOOKMARK_OLD_RECORD_SIZE equ BOOKMARK_OLD_NAME_SIZE+1+BOOKMARK_PATH_SIZE
  23++BF22              BOOKMARK_NAME_SIZE      equ 25       ; 24 characters plus terminator
  24++BF22              BOOKMARK_RECORD_SIZE    equ BOOKMARK_NAME_SIZE+1+BOOKMARK_PATH_SIZE
  25++BF22              BOOKMARK_MAX_COUNT      equ 200
  26++BF22
  27++BF22              ; DE points to this host service table on entry. Calls use the native Calm
  28++BF22              ; Commander conventions: PRINT (HL=XY, DE=text, A=attribute) and WINDOW
  29++BF22              ; (HL=XY, BC=width/height, A=attribute).
  30++BF22              BOOKMARK_SERVICE_PRINT  equ 0
  31++BF22              BOOKMARK_SERVICE_WINDOW equ 2
  32++BF22
# file closed: ./plugin/bookmarks_api.i.asm
   5+ BF22
   6+ BF22              bookmarks_add
   7+ BF22 3E 01                ld a,BOOKMARK_MODE_ADD
   8+ BF24 18 02                jr bookmarks_run
   9+ BF26
  10+ BF26              bookmarks_list
  11+ BF26 3E 02                ld a,BOOKMARK_MODE_LIST
  12+ BF28
  13+ BF28              bookmarks_run
  14+ BF28 32 66 9C             ld (sysCopyContext+BOOKMARKCTX_MODE),a
  15+ BF2B 3E 02                ld a,BOOKMARK_ABI
  16+ BF2D 32 65 9C             ld (sysCopyContext+BOOKMARKCTX_ABI),a
  17+ BF30 CD 9B 9B             call syscopy_get_active_path
  18+ BF33 22 67 9C             ld (sysCopyContext+BOOKMARKCTX_PATH),hl
  19+ BF36 21 8D 87             ld hl,actdisc
  20+ BF39 CD 48 7F             call ROZHOD
  21+ BF3C 7E                   ld a,(hl)
  22+ BF3D 32 69 9C             ld (sysCopyContext+BOOKMARKCTX_DRIVE),a
  23+ BF40 21 C5 9C             ld hl,LFNNAME
  24+ BF43 22 6D 9C             ld (sysCopyContext+BOOKMARKCTX_RESULT_PATH),hl
  25+ BF46 AF                   xor a
  26+ BF47 32 6A 9C             ld (sysCopyContext+BOOKMARKCTX_RESULT),a
  27+ BF4A
  28+ BF4A CD B6 7E             call savescr
  29+ BF4D 21 A7 BF             ld hl,bookmarksPluginName
  30+ BF50 22 D2 9B             ld (syscopyLoadName+1),hl
  31+ BF53 21 00 20             ld hl,BOOKMARK_PLUGIN_SIZE
  32+ BF56 22 DE 9B             ld (syscopyLoadSize+1),hl
  33+ BF59 CD BC 9B             call syscopy_load_plugin
  34+ BF5C 38 03                jr c,.restore
  35+ BF5E CD 12 9C             call syscopy_call_plugin
  36+ BF61              .restore
  37+ BF61 21 95 9C             ld hl,sysCopyPluginName
  38+ BF64 22 D2 9B             ld (syscopyLoadName+1),hl
  39+ BF67 21 00 20             ld hl,SYSCOPY_PLUGIN_SIZE
  40+ BF6A 22 DE 9B             ld (syscopyLoadSize+1),hl
  41+ BF6D CD CA 7E             call loadscr
  42+ BF70
  43+ BF70 3A 6A 9C             ld a,(sysCopyContext+BOOKMARKCTX_RESULT)
  44+ BF73 B7                   or a
  45+ BF74 CA 83 72             jp z,loop0
  46+ BF77
  47+ BF77 21 8D 87             ld hl,actdisc
  48+ BF7A CD 48 7F             call ROZHOD
  49+ BF7D 3A 6C 9C             ld a,(sysCopyContext+BOOKMARKCTX_RESULT_DRIVE)
  50+ BF80 77                   ld (hl),a
  51+ BF81 CD 9B 9B             call syscopy_get_active_path
  52+ BF84 EB                   ex de,hl
  53+ BF85 21 C5 9C             ld hl,LFNNAME
  54+ BF88 01 08 01             ld bc,BOOKMARK_PATH_SIZE
  55+ BF8B ED B0                ldir
  56+ BF8D CD FE A1             call obnov_jedno_okno
  57+ BF90 CD 67 8F             call GETDIR
  58+ BF93 3E 20                ld a,32
  59+ BF95 CD 18 7F             call writecur
  60+ BF98 CD 8E 73             call freespace
  61+ BF9B CD 9E 83             call dospage
  62+ BF9E CD 83 86             call zapisCfg
  63+ BFA1 CD AE 83             call basicpage
  64+ BFA4 C3 83 72             jp loop0
  65+ BFA7
  66+ BFA7 62 6F 6F 6B  bookmarksPluginName defb "bookmarks.ccp",255
  66+ BFAB 6D 61 72 6B
  66+ BFAF 73 2E 63 63
  66+ BFB3 70 FF
  67+ BFB5
# file closed: functions/bookmarks.asm
4916  BFB5
4917  BFB5
4918  BFB5              ; Zvuk klávesy je mimo těsnou residentní část; KEYSCAN tak může mít přímou
4919  BFB5              ; kontrolu CAPS+3 a přitom zůstává celý bezpečný při přepnutí MMU stránek.
4920  BFB5 3A 8F 80     beepk   ld a,(keysound)                          ; Busyho nahradni rutina,kratsi
4921  BFB8 B7                   or a
4922  BFB9 C0                   ret nz
4923  BFBA 3A 07 81             ld a,(BORDER)
4924  BFBD 5F                   ld e,a
4925  BFBE 06 10                ld b,$10
4926  BFC0 80                   add a,b
4927  BFC1 D3 FE                out ($fe),a
4928  BFC3 06 1C                ld b,$1c
4929  BFC5 10 FE        beepk1  djnz beepk1
4930  BFC7 3E 08                ld a,$08
4931  BFC9 83                   add a,e
4932  BFCA D3 FE                out ($fe),a
4933  BFCC C9                   ret
4934  BFCD
4935  BFCD                      IFDEF CC_DOT
4936  BFCD              ; ------------------------------------------------------------
4937  BFCD              ; dot_exec_cmd - spust prikaz v cmd (nexload/run ...)
4938  BFCD              ; ------------------------------------------------------------
4939  BFCD              ; Dokud CC bezi uvnitr dot commandu (volany pres RST $18), M_EXECCMD
4940  BFCD              ; pouzit nejde - novy dot by se nahral pres ten bezici. Vratime se proto
4941  BFCD              ; do zavadece s DOT_EXIT_LAUNCH; ten uvolni pamet a skoci na dot_launch.
4942  BFCD              ; Musi lezet pod $C000: spravneStranky prepina MMU6/7 na banku 7.
4943  BFCD              ; ------------------------------------------------------------
4944  BFCD              dot_exec_cmd
4945  BFCD 3A 7B CC             ld a,(dot_attached)
4946  BFD0 B7                   or a
4947  BFD1 28 03                jr z,.direct
4948  BFD3 C3 62 CC             jp dot_attached_launch
4949  BFD6              .direct
4950  BFD6 CD 34 7A             call spravneStranky
4951  BFD9 DD 21 BC 7B          ld ix,cmd
4952  BFDD CF                   rst $08
4953  BFDE 8F                   defb $8f
4954  BFDF C9                   ret
4955  BFE0
4956  BFE0              ; Sem skace zavadec pres RST $20, kdyz uz dot command skoncil.
4957  BFE0              ; SP uz nastavil zavadec na puvodni zasobnik BASICu (pod RAMTOP): .run
4958  BFE0              ; nahrava BASIC program od PROG nahoru a zasobnik CC na $7100 by mu lezel
4959  BFE0              ; v ceste ("R Loading error"). MMU6/7 zustava 0/1 jako pri prikazu
4960  BFE0              ; napsanem v BASICu - proto ne spravneStranky (banka 7 nahore by pri
4961  BFE0              ; zasobniku nahore nesla), jen vypnuti spritu.
4962  BFE0              ; Kdyz se spusteni nepovede, ukaz chybu jako hlaseni BASICu (M_GETERR,
4963  BFE0              ; B=0 se nevraci). Pri A=0 je text chyby v dot commandu, adresa v HL.
4964  BFE0              dot_launch
4965  BFE0 FB                   ei                                        ; jako v BASIC verzi pred M_EXECCMD
4966  BFE1 CD 05 7A             call ClearAllSprites
4967  BFE4 DD 21 BC 7B          ld ix,cmd
4968  BFE8 CF                   rst $08
4969  BFE9 8F                   defb $8f
4970  BFEA 38 04                jr c,.report                              ; chyba: A = kod, pri A=0 text v HL
4971  BFEC 21 F7 BF             ld hl,dotOkMsg                            ; uspech (.run jen vypsal navod):
4972  BFEF AF                   xor a                                     ; zpet do BASICu s "0 OK"
4973  BFF0              .report
4974  BFF0 E5                   push hl
4975  BFF1 DD E1                pop ix
4976  BFF3 06 00                ld b,0
4977  BFF5 CF                   rst $08
4978  BFF6 93                   defb $93                                  ; M_GETERR: hlaseni BASICu, nevraci se
4979  BFF7 30 20 4F CB  dotOkMsg        defb "0 O","K"|$80
4980  BFFB                      ENDIF
4981  BFFB
4982  BFFB              E3
4983  BFFB                      org 49152
4984  C000              S2
4985  C000 40 20        oknoVyber	defb	64,32
4986  C002 64 60                    defb	100,96
4987  C004
4988  C004              pjs_cap_end
4989  C004 21 4F 87             ld hl,ALLFILES
4990  C007 CD 50 7F             call ROZHOD2
4991  C00A 7E                   ld a,(hl)
4992  C00B D6 1B                sub 27
4993  C00D D8                   ret c
4994  C00E BB                   cp e
4995  C00F D0                   ret nc
4996  C010 5F                   ld e,a
4997  C011 78                   ld a,b
4998  C012 93                   sub e
4999  C013 4F                   ld c,a
5000  C014 C9                   ret
5001  C015              vyberPocitace
5002  C015 21 05 1E             ld hl,30 * 256 + 5
5003  C018 01 0F 14             ld bc,20 * 256 + 15
5004  C01B 3E 10                ld a,16
5005  C01D CD 2C 81             call window
5006  C020
5007  C020 21 06 20             ld hl,32*256+6
5008  C023 3E 10                ld a,16
5009  C025 11 3C C1             ld de,vyberTxt
5010  C028 CD 09 81             call print
5011  C02B
5012  C02B 21 08 20             ld hl,32*256+8
5013  C02E 3E 10                ld a,16
5014  C030 11 46 C1             ld de,txt128
5015  C033 CD 09 81             call print
5016  C036
5017  C036 21 09 20             ld hl,32*256+9
5018  C039 3E 10                ld a,16
5019  C03B 11 4B C1             ld de,txt48
5020  C03E CD 09 81             call print
5021  C041
5022  C041 21 0A 20             ld hl,32*256+10
5023  C044 3E 10                ld a,16
5024  C046 11 4F C1             ld de,Pentagontxt
5025  C049 CD 09 81             call print
5026  C04C
5027  C04C 21 0B 20             ld hl,32*256+11
5028  C04F 3E 10                ld a,16
5029  C051 11 54 C1             ld de,NextTxt
5030  C054 CD 09 81             call print
5031  C057 3E 40                ld a,64
5032  C059 CD 1E C1             call kreslicurcomp
5033  C05C
5034  C05C              comp00
5035  C05C AF                   xor a
5036  C05D 32 4E 73             ld (TLACITKO),a
5037  C060 CD 93 D9             call InkeyNoWait
5038  C063 FE 0A                cp 10
5039  C065 CA 02 C1             jp z,compdown
5040  C068
5041  C068 FE 0B                cp 11
5042  C06A CA E6 C0             jp z,compup
5043  C06D FE 01                cp 1
5044  C06F 28 6D                jr z,cancelComp
5045  C071 FE 0D                cp 13
5046  C073 CA AB C0             jp z,entercomp
5047  C076
5048  C076 21 00 C0             ld hl,oknoVyber
5049  C079 CD 89 A7             call CONTROL
5050  C07C 30 03                jr nc,vOkne
5051  C07E
5052  C07E C3 5C C0             jp comp00
5053  C081
5054  C081              vOkne
5055  C081
5056  C081 3A 85 A7             ld a,(COORD+1)
5057  C084 57                   ld d,a
5058  C085 1E 08                ld e,8
5059  C087 CD A0 84             call deleno8
5060  C08A 3E F8                ld a,-8
5061  C08C 82                   add a,d
5062  C08D F5                   push af
5063  C08E 57                   ld d,a
5064  C08F
5065  C08F
5066  C08F 3E 10                ld a,16
5067  C091 CD 1E C1             call kreslicurcomp
5068  C094
5069  C094 F1                   pop af
5070  C095 32 AD 89             ld (cursorComp),a
5071  C098 3E 40                ld a,64
5072  C09A CD 1E C1             call kreslicurcomp
5073  C09D
5074  C09D 3A 4E 73             ld a,(TLACITKO)
5075  C0A0 CB 4F                bit 1,a
5076  C0A2 20 07                jr nz,entercomp
5077  C0A4 18 B6                jr comp00
5078  C0A6
5079  C0A6              v0
5080  C0A6 F3                   di
5081  C0A7 76                   halt
5082  C0A8 18 FC                jr v0
5083  C0AA C9                   ret
5084  C0AB              entercomp
5085  C0AB 3A AD 89             ld a,(cursorComp)
5086  C0AE 5F                   ld e,a
5087  C0AF 16 00                ld d,0
5088  C0B1 21 DA C0             ld hl,tabComp
5089  C0B4 19                   add hl,de
5090  C0B5 7E                   ld a,(hl)
5091  C0B6
5092  C0B6 ED 91 07 00          nextreg TURBO_CONTROL_NR_07,0
5093  C0BA ED 92 03             nextreg MACHINE_TYPE_NR_03,a
5094  C0BD 3A AD 89             ld a,(cursorComp)
5095  C0C0 FE 02                cp 2
5096  C0C2 28 0B                jr z,pentagon
5097  C0C4                      NEXTREG2A $8
5097  C0C4             >            ; přečti NextReg číslo nextreg? do A (přes ReadNextReg2A)
5097  C0C4 3E 08       >            ld a,$8
5097  C0C6 CD 03 71    >            call ReadNextReg2A
5098  C0C9 CB B7                res 6,a
5099  C0CB ED 92 08             nextreg $8,a
5100  C0CE C9                   ret
5101  C0CF
5102  C0CF              pentagon
5103  C0CF                      NEXTREG2A $8
5103  C0CF             >            ; přečti NextReg číslo nextreg? do A (přes ReadNextReg2A)
5103  C0CF 3E 08       >            ld a,$8
5103  C0D1 CD 03 71    >            call ReadNextReg2A
5104  C0D4 CB F7                set 6,a
5105  C0D6 ED 92 08             nextreg $8,a
5106  C0D9
5107  C0D9 C9                   ret
5108  C0DA
5109  C0DA              tabComp
5110  C0DA A0                   defb  $A0                                 ; 128k/2
5111  C0DB 90                   defb  $90                                 ; 48k
5112  C0DC C0                   defb  $C0                                 ; Pentagon
5113  C0DD B0                   defb  $B0                                 ; +2A/+3/Next
5114  C0DE
5115  C0DE              cancelComp
5116  C0DE E1                   pop hl
5117  C0DF E1                   pop hl
5118  C0E0 CD CA 7E             call loadscr
5119  C0E3
5120  C0E3 C3 83 72             jp loop0
5121  C0E6              compup
5122  C0E6 3A AD 89             ld a,(cursorComp)
5123  C0E9 FE 00                cp 0
5124  C0EB CA 5C C0             jp z,comp00
5125  C0EE
5126  C0EE 3E 10                ld a,16
5127  C0F0 CD 1E C1             call kreslicurcomp
5128  C0F3 3A AD 89             ld a,(cursorComp)
5129  C0F6 3D                   dec a
5130  C0F7 32 AD 89             ld (cursorComp),a
5131  C0FA 3E 40                ld a,64
5132  C0FC CD 1E C1             call kreslicurcomp
5133  C0FF
5134  C0FF C3 5C C0             jp comp00
5135  C102
5136  C102              compdown
5137  C102 3A AD 89             ld a,(cursorComp)
5138  C105 FE 03                cp 3
5139  C107 CA 5C C0             jp z,comp00
5140  C10A
5141  C10A 3E 10                ld a,16
5142  C10C CD 1E C1             call kreslicurcomp
5143  C10F 3A AD 89             ld a,(cursorComp)
5144  C112 3C                   inc a
5145  C113 32 AD 89             ld (cursorComp),a
5146  C116 3E 40                ld a,64
5147  C118 CD 1E C1             call kreslicurcomp
5148  C11B
5149  C11B C3 5C C0             jp comp00
5150  C11E
5151  C11E
5152  C11E
5153  C11E              kreslicurcomp
5154  C11E CD 08 81             call cc_map_palette_attr
5155  C121 32 31 C1             ld (clrComp+1),a
5156  C124 3A AD 89             ld a,(cursorComp)
5157  C127 5F                   ld e,a
5158  C128 16 A0                ld d,160
5159  C12A ED 30                mul d,e
5160  C12C 2A 3A C1             ld hl,(adr_cur)
5161  C12F 19                   add hl,de
5162  C130 3E 20        clrComp ld a,32
5163  C132 06 12                ld b,18
5164  C134 77           wr00	ld (hl),a
5165  C135 23                   inc hl
5166  C136 23                   inc hl
5167  C137 10 FB                djnz wr00
5168  C139 C9                   ret
5169  C13A 41 45        adr_cur defw $4002+160*8 + 63                     ; adresa prvni polozky ve vyberu
5170  C13C
5171  C13C
5172  C13C
5173  C13C 43 6F 6D 70  vyberTxt defb "Computer:",0
5173  C140 75 74 65 72
5173  C144 3A 00
5174  C146 31 32 38 6B  txt128	defb "128k",0
5174  C14A 00
5175  C14B 34 38 6B 00  txt48	defb	"48k",0
5176  C14F 50 65 6E 74  Pentagontxt	defb	"Pent",0
5176  C153 00
5177  C154 4E 65 78 74  NextTxt		defb "Next",0
5177  C158 00
5178  C159
5179  C159 00 00 00...  tilemapFont:    ds   16*32
5180  C359
5181  C359              ConvertRomCharTo4bpp:
5182  C359 C5                   push    bc
5183  C35A 01 FF 08             ld      bc,$08FF
5184  C35D              .lineLoop:
5185  C35D 7E                   ld      a,(hl)
5186  C35E 23                   inc     hl
5187  C35F E5                   push    hl
5188  C360 CD 68 C3             call    .convert8pixels
5189  C363 E1                   pop     hl
5190  C364 10 F7                djnz    .lineLoop
5191  C366 C1                   pop     bc
5192  C367 C9                   ret
5193  C368              .convert8pixels:
5194  C368 CD 6B C3             call    .convert4pixels
5195  C36B              .convert4pixels:
5196  C36B CD 6E C3             call    .convert2pixels
5197  C36E              .convert2pixels:
5198  C36E 07                   rlca
5199  C36F 07                   rlca
5200  C370 F5                   push    af
5201  C371 E6 03                and     3
5202  C373 21 7C C3             ld      hl,.pixelTable
5203  C376 ED 31                add     hl,a
5204  C378 ED A0                ldi
5205  C37A F1                   pop     af
5206  C37B C9                   ret
5207  C37C              .pixelTable:
5208  C37C 00 03 30 33         DB      $00, $03, $30, $33
5209  C380
5210  C380              VSE_NASTAV
5211  C380 3E 03                ld a,3
5212  C382 32 88 87             ld (OKNO),a
5213  C385 ED 91 53 0B          nextreg MMU3_6000_NR_53,5*2+1
5214  C389 21 00 60             ld      hl,$6000
5215  C38C 11 01 60             ld      de,$6000         +1
5216  C38F 01 FF 01             ld      bc,16*32-1
5217  C392 36 00                ld      (hl),0
5218  C394 ED B0                ldir
5219  C396 21 00 60             ld hl,$6000
5220  C399 11 01 60             ld de,$6001
5221  C39C 01 00 02             ld bc,32*16
5222  C39F 75                   ld (hl),l
5223  C3A0 ED B0                ldir
5224  C3A2 11 00 64             ld de,$6000 + 32*32
5225  C3A5
5226  C3A5                      ; convert ROM font to 4bpp tiles by code
5227  C3A5 21 00 3D             ld      hl,MEM_ROM_CHARS_3C00 + 32*8
5228  C3A8 06 60                ld      b,128-' '
5229  C3AA              .RomCharsLoop
5230  C3AA CD 59 C3             call    ConvertRomCharTo4bpp
5231  C3AD 10 FB                djnz    .RomCharsLoop
5232  C3AF
5233  C3AF 21 35 E7             ld hl,specialchar
5234  C3B2 11 00 62             ld de,$6000+32*16
5235  C3B5 01 00 02             ld bc,specialchar2-specialchar
5236  C3B8
5237  C3B8 ED B0                ldir
5238  C3BA
5239  C3BA ED 91 07 03          nextreg TURBO_CONTROL_NR_07,3             ; 28Mhz mode
5240  C3BE ED 91 15 63          nextreg SPRITE_CONTROL_NR_15,%01100011    ; layer priority: USL
5241  C3C2 ED 91 4A 00          nextreg TRANSPARENCY_FALLBACK_COL_NR_4A,0 ; black transparency fallback color
5242  C3C6 ED 91 4C 0F          nextreg TILEMAP_TRANSPARENCY_I_NR_4C,$0F
5243  C3CA ED 91 68 80          nextreg ULA_CONTROL_NR_68,$80             ; disable ULA layer
5244  C3CE ED 91 69 00          nextreg DISPLAY_CONTROL_NR_69,0           ; layer2 off, bank 5, timex=0
5245  C3D2 ED 91 6B C3          nextreg TILEMAP_CONTROL_NR_6B,%1100'0011    ; 80x32x2, 4bpp, pal0, 512tile-mode, force tile-over-ULA
5246  C3D6 ED 91 6C 00          nextreg TILEMAP_DEFAULT_ATTR_NR_6C,$00    ; no pal offset, no mirror/rot, 0 bit8
5247  C3DA ED 91 6E 40          nextreg TILEMAP_BASE_ADR_NR_6E,high $4000
5248  C3DE ED 91 6F 60          nextreg TILEMAP_GFX_ADR_NR_6F,high $6000
5249  C3E2
5250  C3E2 ED 91 1B 00          nextreg CLIP_TILEMAP_NR_1B,0
5251  C3E6 ED 91 1B 9F          nextreg CLIP_TILEMAP_NR_1B,159
5252  C3EA ED 91 1B 00          nextreg CLIP_TILEMAP_NR_1B,0
5253  C3EE ED 91 1B FF          nextreg CLIP_TILEMAP_NR_1B,255
5254  C3F2 ED 91 2F 00          nextreg TILEMAP_XOFFSET_MSB_NR_2F,0
5255  C3F6 ED 91 30 00          nextreg TILEMAP_XOFFSET_LSB_NR_30,0
5256  C3FA ED 91 31 00          nextreg TILEMAP_YOFFSET_NR_31,0
5257  C3FE
5258  C3FE
5259  C3FE                      ; set tilemap palette
5260  C3FE ED 91 43 30          nextreg PALETTE_CONTROL_NR_43,%0'011'0000 ; tilemap pal0
5261  C402 ED 91 40 00          nextreg PALETTE_INDEX_NR_40,0
5262  C406
5263  C406 21 08 F3             ld      hl,tilemapPalette
5264  C409 01 00 02             ld      bc,tilemapPalette_SZ
5265  C40C              .setPalLoop:
5266  C40C 7E                   ld      a,(hl)
5267  C40D 23                   inc     hl
5268  C40E ED 92 44             nextreg PALETTE_VALUE_9BIT_NR_44,a
5269  C411 0B                   dec bc
5270  C412 78                   ld a,b
5271  C413 B1                   or c
5272  C414 20 F6                jr nz,.setPalLoop
5273  C416 CD 30 C4             call vse_apply_configured_palette
5274  C419 21 00 40             ld hl,$4000
5275  C41C 11 01 40             ld de,$4001
5276  C41F 01 00 14             ld bc,80*32*2
5277  C422 36 00                ld (hl),0
5278  C424 ED B0                ldir
5279  C426
5280  C426 21 17 AB             ld hl,nadpis
5281  C429 11 00 40             ld de,#4000
5282  C42C 01 50 00             ld bc,80
5283  C42F C9                   ret
5284  C430
5285  C430              ; Overlay the 16 configurable background/foreground RGB333 pairs on the base
5286  C430              ; palette. The packed blue-bit tail keeps the persistent theme block at 36 B.
5287  C430              vse_apply_configured_palette
5288  C430 DD E5                push ix
5289  C432 ED 91 43 30          nextreg PALETTE_CONTROL_NR_43,%0'011'0000
5290  C436 21 B1 89             ld hl,cfgStyleColours
5291  C439 DD 21 D1 89          ld ix,cfgStyleColours+SETTINGS_COLOUR_PRIMARY_BYTES
5292  C43D DD 56 00             ld d,(ix+0)
5293  C440 1E 01                ld e,1
5294  C442 06 10                ld b,SETTINGS_STYLE_COUNT
5295  C444 0E 00                ld c,0
5296  C446              .group
5297  C446 79                   ld a,c
5298  C447 ED 92 40             nextreg PALETTE_INDEX_NR_40,a
5299  C44A CD 5F C4             call .write_colour
5300  C44D 79                   ld a,c
5301  C44E C6 03                add a,3
5302  C450 ED 92 40             nextreg PALETTE_INDEX_NR_40,a
5303  C453 CD 5F C4             call .write_colour
5304  C456 79                   ld a,c
5305  C457 C6 10                add a,16
5306  C459 4F                   ld c,a
5307  C45A 10 EA                djnz .group
5308  C45C DD E1                pop ix
5309  C45E C9                   ret
5310  C45F              .write_colour
5311  C45F 7E                   ld a,(hl)
5312  C460 23                   inc hl
5313  C461 ED 92 44             nextreg PALETTE_VALUE_9BIT_NR_44,a
5314  C464 7A                   ld a,d
5315  C465 A3                   and e
5316  C466 28 02                jr z,.blue_zero
5317  C468 3E 01                ld a,1
5318  C46A              .blue_zero
5319  C46A ED 92 44             nextreg PALETTE_VALUE_9BIT_NR_44,a
5320  C46D CB 03                rlc e
5321  C46F D0                   ret nc
5322  C470 DD 23                inc ix
5323  C472 DD 56 00             ld d,(ix+0)
5324  C475 C9                   ret
5325  C476
5326  C476                      MACRO emit_tilemap_palette
5327  C476 ~            tilemapPalette:
5328  C476 ~                            db  %000'000'10,0                 ; 0 tmavá navy R=0,G=0,B=4 (paper)				0
5329  C476 ~                            db  %001'001'11,0                 ; 1 (nepoužito)
5330  C476 ~                            db  %000'000'01,0                 ; 2 (nepoužito)
5331  C476 ~                            db  %110'110'11,1                 ; 3 stříbrná bílá R=6,G=6,B=7 (ink)
5332  C476 ~                            db  %110'001'00,1                 ; 4 red
5333  C476 ~                            db  %111'110'00,1                 ; 5 yellow
5334  C476 ~                            db  %000'100'00,0                 ; 6 green
5335  C476 ~                            ds 18
5336  C476 ~                            db  %000'000'01,0                 ; 0 velmi tmavá navy R=0,G=0,B=2 (paper)			16 - menu lišta, hodiny
5337  C476 ~                            db  %001'001'01,0                 ; 1 (nepoužito)
5338  C476 ~                            db  %000'000'00,1                 ; 2 (nepoužito)
5339  C476 ~                            db  %111'111'11,1                 ; 3 čistá bílá R=7,G=7,B=7 (ink)
5340  C476 ~                            db  %110'001'00,1                 ; 4 red
5341  C476 ~                            db  %111'110'00,1                 ; 5 yellow
5342  C476 ~                            db  %000'110'00,0                 ; 6 green
5343  C476 ~                            ds 18
5344  C476 ~                            db  %000'100'11,1                 ; 0 azure modrá R=0,G=4,B=7 (paper)				32 - kurzor, F-klávesy
5345  C476 ~                            db  %001'011'11,0                 ; 1 (nepoužito)
5346  C476 ~                            db  %000'010'11,0                 ; 2 (nepoužito)
5347  C476 ~                            db  %111'111'11,1                 ; 3 čistá bílá R=7,G=7,B=7 (ink)
5348  C476 ~                            db  %110'001'00,1                 ; 4 red
5349  C476 ~                            db  %111'110'00,1                 ; 5 yellow
5350  C476 ~                            db  %000'100'00,0                 ; 6 green
5351  C476 ~                            ds 18
5352  C476 ~                            db  %111'111'11,1                 ; 0 bílá R=7,G=7,B=7 (paper)					48 - menu popup kurzor
5353  C476 ~                            db  %100'100'10,1                 ; 1 (nepoužito)
5354  C476 ~                            db  %010'010'01,1                 ; 2 (nepoužito)
5355  C476 ~                            db  %000'000'00,0                 ; 3 černá (ink)
5356  C476 ~                            db  %110'001'00,1                 ; 4 red
5357  C476 ~                            db  %111'110'00,1                 ; 5 yellow
5358  C476 ~                            db  %000'100'00,0                 ; 6 green
5359  C476 ~                            ds 18
5360  C476 ~                            db  %011'101'00,1                 ; 0 (paper)						64 - výběr disku kurzor
5361  C476 ~                            db  %100'100'10,1                 ; 1 (nepoužito)
5362  C476 ~                            db  %010'010'01,1                 ; 2 (nepoužito)
5363  C476 ~                            db  %000'000'00,0                 ; 3 (ink)
5364  C476 ~                            db  %110'001'00,1                 ; 4 red
5365  C476 ~                            db  %111'110'00,1                 ; 5 yellow
5366  C476 ~                            db  %000'100'00,0                 ; 6 green
5367  C476 ~                            ds 18
5368  C476 ~                            db  %110'100'00,0                 ; 0 amber R=6,G=4,B=0 (paper)					80 - označený+kurzor
5369  C476 ~                            db  %100'100'10,1                 ; 1 (nepoužito)
5370  C476 ~                            db  %010'010'01,1                 ; 2 (nepoužito)
5371  C476 ~                            db  %000'000'00,0                 ; 3 černá (ink)
5372  C476 ~                            db  %110'001'00,1                 ; 4 red
5373  C476 ~                            db  %111'110'00,1                 ; 5 yellow
5374  C476 ~                            db  %000'100'00,0                 ; 6 green
5375  C476 ~                            ds 18
5376  C476 ~                            db  %100'011'00,0                 ; 0 tmavý amber R=4,G=3,B=0 (paper)				96 - označený
5377  C476 ~                            db  %100'100'10,1                 ; 1 (nepoužito)
5378  C476 ~                            db  %010'010'01,1                 ; 2 (nepoužito)
5379  C476 ~                            db  %000'000'00,0                 ; 3 černá (ink)
5380  C476 ~                            db  %110'001'00,1                 ; 4 red
5381  C476 ~                            db  %111'110'00,1                 ; 5 yellow
5382  C476 ~                            db  %000'100'00,0                 ; 6 green
5383  C476 ~                            ds 18
5384  C476 ~
5385  C476 ~                            db  %000'000'10,0                 ; 0 tmavá navy (paper)					112 - barva adresáře
5386  C476 ~                            db  %100'100'10,1                 ; 1 (nepoužito)
5387  C476 ~                            db  %010'010'01,1                 ; 2 (nepoužito)
5388  C476 ~                            db  %000'111'11,1                 ; 3 jasný cyan R=0,G=7,B=7 (ink)
5389  C476 ~                            db  %110'001'00,1                 ; 4 red
5390  C476 ~                            db  %111'110'00,1                 ; 5 yellow
5391  C476 ~                            db  %000'100'00,0                 ; 6 green
5392  C476 ~                            ds 18
5393  C476 ~
5394  C476 ~                            db  %000'000'10,0                 ; 0 tmavá navy (paper)					128 - spustitelné soubory
5395  C476 ~                            db  %100'111'00,1                 ; 1 (nepoužito)
5396  C476 ~                            db  %010'010'01,1                 ; 2 (nepoužito)
5397  C476 ~                            db  %010'111'00,0                 ; 3 lime zelená R=2,G=7,B=0 (ink)
5398  C476 ~                            db  %110'001'00,1                 ; 4 red
5399  C476 ~                            db  %111'110'00,1                 ; 5 yellow
5400  C476 ~                            db  %000'100'00,0                 ; 6 green
5401  C476 ~                            ds 18
5402  C476 ~
5403  C476 ~                            db  %011'000'00,0                 ; 0 modra (paper)					144 -
5404  C476 ~                            db  %100'111'00,1                 ; 1 light grey (25% ink)
5405  C476 ~                            db  %010'010'01,1                 ; 2 dark grey (75% ink)
5406  C476 ~                            db  %101'101'11,0                 ; 0 white-blueish (ink)
5407  C476 ~                            db  %110'001'00,1                 ; 4 red
5408  C476 ~                            db  %111'110'00,1                 ; 5 yellow
5409  C476 ~                            db  %000'110'00,0                 ; 6 green
5410  C476 ~                            ds 18
5411  C476 ~
5412  C476 ~                            db  %000'000'01,0                 ; 0 tmavá navy R=0,G=0,B=2 (shodné s group1)	160 - BAS plugin: barva klicovych slov
5413  C476 ~                            ds 4                              ; 1-2 (nezajima)
5414  C476 ~                            db  %111'111'00,0                 ; 3 zluta ink (R=7,G=7,B=0)
5415  C476 ~                            ds 24                             ; 4-15 (nezajima)
5416  C476 ~
5417  C476 ~                            db  %000'000'01,0                 ; 0 tmavá navy (shodné s group1)			176 - BAS plugin: barva cisel radku
5418  C476 ~                            ds 4
5419  C476 ~                            db  %000'111'00,0                 ; 3 zelena ink (R=0,G=7,B=0)
5420  C476 ~                            ds 24
5421  C476 ~
5422  C476 ~                            db  %000'000'01,0                 ; 0 tmavá navy (shodné s group1)			192 - BAS plugin: barva REM komentaru
5423  C476 ~                            ds 4
5424  C476 ~                            db  %000'111'11,1                 ; 3 cyan ink (R=0,G=7,B=7)
5425  C476 ~                            ds 24
5426  C476 ~
5427  C476 ~                            db  %000'000'01,0                 ; 0 tmavá navy (shodné s group1)			208 - TAP title, VU metr: zelena
5428  C476 ~                            ds 4
5429  C476 ~                            db  %000'111'00,0                 ; 3 green ink (R=0,G=7,B=0)
5430  C476 ~                            ds 24
5431  C476 ~
5432  C476 ~                            db  %000'000'01,0                 ; 0 tmavá navy (shodné s group1)			224 - VU metr: zluta
5433  C476 ~                            ds 4
5434  C476 ~                            db  %111'111'00,0                 ; 3 yellow ink (R=7,G=7,B=0)
5435  C476 ~                            ds 24
5436  C476 ~
5437  C476 ~                            db  %000'000'01,0                 ; 0 tmavá navy (shodné s group1)			240 - VU metr: cervena
5438  C476 ~                            ds 4
5439  C476 ~                            db  %111'000'00,0                 ; 3 red ink (R=7,G=0,B=0)
5440  C476 ~                            ds 24
5441  C476 ~
5442  C476 ~
5443  C476 ~
5444  C476 ~            tilemapPalette_SZ:  EQU $ - tilemapPalette
5445  C476                      ENDM
5446  C476
5447  C476 00           lftw	defb 0
5448  C477 01                   defb 1
5449  C478
5450  C478
5451  C478
5452  C478
5453  C478              changedrive
5454  C478 CD B6 7E             call savescr
5455  C47B CD D3 84             call NOBUFF83
5456  C47E 21 76 C4             ld hl,lftw
5457  C481 CD 48 7F             call ROZHOD
5458  C484 7E                   ld a,(hl)
5459  C485 B7                   or a
5460  C486 20 3D                jr nz,chngright
5461  C488 21 05 04             ld hl, 4 * 256 + 5
5462  C48B 01 11 1E             ld bc,30 * 256 + 17
5463  C48E 3E 10                ld a,16
5464  C490 CD 2C 81             call window
5465  C493
5466  C493 21 06 05             ld hl,5*256+6
5467  C496 3E 10                ld a,16
5468  C498 11 E3 84             ld de,changedrivetxt
5469  C49B CD 09 81             call print
5470  C49E
5471  C49E 21 16 14             ld hl,20*256+22
5472  C4A1 3E 10                ld a,16
5473  C4A3 11 EA 84             ld de,selecttxt
5474  C4A6 CD 09 81             call print
5475  C4A9 21 15 18             ld hl,24*256+21
5476  C4AC 3E 10                ld a,16
5477  C4AE 11 D4 8C             ld de,notxt
5478  C4B1 CD 09 81             call print
5479  C4B4
5480  C4B4 3A AB 75             ld a,(pocetdisku)
5481  C4B7 47                   ld b,a
5482  C4B8 11 9C 75             ld de,listdisc
5483  C4BB D9                   exx
5484  C4BC 21 BE 83             ld hl,discdetail
5485  C4BF D9                   exx
5486  C4C0 21 0E 45             ld hl,$4000 + 160*8 + 14
5487  C4C3 18 3B                jr chngdrv0
5488  C4C5              chngright
5489  C4C5 21 05 2C             ld hl,44 * 256 + 5
5490  C4C8 01 11 1E             ld bc,30 * 256 + 17
5491  C4CB 3E 10                ld a,16
5492  C4CD CD 2C 81             call window
5493  C4D0
5494  C4D0 21 06 2D             ld hl,45*256+6
5495  C4D3 3E 10                ld a,16
5496  C4D5 11 E3 84             ld de,changedrivetxt
5497  C4D8 CD 09 81             call print
5498  C4DB
5499  C4DB 21 16 3C             ld hl,60*256+22
5500  C4DE 3E 10                ld a,16
5501  C4E0 11 EA 84             ld de,selecttxt
5502  C4E3 CD 09 81             call print
5503  C4E6 21 15 40             ld hl,64*256+21
5504  C4E9 3E 10                ld a,16
5505  C4EB 11 D4 8C             ld de,notxt
5506  C4EE CD 09 81             call print
5507  C4F1
5508  C4F1 3A AB 75             ld a,(pocetdisku)
5509  C4F4 47                   ld b,a
5510  C4F5 11 9C 75             ld de,listdisc
5511  C4F8 D9                   exx
5512  C4F9 21 BE 83             ld hl,discdetail
5513  C4FC D9                   exx
5514  C4FD 21 5E 45             ld hl,$4000 + 160*8 + 16 + 78
5515  C500
5516  C500              chngdrv0
5517  C500 1A                   ld a,(de)
5518  C501 77                   ld (hl),a
5519  C502 23                   inc hl
5520  C503 36 10                ld (hl),16
5521  C505 23                   inc hl
5522  C506 36 3A                ld (hl),":"
5523  C508 23                   inc hl
5524  C509 36 10                ld (hl),16
5525  C50B 23                   inc hl
5526  C50C E5                   push hl
5527  C50D
5528  C50D D9                   exx
5529  C50E 7E                   ld a,(hl)
5530  C50F 23                   inc hl
5531  C510 D9                   exx
5532  C511 FE 04                cp 4
5533  C513 E1                   pop hl
5534  C514 E5                   push hl
5535  C515 D5                   push de
5536  C516 F5                   push af
5537  C517 CC 9A C5             call z,showramdisc
5538  C51A F1                   pop af
5539  C51B F5                   push af
5540  C51C FE FF                cp 255
5541  C51E CC A2 C5             call z,showimagedisc
5542  C521 F1                   pop af
5543  C522 FE 05                cp 5
5544  C524 CC AA C5             call z,showsdcard
5545  C527 FE 06                cp 6
5546  C529 CC AA C5             call z,showsdcard
5547  C52C D1                   pop de
5548  C52D E1                   pop hl
5549  C52E D5                   push de
5550  C52F 11 9C 00             ld de,160-4
5551  C532 19                   add hl,de
5552  C533 D1                   pop de
5553  C534 13                   inc de
5554  C535 10 C9                djnz chngdrv0
5555  C537 3E 40                ld a,64
5556  C539 CD EF 85             call writecurdrv
5557  C53C              chng0
5558  C53C AF                   xor a
5559  C53D 32 4E 73             ld (TLACITKO),a
5560  C540 CD AA 7F             call INKEY
5561  C543 FE 0A                cp 10
5562  C545 28 35                jr z,curchngdown
5563  C547
5564  C547 FE 0B                cp 11
5565  C549 28 15                jr z,curchngup
5566  C54B FE 01                cp 1
5567  C54D 28 08                jr z,cancel
5568  C54F FE 0D                cp 13
5569  C551 CA F0 84             jp z,enterdrv
5570  C554 C3 3C C5             jp chng0
5571  C557 CD CA 7E     cancel	call loadscr
5572  C55A CD 9C A8             call zobraz_nadpis
5573  C55D C3 83 72             jp loop0
5574  C560              curchngup
5575  C560 3A 0E 87             ld a,(posdrv)
5576  C563 FE 00                cp 0
5577  C565 CA 3C C5             jp z,chng0
5578  C568
5579  C568 3E 10                ld a,16
5580  C56A CD EF 85             call writecurdrv
5581  C56D 3A 0E 87             ld a,(posdrv)
5582  C570 3D                   dec a
5583  C571 32 0E 87             ld (posdrv),a
5584  C574 3E 40                ld a,64
5585  C576 CD EF 85             call writecurdrv
5586  C579
5587  C579 C3 3C C5             jp chng0
5588  C57C
5589  C57C
5590  C57C              curchngdown
5591  C57C 3A 0E 87             ld a,(posdrv)
5592  C57F 3C                   inc a
5593  C580 21 AB 75             ld hl,pocetdisku
5594  C583 BE                   cp (hl)
5595  C584 28 B6                jr z,chng0
5596  C586
5597  C586 3E 10                ld a,16
5598  C588 CD EF 85             call writecurdrv
5599  C58B 3A 0E 87             ld a,(posdrv)
5600  C58E 3C                   inc a
5601  C58F 32 0E 87             ld (posdrv),a
5602  C592 3E 40                ld a,64
5603  C594 CD EF 85             call writecurdrv
5604  C597 C3 3C C5             jp chng0
5605  C59A
5606  C59A              showramdisc
5607  C59A 11 C9 85             ld de,ramdisc
5608  C59D CD B2 C5             call showtyp
5609  C5A0 AF                   xor a
5610  C5A1 C9                   ret
5611  C5A2              showimagedisc
5612  C5A2 11 D4 85             ld de,image
5613  C5A5 CD B2 C5             call showtyp
5614  C5A8 AF                   xor a
5615  C5A9 C9                   ret
5616  C5AA
5617  C5AA              showsdcard
5618  C5AA 11 E4 85             ld de,sdcard
5619  C5AD CD B2 C5             call showtyp
5620  C5B0 AF                   xor a
5621  C5B1 C9                   ret
5622  C5B2
5623  C5B2              showtyp
5624  C5B2 1A                   ld a,(de)
5625  C5B3 B7                   or a
5626  C5B4 C8                   ret z
5627  C5B5 77           shwtyp0	ld (hl),a
5628  C5B6 23                   inc hl
5629  C5B7 36 10                ld (hl),16
5630  C5B9 23                   inc hl
5631  C5BA 13                   inc de
5632  C5BB 18 F5                jr showtyp
5633  C5BD
5634  C5BD
5635  C5BD              down
5636  C5BD 21 4F 87             ld hl,ALLFILES
5637  C5C0 CD 50 7F             call ROZHOD2
5638  C5C3 7E                   ld a,(hl)
5639  C5C4 23                   inc hl
5640  C5C5 66                   ld h,(hl)
5641  C5C6 B4                   or h
5642  C5C7 CA 9A C6             jp z,down_cancel
5643  C5CA
5644  C5CA
5645  C5CA
5646  C5CA 21 A3 89             ld hl,POSKURZL
5647  C5CD CD 48 7F             call ROZHOD
5648  C5D0 7E                   ld a,(hl)
5649  C5D1 FE 1A                cp 26
5650  C5D3 28 5B                jr z,down0
5651  C5D5 F5                   push af
5652  C5D6
5653  C5D6 21 A9 89             ld hl,STARTWINL
5654  C5D9 CD 50 7F             call ROZHOD2
5655  C5DC 7E                   ld a,(hl)
5656  C5DD 23                   inc hl
5657  C5DE 66                   ld h,(hl)
5658  C5DF 6F                   ld l,a
5659  C5E0 F1                   pop af
5660  C5E1 5F                   ld e,a
5661  C5E2 16 00                ld d,0
5662  C5E4 19                   add hl,de
5663  C5E5 E5                   push hl
5664  C5E6 21 4F 87             ld hl,ALLFILES
5665  C5E9
5666  C5E9 CD 50 7F             call ROZHOD2
5667  C5EC 7E                   ld a,(hl)
5668  C5ED 23                   inc hl
5669  C5EE 66                   ld h,(hl)
5670  C5EF 6F                   ld l,a
5671  C5F0 2B                   dec hl
5672  C5F1 D1                   pop de
5673  C5F2 B7                   or a
5674  C5F3 ED 52                sbc hl,de
5675  C5F5 CA 9A C6             jp z,down_cancel
5676  C5F8
5677  C5F8 3E 00                ld a,0
5678  C5FA CD 18 7F             call writecur
5679  C5FD
5680  C5FD 21 A3 89             ld hl,POSKURZL
5681  C600 CD 48 7F             call ROZHOD
5682  C603
5683  C603 34                   inc (hl)
5684  C604 21 A5 89             ld hl,ALLPOSL
5685  C607 CD 50 7F             call ROZHOD2
5686  C60A E5                   push hl
5687  C60B 7E                   ld a,(hl)
5688  C60C 23                   inc hl
5689  C60D 66                   ld h,(hl)
5690  C60E 6F                   ld l,a
5691  C60F D1                   pop de
5692  C610 EB                   ex de,hl
5693  C611 13                   inc de
5694  C612 73                   ld (hl),e
5695  C613 23                   inc hl
5696  C614 72                   ld (hl),d
5697  C615
5698  C615
5699  C615 21 72 7E             ld hl,adrl
5700  C618 CD 50 7F             call ROZHOD2
5701  C61B 7E                   ld a,(hl)
5702  C61C 23                   inc hl
5703  C61D 66                   ld h,(hl)
5704  C61E 6F                   ld l,a
5705  C61F 22 A3 C8             ld (adrs+1),hl
5706  C622
5707  C622 CD 23 7D             call getroot
5708  C625
5709  C625 CD 4B C7             call showwin
5710  C628 3E 20                ld a,32
5711  C62A CD 18 7F             call writecur
5712  C62D C3 90 C6             jp down_finish
5713  C630
5714  C630              down0
5715  C630 F5                   push af
5716  C631
5717  C631 21 A9 89             ld hl,STARTWINL
5718  C634 CD 50 7F             call ROZHOD2
5719  C637 7E                   ld a,(hl)
5720  C638 23                   inc hl
5721  C639 66                   ld h,(hl)
5722  C63A 6F                   ld l,a
5723  C63B F1                   pop af
5724  C63C 5F                   ld e,a
5725  C63D 16 00                ld d,0
5726  C63F 19                   add hl,de
5727  C640 E5                   push hl
5728  C641 21 4F 87             ld hl,ALLFILES
5729  C644
5730  C644 CD 50 7F             call ROZHOD2
5731  C647 7E                   ld a,(hl)
5732  C648 23                   inc hl
5733  C649 66                   ld h,(hl)
5734  C64A 6F                   ld l,a
5735  C64B 2B                   dec hl
5736  C64C D1                   pop de
5737  C64D B7                   or a
5738  C64E ED 52                sbc hl,de
5739  C650 CA 9A C6             jp z,down_cancel
5740  C653
5741  C653 21 A5 89             ld hl,ALLPOSL
5742  C656 CD 50 7F             call ROZHOD2
5743  C659 E5                   push hl
5744  C65A 7E                   ld a,(hl)
5745  C65B 23                   inc hl
5746  C65C 66                   ld h,(hl)
5747  C65D 6F                   ld l,a
5748  C65E D1                   pop de
5749  C65F EB                   ex de,hl
5750  C660 13                   inc de
5751  C661 73                   ld (hl),e
5752  C662 23                   inc hl
5753  C663 72                   ld (hl),d
5754  C664
5755  C664 21 A9 89             ld hl,STARTWINL
5756  C667 CD 50 7F             call ROZHOD2
5757  C66A E5                   push hl
5758  C66B 7E                   ld a,(hl)
5759  C66C 23                   inc hl
5760  C66D 66                   ld h,(hl)
5761  C66E 6F                   ld l,a
5762  C66F D1                   pop de
5763  C670
5764  C670 EB                   ex de,hl
5765  C671 13                   inc de
5766  C672 73                   ld (hl),e
5767  C673 23                   inc hl
5768  C674 72                   ld (hl),d
5769  C675
5770  C675 21 72 7E             ld hl,adrl
5771  C678 CD 50 7F             call ROZHOD2
5772  C67B 7E                   ld a,(hl)
5773  C67C 23                   inc hl
5774  C67D 66                   ld h,(hl)
5775  C67E 6F                   ld l,a
5776  C67F 22 A3 C8             ld (adrs+1),hl
5777  C682
5778  C682 CD 23 7D             call getroot
5779  C685
5780  C685 CD 4B C7             call showwin
5781  C688 3E 20                ld a,32
5782  C68A CD 18 7F             call writecur
5783  C68D C3 90 C6             jp down_finish
5784  C690
5785  C690              down_finish
5786  C690 3A 5E BB             ld a,(viewNextAfterDown)
5787  C693 B7                   or a
5788  C694 CA 83 72             jp z,loop0
5789  C697 C3 AA AE             jp view_file
5790  C69A
5791  C69A              down_cancel
5792  C69A AF                   xor a
5793  C69B 32 5E BB             ld (viewNextAfterDown),a
5794  C69E C3 83 72             jp loop0
5795  C6A1
5796  C6A1
5797  C6A1              up
5798  C6A1 21 4F 87             ld hl,ALLFILES
5799  C6A4 CD 50 7F             call ROZHOD2
5800  C6A7 7E                   ld a,(hl)
5801  C6A8 23                   inc hl
5802  C6A9 66                   ld h,(hl)
5803  C6AA B4                   or h
5804  C6AB CA 83 72             jp z,loop0
5805  C6AE
5806  C6AE 21 A3 89             ld hl,POSKURZL
5807  C6B1 CD 48 7F             call ROZHOD
5808  C6B4 7E                   ld a,(hl)
5809  C6B5 B7                   or a
5810  C6B6 28 38                jr z,up0
5811  C6B8
5812  C6B8 3E 00                ld a,0
5813  C6BA CD 18 7F             call writecur
5814  C6BD 21 A3 89             ld hl,POSKURZL
5815  C6C0 CD 48 7F             call ROZHOD
5816  C6C3 35                   dec (hl)
5817  C6C4
5818  C6C4
5819  C6C4 21 A5 89             ld hl,ALLPOSL
5820  C6C7 CD 50 7F             call ROZHOD2
5821  C6CA E5                   push hl
5822  C6CB 7E                   ld a,(hl)
5823  C6CC 23                   inc hl
5824  C6CD 66                   ld h,(hl)
5825  C6CE 6F                   ld l,a
5826  C6CF D1                   pop de
5827  C6D0 EB                   ex de,hl
5828  C6D1 1B                   dec de
5829  C6D2 73                   ld (hl),e
5830  C6D3 23                   inc hl
5831  C6D4 72                   ld (hl),d
5832  C6D5
5833  C6D5
5834  C6D5 21 72 7E             ld hl,adrl
5835  C6D8 CD 50 7F             call ROZHOD2
5836  C6DB 7E                   ld a,(hl)
5837  C6DC 23                   inc hl
5838  C6DD 66                   ld h,(hl)
5839  C6DE 6F                   ld l,a
5840  C6DF 22 A3 C8             ld (adrs+1),hl
5841  C6E2
5842  C6E2 CD 23 7D             call getroot
5843  C6E5
5844  C6E5
5845  C6E5 CD 4B C7             call showwin
5846  C6E8 3E 20                ld a,32
5847  C6EA CD 18 7F             call writecur
5848  C6ED C3 83 72             jp loop0
5849  C6F0
5850  C6F0              up0
5851  C6F0              UP0
5852  C6F0
5853  C6F0 21 8F 87             ld hl,pathl
5854  C6F3 CD 50 7F             call ROZHOD2
5855  C6F6 7E                   ld a,(hl)
5856  C6F7 23                   inc hl
5857  C6F8 66                   ld h,(hl)
5858  C6F9 6F                   ld l,a
5859  C6FA 11 03 00             ld de,3
5860  C6FD 19                   add hl,de
5861  C6FE 7E                   ld a,(hl)
5862  C6FF FE FF                cp 255
5863  C701 28 07                jr z,upzero
5864  C703 3E 01                ld a,1
5865  C705 32 1A C7             ld (kolik+1),a
5866  C708 18 04                jr opcont
5867  C70A AF           upzero	xor a
5868  C70B 32 1A C7             ld (kolik+1),a
5869  C70E
5870  C70E              opcont
5871  C70E 21 A9 89             ld hl,STARTWINL
5872  C711 CD 50 7F             call ROZHOD2
5873  C714 E5                   push hl
5874  C715 7E                   ld a,(hl)
5875  C716 23                   inc hl
5876  C717 66                   ld h,(hl)
5877  C718 6F                   ld l,a
5878  C719 11 00 00     kolik	ld de,0
5879  C71C B7                   or a
5880  C71D 22 29 C7             ld (usavehl+1),hl
5881  C720 ED 52                sbc hl,de
5882  C722                      ; add hl,de
5883  C722 D1                   pop de
5884  C723 7D                   ld a,l
5885  C724 B4                   or h
5886  C725 CA 83 72             jp z,loop0
5887  C728 21 00 00     usavehl	ld hl,0
5888  C72B                      ; or a
5889  C72B                      ; sbc hl,bc
5890  C72B EB                   ex de,hl
5891  C72C 1B                   dec de
5892  C72D 73                   ld (hl),e
5893  C72E 23                   inc hl
5894  C72F 72                   ld (hl),d
5895  C730
5896  C730
5897  C730 21 72 7E             ld hl,adrl
5898  C733 CD 50 7F             call ROZHOD2
5899  C736 7E                   ld a,(hl)
5900  C737 23                   inc hl
5901  C738 66                   ld h,(hl)
5902  C739 6F                   ld l,a
5903  C73A 22 A3 C8             ld (adrs+1),hl
5904  C73D
5905  C73D CD 23 7D             call getroot
5906  C740
5907  C740 CD 4B C7             call showwin
5908  C743 3E 20                ld a,32
5909  C745 CD 18 7F             call writecur
5910  C748
5911  C748
5912  C748 C3 83 72             jp loop0
5913  C74B
5914  C74B                      ; znova vykresli okna
5915  C74B              showwin
5916  C74B 21 4F 87             ld hl,ALLFILES
5917  C74E CD 50 7F             call ROZHOD2
5918  C751 7E                   ld a,(hl)
5919  C752 23                   inc hl
5920  C753 66                   ld h,(hl)
5921  C754 B4                   or h
5922  C755 C8                   ret z
5923  C756
5924  C756
5925  C756 21 A9 89             ld hl,STARTWINL
5926  C759 CD 50 7F             call ROZHOD2
5927  C75C 7E                   ld a,(hl)
5928  C75D 23                   inc hl
5929  C75E 66                   ld h,(hl)
5930  C75F 6F                   ld l,a
5931  C760
5932  C760 3E 02                ld a,2
5933  C762 32 9D C8             ld (ypos+1),a                             ; vynuluj Y pozici
5934  C765
5935  C765 E5                   push hl
5936  C766 21 4F 87             ld hl,ALLFILES
5937  C769 CD 50 7F             call ROZHOD2
5938  C76C 7E                   ld a,(hl)
5939  C76D 23                   inc hl
5940  C76E 46                   ld b,(hl)
5941  C76F 4F                   ld c,a
5942  C770
5943  C770 60                   ld h,b
5944  C771 69                   ld l,c
5945  C772 E5                   push hl
5946  C773
5947  C773 21 8F 87             ld hl,pathl
5948  C776 CD 50 7F             call ROZHOD2
5949  C779 7E                   ld a,(hl)
5950  C77A 23                   inc hl
5951  C77B 66                   ld h,(hl)
5952  C77C 6F                   ld l,a
5953  C77D
5954  C77D 11 03 00             ld de,3
5955  C780 19                   add hl,de
5956  C781 7E                   ld a,(hl)
5957  C782 FE FF                cp 255
5958  C784 28 11                jr z,sw0
5959  C786 2B                   dec hl
5960  C787 7E                   ld a,(hl)
5961  C788
5962  C788 FE FF                cp 255
5963  C78A 28 06                jr z,ssw0
5964  C78C 21 01 00             ld hl,1
5965  C78F
5966  C78F 0B                   dec bc
5967  C790 18 05                jr sw0
5968  C792 D1           ssw0	pop de
5969  C793 E1                   pop hl
5970  C794 2B                   dec hl
5971  C795 E5                   push hl
5972  C796 D5                   push de
5973  C797              sw0
5974  C797
5975  C797 E1                   pop hl
5976  C798 11 1C 00             ld de,28
5977  C79B B7                   or a
5978  C79C ED 52                sbc hl,de
5979  C79E 38 03                jr c,SSS
5980  C7A0 01 1B 00             ld bc,27
5981  C7A3
5982  C7A3
5983  C7A3 E1           SSS		pop hl
5984  C7A4              showloop
5985  C7A4 E5                   push hl
5986  C7A5 C5                   push bc
5987  C7A6
5988  C7A6 23                   inc hl
5989  C7A7
5990  C7A7 CD 65 7F             call find83
5991  C7AA CD C2 84             call BUFF83
5992  C7AD
5993  C7AD
5994  C7AD 2A 96 7F             ld hl,(foundfile)
5995  C7B0 CB 7E                bit 7,(hl)                                ; testuj jestli je soubor označený
5996  C7B2 28 07                jr z,nonselect
5997  C7B4 3E 50                ld a,80
5998  C7B6 32 B6 C8             ld (inkcolor+1),a
5999  C7B9 18 05                jr isselect
6000  C7BB              nonselect
6001  C7BB 3E 00                ld a,0
6002  C7BD 32 B6 C8             ld (inkcolor+1),a
6003  C7C0              isselect
6004  C7C0 2A A3 7F             ld hl,(TMP83+11)
6005  C7C3 22 DC C8             ld (velikost+1),hl
6006  C7C6 C1                   pop bc
6007  C7C7 E1                   pop hl
6008  C7C8 E5                   push hl
6009  C7C9 C5                   push bc
6010  C7CA
6011  C7CA E5                   push hl
6012  C7CB F5                   push af
6013  C7CC
6014  C7CC                      ; obarveni adresaru
6015  C7CC 21 9F 7F             ld hl,TMP83 +7
6016  C7CF CB 7E                bit 7,(hl)
6017  C7D1 28 0C                jr z,neni_to_adresar
6018  C7D3 3A B6 C8             ld a,(inkcolor+1)
6019  C7D6 FE 50                cp 80
6020  C7D8 28 05                jr z,neni_to_adresar
6021  C7DA 3E 70                ld a,112
6022  C7DC 32 B6 C8             ld (inkcolor+1),a
6023  C7DF
6024  C7DF
6025  C7DF              neni_to_adresar
6026  C7DF
6027  C7DF F1                   pop af
6028  C7E0 E1                   pop hl
6029  C7E1
6030  C7E1 CD C1 D1     XXXX	call FINDLFN
6031  C7E4 CD AE 83             call basicpage
6032  C7E7 21 AB 9D             ld hl,LFNNAME + 230
6033  C7EA              NajdiPrvniNemezeru
6034  C7EA 7E                   ld a,(hl)
6035  C7EB FE 20                cp $20
6036  C7ED 20 03                jr nz,TUU
6037  C7EF 2B                   dec hl
6038  C7F0 18 F8                jr NajdiPrvniNemezeru
6039  C7F2
6040  C7F2 23           TUU		inc hl
6041  C7F3 AF                   xor a
6042  C7F4 77                   ld (hl),a
6043  C7F5 21 C5 9C             ld hl,LFNNAME
6044  C7F8 11 D7 7A             ld de,ext_tap
6045  C7FB CD AD 7A             call pripony
6046  C7FE CA 87 C8             jp z,obarvi_spustitelny_soubor
6047  C801
6048  C801 21 C5 9C             ld hl,LFNNAME
6049  C804 11 DB 7A             ld de,ext_TAP
6050  C807 CD AD 7A             call pripony
6051  C80A CA 87 C8             jp z,obarvi_spustitelny_soubor
6052  C80D
6053  C80D 21 C5 9C             ld hl,LFNNAME
6054  C810 11 CF 7A             ld de,ext_nex
6055  C813 CD AD 7A             call pripony
6056  C816 CA 87 C8             jp z,obarvi_spustitelny_soubor
6057  C819
6058  C819 21 C5 9C             ld hl,LFNNAME
6059  C81C 11 D3 7A             ld de,ext_NEX
6060  C81F CD AD 7A             call pripony
6061  C822 CA 87 C8             jp z,obarvi_spustitelny_soubor
6062  C825
6063  C825 21 C5 9C             ld hl,LFNNAME
6064  C828 11 EF 7A             ld de,ext_sna
6065  C82B CD AD 7A             call pripony
6066  C82E CA 87 C8             jp z,obarvi_spustitelny_soubor
6067  C831
6068  C831 21 C5 9C             ld hl,LFNNAME
6069  C834 11 F3 7A             ld de,ext_SNA
6070  C837 CD AD 7A             call pripony
6071  C83A CA 87 C8             jp z,obarvi_spustitelny_soubor
6072  C83D
6073  C83D 21 C5 9C             ld hl,LFNNAME
6074  C840 11 E7 7A             ld de,ext_snx
6075  C843 CD AD 7A             call pripony
6076  C846 CA 87 C8             jp z,obarvi_spustitelny_soubor
6077  C849
6078  C849 21 C5 9C             ld hl,LFNNAME
6079  C84C 11 EB 7A             ld de,ext_SNX
6080  C84F CD AD 7A             call pripony
6081  C852 CA 87 C8             jp z,obarvi_spustitelny_soubor
6082  C855
6083  C855 21 C5 9C             ld hl,LFNNAME
6084  C858 11 DF 7A             ld de,ext_z80
6085  C85B CD AD 7A             call pripony
6086  C85E CA 87 C8             jp z,obarvi_spustitelny_soubor
6087  C861
6088  C861 21 C5 9C             ld hl,LFNNAME
6089  C864 11 E3 7A             ld de,ext_Z80
6090  C867 CD AD 7A             call pripony
6091  C86A CA 87 C8             jp z,obarvi_spustitelny_soubor
6092  C86D
6093  C86D 21 C5 9C             ld hl,LFNNAME
6094  C870 11 F7 7A             ld de,ext_bas
6095  C873 CD AD 7A             call pripony
6096  C876 CA 87 C8             jp z,obarvi_spustitelny_soubor
6097  C879
6098  C879 21 C5 9C             ld hl,LFNNAME
6099  C87C 11 FB 7A             ld de,ext_BAS
6100  C87F CD AD 7A             call pripony
6101  C882 CA 87 C8             jp z,obarvi_spustitelny_soubor
6102  C885
6103  C885
6104  C885 18 0C                jr SSSS
6105  C887              obarvi_spustitelny_soubor
6106  C887
6107  C887 2A 96 7F             ld hl,(foundfile)
6108  C88A CB 7E                bit 7,(hl)                                ; testuj jestli je soubor označený
6109  C88C 20 05                jr nz,SSSS
6110  C88E
6111  C88E 3E 80                ld a,128
6112  C890 32 B6 C8             ld (inkcolor+1),a
6113  C893              SSSS
6114  C893 3A B6 C8             ld a,(inkcolor+1)
6115  C896 CD 08 81             call cc_map_palette_attr
6116  C899 32 B6 C8             ld (inkcolor+1),a
6117  C89C
6118  C89C 1E 02        ypos	ld e,2
6119  C89E 16 A0                ld d,80 * 2
6120  C8A0 ED 30                mul d,e
6121  C8A2 21 02 40     adrs	ld hl,$4000 + 2
6122  C8A5
6123  C8A5 19                   add hl,de
6124  C8A6 EB                   ex de,hl
6125  C8A7 21 C5 9C             ld hl,LFNNAME
6126  C8AA
6127  C8AA 01 1F 00             ld bc,31
6128  C8AD 7E           shw0	ld a,(hl)
6129  C8AE FE FF                cp 255
6130  C8B0 28 0C                jr z,shw01
6131  C8B2 12                   ld (de),a
6132  C8B3 13                   inc de
6133  C8B4 23                   inc hl
6134  C8B5 3E 00        inkcolor ld a,0
6135  C8B7 12                   ld (de),a
6136  C8B8 13                   inc de
6137  C8B9 0B                   dec bc
6138  C8BA 78                   ld a,b
6139  C8BB B1                   or c
6140  C8BC 20 EF                jr nz,shw0
6141  C8BE
6142  C8BE              shw01
6143  C8BE 21 9F 7F             ld hl,TMP83 +7
6144  C8C1 CB 7E                bit 7,(hl)
6145  C8C3 28 16                jr z,shw20
6146  C8C5
6147  C8C5 21 E8 8B     dir		ld hl,dirext
6148  C8C8 01 07 00             ld bc,5+2
6149  C8CB 7E           shw1	ld a,(hl)
6150  C8CC
6151  C8CC 12                   ld (de),a
6152  C8CD 13                   inc de
6153  C8CE 23                   inc hl
6154  C8CF 3A B6 C8             ld a,(inkcolor+1)
6155  C8D2 12                   ld (de),a
6156  C8D3 13                   inc de
6157  C8D4 0B                   dec bc
6158  C8D5 78                   ld a,b
6159  C8D6 B1                   or c
6160  C8D7 20 F2                jr nz,shw1
6161  C8D9 18 38                jr shw3
6162  C8DB
6163  C8DB
6164  C8DB              shw20
6165  C8DB 21 00 00     velikost ld hl,0
6166  C8DE
6167  C8DE
6168  C8DE D5                   push de
6169  C8DF CD 57 7D             call NUM
6170  C8E2 21 4E 7D             ld hl,NUMBUF
6171  C8E5
6172  C8E5 06 05                ld b,5
6173  C8E7 7E           vel1	ld a,(hl)
6174  C8E8 FE 30                cp "0"
6175  C8EA 20 05                jr nz,vel2
6176  C8EC 36 20                ld (hl)," "
6177  C8EE 23                   inc hl
6178  C8EF 10 F6                djnz vel1
6179  C8F1 D1           vel2	pop de
6180  C8F2 21 4E 7D             ld hl,NUMBUF
6181  C8F5 06 05        shw2	ld b,5
6182  C8F7 7E           sh		ld a,(hl)
6183  C8F8 12                   ld (de),a
6184  C8F9 3A B6 C8             ld a,(inkcolor+1)
6185  C8FC 13                   inc de
6186  C8FD 12                   ld (de),a
6187  C8FE 13                   inc de
6188  C8FF 23                   inc hl
6189  C900 10 F5                djnz sh
6190  C902
6191  C902 3E 6B                ld a,"k"
6192  C904 12                   ld (de),a
6193  C905 13                   inc de
6194  C906 3A B6 C8             ld a,(inkcolor+1)
6195  C909 12                   ld (de),a
6196  C90A 13                   inc de
6197  C90B 3E 42                ld a,"B"
6198  C90D 12                   ld (de),a
6199  C90E 13                   inc de
6200  C90F 3A B6 C8             ld a,(inkcolor+1)
6201  C912 12                   ld (de),a
6202  C913 C1           shw3	pop bc
6203  C914 E1                   pop hl
6204  C915 23                   inc hl
6205  C916
6206  C916 3A 9D C8             ld a,(ypos+1)
6207  C919 3C                   inc a
6208  C91A 32 9D C8             ld (ypos+1),a
6209  C91D 0B                   dec bc
6210  C91E 78                   ld a,b
6211  C91F B1                   or c
6212  C920 C2 A4 C7             jp nz,showloop
6213  C923
6214  C923 CD D3 84             call NOBUFF83
6215  C926 C9                   ret
6216  C927
6217  C927
6218  C927              leftcur
6219  C927 21 4F 87             ld hl,ALLFILES
6220  C92A CD 50 7F             call ROZHOD2
6221  C92D 7E                   ld a,(hl)
6222  C92E 23                   inc hl
6223  C92F 66                   ld h,(hl)
6224  C930 B4                   or h
6225  C931 CA 83 72             jp z,loop0
6226  C934 21 A3 89             ld hl,POSKURZL
6227  C937 CD 48 7F             call ROZHOD
6228  C93A 22 23 CA             ld (smcur+1),hl
6229  C93D 7E                   ld a,(hl)
6230  C93E B7                   or a
6231  C93F 28 11                jr z,leftcur0
6232  C941 3E 00                ld a,0
6233  C943
6234  C943 E5                   push hl
6235  C944 CD 18 7F             call writecur
6236  C947 E1                   pop hl
6237  C948 AF                   xor a
6238  C949 77                   ld (hl),a
6239  C94A 3E 20                ld a,32
6240  C94C CD 18 7F             call writecur
6241  C94F C3 83 72             jp loop0
6242  C952
6243  C952
6244  C952              leftcur0
6245  C952              LFT0
6246  C952 21 00 00             ld hl,0
6247  C955 E5                   push hl
6248  C956 21 8F 87             ld hl,pathl
6249  C959 CD 50 7F             call ROZHOD2
6250  C95C 7E                   ld a,(hl)
6251  C95D 23                   inc hl
6252  C95E 66                   ld h,(hl)
6253  C95F 6F                   ld l,a
6254  C960 11 03 00             ld de,3
6255  C963 19                   add hl,de
6256  C964 7E                   ld a,(hl)
6257  C965 FE FF                cp 255
6258  C967 E1                   pop hl
6259  C968 28 01                jr z,leftcur1
6260  C96A 23                   inc hl
6261  C96B              leftcur1
6262  C96B 22 8E C9             ld (leftcur_porovnej + 1),hl
6263  C96E
6264  C96E
6265  C96E 21 A3 89             ld hl,POSKURZL
6266  C971 CD 48 7F             call ROZHOD
6267  C974 7E                   ld a,(hl)
6268  C975 6F                   ld l,a
6269  C976 26 00                ld h,0
6270  C978
6271  C978 E5                   push hl
6272  C979 21 A9 89             ld hl,STARTWINL
6273  C97C CD 50 7F             call ROZHOD2
6274  C97F 22 B1 C9             ld (pocatekleft+1),hl
6275  C982 7E                   ld a,(hl)
6276  C983 23                   inc hl
6277  C984 66                   ld h,(hl)
6278  C985 6F                   ld l,a
6279  C986
6280  C986 EB                   ex de,hl
6281  C987 E1                   pop hl
6282  C988 19                   add hl,de
6283  C989 23                   inc hl                                    ; aktualni pozice v HL
6284  C98A 22 A4 C9             ld (aktpos+1),hl
6285  C98D
6286  C98D              leftcur_porovnej
6287  C98D 11 00 00             ld de,0
6288  C990 B7                   or a
6289  C991 ED 52                sbc hl,de
6290  C993 19                   add hl,de
6291  C994 CA 83 72             jp z,loop0                                ; odskoc pokud jsi na prvni pozici
6292  C997 11 1C 00             ld de,28
6293  C99A B7                   or a
6294  C99B ED 52                sbc hl,de
6295  C99D 19                   add hl,de
6296  C99E 38 0C                jr c,mensi_nez_28
6297  C9A0 11 1C 00             ld de,28
6298  C9A3 21 00 00     aktpos	ld hl,0
6299  C9A6 B7                   or a
6300  C9A7 ED 52                sbc hl,de
6301  C9A9 EB                   ex de,hl
6302  C9AA 18 04                jr pocatekleft
6303  C9AC              mensi_nez_28
6304  C9AC
6305  C9AC ED 5B 8E C9          ld de,(leftcur_porovnej + 1)
6306  C9B0              pocatekleft
6307  C9B0 21 00 00             ld hl,0
6308  C9B3 73                   ld (hl),e
6309  C9B4 23                   inc hl
6310  C9B5 72                   ld (hl),d
6311  C9B6                      ; vykresli znova okno
6312  C9B6 21 72 7E             ld hl,adrl
6313  C9B9 CD 50 7F             call ROZHOD2
6314  C9BC 7E                   ld a,(hl)
6315  C9BD 23                   inc hl
6316  C9BE 66                   ld h,(hl)
6317  C9BF 6F                   ld l,a
6318  C9C0 22 A3 C8             ld (adrs+1),hl
6319  C9C3
6320  C9C3 CD 23 7D             call getroot
6321  C9C6
6322  C9C6 CD 4B C7             call showwin
6323  C9C9 3E 20                ld a,32
6324  C9CB CD 18 7F             call writecur
6325  C9CE C3 83 72             jp loop0
6326  C9D1
6327  C9D1              RGHT
6328  C9D1              rightcur
6329  C9D1 21 4F 87             ld hl,ALLFILES
6330  C9D4 CD 50 7F             call ROZHOD2
6331  C9D7 7E                   ld a,(hl)
6332  C9D8 23                   inc hl
6333  C9D9 66                   ld h,(hl)
6334  C9DA B4                   or h
6335  C9DB CA 83 72             jp z,loop0
6336  C9DE 21 A3 89             ld hl,POSKURZL
6337  C9E1 CD 48 7F             call ROZHOD
6338  C9E4 22 23 CA             ld (smcur+1),hl
6339  C9E7 7E                   ld a,(hl)
6340  C9E8 FE 1A                cp 26
6341  C9EA CA 37 CA             jp z,rightcur0                            ; zobraz další stránku
6342  C9ED
6343  C9ED 21 4F 87             ld hl,ALLFILES
6344  C9F0 CD 50 7F             call ROZHOD2
6345  C9F3 7E                   ld a,(hl)
6346  C9F4 23                   inc hl
6347  C9F5 56                   ld d,(hl)
6348  C9F6 5F                   ld e,a
6349  C9F7 1B                   dec de
6350  C9F8 D5                   push de
6351  C9F9 21 8F 87             ld hl,pathl
6352  C9FC CD 50 7F             call ROZHOD2
6353  C9FF 7E                   ld a,(hl)
6354  CA00 23                   inc hl
6355  CA01 66                   ld h,(hl)
6356  CA02 6F                   ld l,a
6357  CA03 11 03 00             ld de,3
6358  CA06 19                   add hl,de
6359  CA07 7E                   ld a,(hl)
6360  CA08 FE FF                cp 255
6361  CA0A D1                   pop de
6362  CA0B 28 01                jr z,aasw0
6363  CA0D
6364  CA0D 1B                   dec de
6365  CA0E              aasw0
6366  CA0E 21 1A 00             ld hl,26
6367  CA11 B7                   or a
6368  CA12 ED 52                sbc hl,de
6369  CA14 19                   add hl,de
6370  CA15 38 06                jr c,posledniradek
6371  CA17 7B                   ld a,e
6372  CA18 32 2E CA             ld (kamcur+1),a
6373  CA1B 18 05                jr smcur
6374  CA1D              posledniradek
6375  CA1D 3E 1A                ld a,26
6376  CA1F 32 2E CA             ld (kamcur+1),a
6377  CA22 21 00 00     smcur	ld hl,0
6378  CA25 3E 00                ld a,0
6379  CA27 CD 18 7F             call writecur
6380  CA2A 2A 23 CA     krcur	ld hl,(smcur+1)
6381  CA2D 36 1A        kamcur	ld (hl),26
6382  CA2F 3E 20                ld a,32
6383  CA31 CD 18 7F             call writecur
6384  CA34
6385  CA34 C3 83 72             jp loop0
6386  CA37
6387  CA37              rightcur0
6388  CA37
6389  CA37 21 A9 89             ld hl,STARTWINL
6390  CA3A CD 50 7F             call ROZHOD2
6391  CA3D 22 99 CA             ld (rightsedi+1),hl                       ; ulož adresu okna, které se bude vykreslovat
6392  CA40 7E                   ld a,(hl)
6393  CA41 23                   inc hl
6394  CA42 66                   ld h,(hl)
6395  CA43 6F                   ld l,a
6396  CA44 22 69 CA             ld (AKT+1),hl
6397  CA47 23                   inc hl
6398  CA48
6399  CA48 11 36 00             ld de,27 +27
6400  CA4B 19                   add hl,de
6401  CA4C E5                   push hl
6402  CA4D                      ; HL ... číslo souboru na kterém stojí kurzor + 26 (stránka)
6403  CA4D 21 4F 87             ld hl,ALLFILES
6404  CA50 CD 50 7F             call ROZHOD2
6405  CA53 7E                   ld a,(hl)
6406  CA54 23                   inc hl
6407  CA55 56                   ld d,(hl)
6408  CA56 5F                   ld e,a
6409  CA57 ED 53 66 CA          ld (MAXR+1),de
6410  CA5B 1B                   dec de
6411  CA5C 1B                   dec de
6412  CA5D E1                   pop hl
6413  CA5E                      ; DE ... počet všech souborů v aktuálním okně
6414  CA5E
6415  CA5E B7                   or a
6416  CA5F EB                   ex de,hl
6417  CA60 ED 52                sbc hl,de
6418  CA62 19                   add hl,de
6419  CA63
6420  CA63 38 2A                jr c,right12                              ; když se nesmí odstránkovat celých 26 souborů
6421  CA65 21 00 00     MAXR	ld hl,0
6422  CA68 21 00 00     AKT		ld hl,0
6423  CA6B 11 1B 00             ld de,27
6424  CA6E B7                   or a
6425  CA6F 19                   add hl,de
6426  CA70
6427  CA70 19                   add hl,de
6428  CA71 E5                   push hl
6429  CA72
6430  CA72 21 8F 87             ld hl,pathl
6431  CA75 CD 50 7F             call ROZHOD2
6432  CA78 7E                   ld a,(hl)
6433  CA79 23                   inc hl
6434  CA7A 66                   ld h,(hl)
6435  CA7B 6F                   ld l,a
6436  CA7C 11 03 00             ld de,3
6437  CA7F 19                   add hl,de
6438  CA80 7E                   ld a,(hl)
6439  CA81 FE FF                cp 255
6440  CA83 E1                   pop hl
6441  CA84 28 01                jr z,asw0
6442  CA86
6443  CA86 2B                   dec hl
6444  CA87              asw0
6445  CA87
6446  CA87                      ; dec hl
6447  CA87 11 1B 00             ld de,27
6448  CA8A B7                   or a
6449  CA8B ED 52                sbc hl,de
6450  CA8D 18 09                jr	rightsedi
6451  CA8F 2A 66 CA     right12 ld hl,(MAXR+1)
6452  CA92 11 1B 00             ld de,27
6453  CA95 B7                   or a
6454  CA96 ED 52                sbc hl,de
6455  CA98
6456  CA98              rightsedi
6457  CA98 22 00 00               ld (0),hl
6458  CA9B
6459  CA9B
6460  CA9B                        ; vykresli znova okno
6461  CA9B 21 72 7E             ld hl,adrl
6462  CA9E CD 50 7F             call ROZHOD2
6463  CAA1 7E                   ld a,(hl)
6464  CAA2 23                   inc hl
6465  CAA3 66                   ld h,(hl)
6466  CAA4 6F                   ld l,a
6467  CAA5 22 A3 C8             ld (adrs+1),hl
6468  CAA8              SED
6469  CAA8 CD 23 7D             call getroot
6470  CAAB
6471  CAAB CD 4B C7             call showwin
6472  CAAE 3E 20                ld a,32
6473  CAB0 CD 18 7F             call writecur
6474  CAB3 C3 83 72             jp loop0
6475  CAB6
6476  CAB6                      ; Označí soubor dle HL
6477  CAB6              OZNA
6478  CAB6              oznac_soubor_dle_pozice_v_hl
6479  CAB6 CD C2 84             call BUFF83
6480  CAB9 CD 65 7F             call find83
6481  CABC CD C2 84             call BUFF83
6482  CABF 2A 96 7F             ld hl,(foundfile)
6483  CAC2 E5                   push hl
6484  CAC3 11 49 8A             ld de,ban1
6485  CAC6 3E 00                ld a,0
6486  CAC8 CD E6 D2             call specific_search
6487  CACB E1                   pop hl
6488  CACC 28 38                jr z,odeselect_file
6489  CACE E5                   push hl
6490  CACF 11 55 8A             ld de,ban2
6491  CAD2 3E 00                ld a,0
6492  CAD4 CD E6 D2             call specific_search
6493  CAD7 E1                   pop hl
6494  CAD8 28 2C                jr z,odeselect_file
6495  CADA CB 7E                bit 7,(hl)
6496  CADC 28 15                jr z,oselect_file
6497  CADE CB BE                res 7,(hl)
6498  CAE0
6499  CAE0 21 0A CB             ld hl,numsel
6500  CAE3 CD 50 7F             call ROZHOD2
6501  CAE6 E5                   push hl
6502  CAE7 7E                   ld a,(hl)
6503  CAE8 23                   inc hl
6504  CAE9 66                   ld h,(hl)
6505  CAEA 6F                   ld l,a
6506  CAEB D1                   pop de
6507  CAEC 2B                   dec hl
6508  CAED EB                   ex de,hl
6509  CAEE 73                   ld (hl),e
6510  CAEF 23                   inc hl
6511  CAF0 72                   ld (hl),d
6512  CAF1
6513  CAF1 18 13                jr odeselect_file
6514  CAF3
6515  CAF3              oselect_file
6516  CAF3 CB FE                set 7,(hl)                                ; označ soubor
6517  CAF5 21 0A CB             ld hl,numsel
6518  CAF8 CD 50 7F             call ROZHOD2
6519  CAFB E5                   push hl
6520  CAFC 7E                   ld a,(hl)
6521  CAFD 23                   inc hl
6522  CAFE 66                   ld h,(hl)
6523  CAFF 6F                   ld l,a
6524  CB00 D1                   pop de
6525  CB01 23                   inc hl
6526  CB02 EB                   ex de,hl
6527  CB03 73                   ld (hl),e
6528  CB04 23                   inc hl
6529  CB05 72                   ld (hl),d
6530  CB06
6531  CB06              odeselect_file
6532  CB06 CD D3 84             call NOBUFF83
6533  CB09 C9                   ret
6534  CB0A
6535  CB0A 00 00 00 00  numsel	defw 0,0
6536  CB0E 53 65 6C 65  seltxt defb "Selected: ",0
6536  CB12 63 74 65 64
6536  CB16 3A 20 00
6537  CB19              SES
6538  CB19              select
6539  CB19 21 A3 89             ld hl,POSKURZL
6540  CB1C CD 48 7F             call ROZHOD
6541  CB1F 7E                   ld a,(hl)
6542  CB20 6F                   ld l,a
6543  CB21 26 00                ld h,0
6544  CB23
6545  CB23 E5                   push hl
6546  CB24 21 A9 89             ld hl,STARTWINL
6547  CB27 CD 50 7F             call ROZHOD2
6548  CB2A 7E                   ld a,(hl)
6549  CB2B 23                   inc hl
6550  CB2C 66                   ld h,(hl)
6551  CB2D 6F                   ld l,a
6552  CB2E
6553  CB2E EB                   ex de,hl
6554  CB2F E1                   pop hl
6555  CB30 19                   add hl,de
6556  CB31 23                   inc hl                                    ; v HL máme číslo souboru
6557  CB32 CD C2 84             call BUFF83
6558  CB35 CD 65 7F             call find83
6559  CB38 CD C2 84             call BUFF83
6560  CB3B 2A 96 7F             ld hl,(foundfile)
6561  CB3E E5                   push hl
6562  CB3F 11 49 8A             ld de,ban1
6563  CB42 3E 00                ld a,0
6564  CB44 CD E6 D2             call specific_search
6565  CB47 E1                   pop hl
6566  CB48 CA BD C5             jp z,down
6567  CB4B E5                   push hl
6568  CB4C 11 55 8A             ld de,ban2
6569  CB4F 3E 00                ld a,0
6570  CB51 CD E6 D2             call specific_search
6571  CB54 E1                   pop hl
6572  CB55 CA BD C5             jp z,down
6573  CB58 CB 7E                bit 7,(hl)
6574  CB5A 28 15                jr z,select_file
6575  CB5C CB BE                res 7,(hl)
6576  CB5E
6577  CB5E 21 0A CB             ld hl,numsel
6578  CB61 CD 50 7F             call ROZHOD2
6579  CB64 E5                   push hl
6580  CB65 7E                   ld a,(hl)
6581  CB66 23                   inc hl
6582  CB67 66                   ld h,(hl)
6583  CB68 6F                   ld l,a
6584  CB69 D1                   pop de
6585  CB6A 2B                   dec hl
6586  CB6B EB                   ex de,hl
6587  CB6C 73                   ld (hl),e
6588  CB6D 23                   inc hl
6589  CB6E 72                   ld (hl),d
6590  CB6F
6591  CB6F 18 13                jr deselect_file
6592  CB71              select_file
6593  CB71 CB FE                set 7,(hl)                                ; označ soubor
6594  CB73 21 0A CB             ld hl,numsel
6595  CB76 CD 50 7F             call ROZHOD2
6596  CB79 E5                   push hl
6597  CB7A 7E                   ld a,(hl)
6598  CB7B 23                   inc hl
6599  CB7C 66                   ld h,(hl)
6600  CB7D 6F                   ld l,a
6601  CB7E D1                   pop de
6602  CB7F 23                   inc hl
6603  CB80 EB                   ex de,hl
6604  CB81 73                   ld (hl),e
6605  CB82 23                   inc hl
6606  CB83 72                   ld (hl),d
6607  CB84
6608  CB84              deselect_file
6609  CB84
6610  CB84              selcont
6611  CB84 21 72 7E             ld hl,adrl
6612  CB87 CD 50 7F             call ROZHOD2
6613  CB8A 7E                   ld a,(hl)
6614  CB8B 23                   inc hl
6615  CB8C 66                   ld h,(hl)
6616  CB8D 6F                   ld l,a
6617  CB8E 22 A3 C8             ld (adrs+1),hl
6618  CB91
6619  CB91 CD 23 7D             call getroot
6620  CB94
6621  CB94 CD 4B C7             call showwin
6622  CB97 3E 20                ld a,32
6623  CB99 CD 18 7F             call writecur
6624  CB9C 3A AA CB             ld a,(rightMouse)
6625  CB9F B7                   or a
6626  CBA0 CA BD C5             jp z,down
6627  CBA3 AF                   xor a
6628  CBA4 32 AA CB             ld (rightMouse),a
6629  CBA7 C3 83 72             jp loop0
6630  CBAA
6631  CBAA 00           rightMouse      db 0
6632  CBAB
6633  CBAB 51 75 69 74  quittxt	defb "Quit?",0
6633  CBAF 3F 00
6634  CBB1 4E 6F 20 72  emul    defb "No reset.",0
6634  CBB5 65 73 65 74
6634  CBB9 2E 00
6635  CBBB
6636  CBBB              quit
6637  CBBB CD B6 7E             call savescr
6638  CBBE 21 0A 0A             ld hl,10 * 256 + 10
6639  CBC1 01 05 3C             ld bc,60 * 256 + 5
6640  CBC4 3E 10                ld a,16
6641  CBC6 CD 2C 81             call window
6642  CBC9
6643  CBC9 21 0B 0B             ld hl,11*256+11
6644  CBCC 3E 10                ld a,16
6645  CBCE 11 AB CB             ld de,quittxt
6646  CBD1 CD 09 81             call print
6647  CBD4
6648  CBD4 21 0F 3C             ld hl,60*256+15
6649  CBD7 3E 30                ld a,48
6650  CBD9 11 20 8C             ld de,yestxt
6651  CBDC CD 09 81             call print
6652  CBDF
6653  CBDF 21 0E 3C             ld hl,60*256+14
6654  CBE2 3E 10                ld a,16
6655  CBE4 11 D4 8C             ld de,notxt
6656  CBE7 CD 09 81             call print
6657  CBEA
6658  CBEA              quit0
6659  CBEA AF                   xor a
6660  CBEB 32 4E 73             ld (TLACITKO),a
6661  CBEE CD AA 7F             call INKEY
6662  CBF1 FE 01                cp 1
6663  CBF3 CA 2F D1             jp z,infoend
6664  CBF6 FE 0D                cp 13
6665  CBF8                      IFDEF CC_DOT
6666  CBF8 CA 3A CC             jp z,dot_quit
6667  CBFB                      ELSE
6668  CBFB ~                    jp z,softreset
6669  CBFB                      ENDIF
6670  CBFB C3 EA CB             jp quit0
6671  CBFE
6672  CBFE              softreset
6673  CBFE ED 91 02 01          nextreg 2,1
6674  CC02
6675  CC02 21 0A 0A             ld hl,10 * 256 + 10
6676  CC05 01 05 3C             ld bc,60 * 256 + 5
6677  CC08 3E 10                ld a,16
6678  CC0A CD 2C 81             call window
6679  CC0D
6680  CC0D 21 0B 0B             ld hl,11*256+11
6681  CC10 3E 10                ld a,16
6682  CC12 11 B1 CB             ld de,emul
6683  CC15 CD 09 81             call print
6684  CC18
6685  CC18 21 0F 0B             ld hl,11*256+15
6686  CC1B 3E 10                ld a,16
6687  CC1D 11 7F A2             ld de,pressanykeytxt
6688  CC20 CD 09 81             call print
6689  CC23
6690  CC23 AF                   xor a
6691  CC24 32 4E 73             ld (TLACITKO),a
6692  CC27 CD AA 7F             call INKEY
6693  CC2A CD CA 7E             call loadscr
6694  CC2D C3 83 72             jp loop0
6695  CC30
6696  CC30                      IFDEF CC_DOT
6697  CC30              ; ------------------------------------------------------------
6698  CC30              ; Vazba na zavadec dot commandu (dot/ccdot.asm)
6699  CC30              ; ------------------------------------------------------------
6700  CC30              ; Zavadec zalohuje pamet BASICu, nahraje CC a zavola dot_entry pres
6701  CC30              ; RST $18. Navrat do zavadece = obnovit SP volajiciho a RET s A:
6702  CC30              ;   DOT_EXIT_QUIT   - obnov pamet a vrat se do BASICu
6703  CC30              ;   DOT_EXIT_LAUNCH - uvolni pamet a skoc na dot_launch (prikaz je v cmd)
6704  CC30              ; Zasobnik volajiciho lezi ve strance 1 ($E000-$FFFF), kterou CC nepise.
6705  CC30              ; ------------------------------------------------------------
6706  CC30              dot_entry
6707  CC30 ED 73 79 CC          ld (dot_basic_sp),sp
6708  CC34 31 00 71             ld sp,$7000 + 128 + 128                         ; stejne misto jako po CLEAR 28927
6709  CC37 C3 0E 71             jp START
6710  CC3A
6711  CC3A              dot_quit
6712  CC3A 3A 7B CC             ld a,(dot_attached)
6713  CC3D B7                   or a
6714  CC3E CA FE CB             jp z,softreset                            ; po nepovedenem spusteni uz neni kam se vratit
6715  CC41 CD BA 78             call layer0
6716  CC44 CD 05 7A             call ClearAllSprites
6717  CC47 FD 21 3A 5C          ld iy,23610
6718  CC4B AF                   xor a                                     ; DOT_EXIT_QUIT
6719  CC4C              ; A = DOT_EXIT_*. Kod jde i do pameti - navrat z RST $18 nemusi zachovat A.
6720  CC4C              dot_return
6721  CC4C 32 7C CC             ld (dot_exit_code),a
6722  CC4F ED 91 57 01          nextreg MMU7_E000_NR_57,1                 ; zasobnik zavadece je ve strance 1, ale CC
6723  CC53                                                                ; v MMU7 casto nechava LFN stranku (lfnroot)
6724  CC53 ED 7B 79 CC          ld sp,(dot_basic_sp)
6725  CC57 C9                   ret
6726  CC58
6727  CC58              dot_restart
6728  CC58 AF                   xor a
6729  CC59 32 7B CC             ld (dot_attached),a
6730  CC5C 31 00 71             ld sp,$7000 + 128 + 128
6731  CC5F C3 0E 71             jp START
6732  CC62
6733  CC62              ; Spusteni souboru z pripojeneho CC. NEX jde dal pres nexload (RST $20),
6734  CC62              ; ostatni (BAS/TAP/SNA/Z80/SNX) spusti az BASIC: zavadec obnovi pamet
6735  CC62              ; a prikaz z dot_cmd_buf vlozi do radku za .cc.
6736  CC62              dot_attached_launch
6737  CC62 CD 05 7A             call ClearAllSprites
6738  CC65 ED 91 57 5A          nextreg MMU7_E000_NR_57,90
6739  CC69 CD E7 E3             call extra_dot_basic_cmd                  ; Z = NEX, NZ = prikaz pripraven
6740  CC6C ED 91 57 01          nextreg MMU7_E000_NR_57,1
6741  CC70 3E 01                ld a,DOT_EXIT_LAUNCH
6742  CC72 28 02                jr z,.go
6743  CC74 3E 02                ld a,DOT_EXIT_BASIC
6744  CC76              .go
6745  CC76 C3 4C CC             jp dot_return
6746  CC79
6747  CC79              DOT_EXIT_QUIT   equ 0
6748  CC79              DOT_EXIT_LAUNCH equ 1
6749  CC79              DOT_EXIT_BASIC  equ 2
6750  CC79              dot_cmd_buf     equ LFNNAME                       ; [delka][tokeny], pri spousteni uz volne
6751  CC79
6752  CC79 00 00        dot_basic_sp    defw 0
6753  CC7B 01           dot_attached    defb 1                            ; 0 = zavadec uz skoncil (po RST $20)
6754  CC7C 00           dot_exit_code   defb 0
6755  CC7D                      ENDIF
6756  CC7D
6757  CC7D
6758  CC7D              CHNG_ATTR
6759  CC7D 21 A3 89             ld hl,POSKURZL
6760  CC80 CD 48 7F             call ROZHOD
6761  CC83 7E                   ld a,(hl)
6762  CC84 6F                   ld l,a
6763  CC85 26 00                ld h,0
6764  CC87
6765  CC87 E5                   push hl
6766  CC88 21 A9 89             ld hl,STARTWINL
6767  CC8B CD 50 7F             call ROZHOD2
6768  CC8E 7E                   ld a,(hl)
6769  CC8F 23                   inc hl
6770  CC90 66                   ld h,(hl)
6771  CC91 6F                   ld l,a
6772  CC92
6773  CC92 EB                   ex de,hl
6774  CC93 E1                   pop hl
6775  CC94 19                   add hl,de
6776  CC95 E5                   push hl
6777  CC96 23                   inc hl
6778  CC97 CD C2 84             call BUFF83
6779  CC9A CD 65 7F             call find83
6780  CC9D E1                   pop hl
6781  CC9E CD C1 D1             call FINDLFN
6782  CCA1
6783  CCA1 CD C2 84             call BUFF83
6784  CCA4 2A 96 7F             ld hl,(foundfile)
6785  CCA7 11 49 8A             ld de,ban1
6786  CCAA 3E 00                ld a,0
6787  CCAC CD E6 D2             call specific_search
6788  CCAF CA 83 72             jp z,loop0
6789  CCB2 2A 96 7F             ld hl,(foundfile)
6790  CCB5 11 55 8A             ld de,ban2
6791  CCB8 3E 00                ld a,0
6792  CCBA CD E6 D2             call specific_search
6793  CCBD CA 83 72             jp z,loop0
6794  CCC0
6795  CCC0
6796  CCC0 CD B6 7E             call savescr
6797  CCC3
6798  CCC3 21 A3 89             ld hl,POSKURZL
6799  CCC6 CD 48 7F             call ROZHOD
6800  CCC9 7E                   ld a,(hl)
6801  CCCA 6F                   ld l,a
6802  CCCB 26 00                ld h,0
6803  CCCD
6804  CCCD E5                   push hl
6805  CCCE 21 A9 89             ld hl,STARTWINL
6806  CCD1 CD 50 7F             call ROZHOD2
6807  CCD4 7E                   ld a,(hl)
6808  CCD5 23                   inc hl
6809  CCD6 66                   ld h,(hl)
6810  CCD7 6F                   ld l,a
6811  CCD8
6812  CCD8 EB                   ex de,hl
6813  CCD9 E1                   pop hl
6814  CCDA 19                   add hl,de
6815  CCDB E5                   push hl
6816  CCDC 23                   inc hl
6817  CCDD CD C2 84             call BUFF83
6818  CCE0 CD 65 7F             call find83
6819  CCE3 E1                   pop hl
6820  CCE4 CD C1 D1             call FINDLFN
6821  CCE7 21 0A 08             ld hl,8 * 256 + 10
6822  CCEA 01 0A 3C             ld bc,60 * 256 + 10
6823  CCED 3E 10                ld a,16
6824  CCEF CD 2C 81             call window
6825  CCF2
6826  CCF2 21 0B 0B             ld hl,11*256+11
6827  CCF5 3E 10                ld a,16
6828  CCF7 11 49 CE             ld de,attr_nadpis
6829  CCFA CD 09 81             call print
6830  CCFD
6831  CCFD 21 0D 0B             ld hl,11*256+13
6832  CD00 3E 10                ld a,16
6833  CD02 11 4E CE             ld de,readonlytxt
6834  CD05 CD 09 81             call print
6835  CD08
6836  CD08 21 0E 0B             ld hl,11*256+14
6837  CD0B 3E 10                ld a,16
6838  CD0D 11 52 CE             ld de,systemfiletxt
6839  CD10 CD 09 81             call print
6840  CD13
6841  CD13 21 0F 0B             ld hl,11*256+15
6842  CD16 3E 10                ld a,16
6843  CD18 11 56 CE             ld de,archivedtxt
6844  CD1B CD 09 81             call print
6845  CD1E
6846  CD1E AF                   xor a
6847  CD1F 21 F1 9C             ld hl,LFNNAME+44
6848  CD22 77                   ld (hl),a
6849  CD23 21 11 18             ld hl,24*256+17
6850  CD26 3E 10                ld a,16
6851  CD28 11 C5 9C             ld de,LFNNAME
6852  CD2B CD 09 81             call print
6853  CD2E
6854  CD2E 21 11 0B             ld hl,11*256+17
6855  CD31 3E 10                ld a,16
6856  CD33 11 44 CE             ld de,namefile
6857  CD36 CD 09 81             call print
6858  CD39
6859  CD39 21 14 37             ld hl,55*256+20
6860  CD3C 3E 30                ld a,48
6861  CD3E 11 C7 8C             ld de,savetxt
6862  CD41 CD 09 81             call print
6863  CD44
6864  CD44 21 13 37             ld hl,55*256+19
6865  CD47 3E 10                ld a,16
6866  CD49 11 D4 8C             ld de,notxt
6867  CD4C CD 09 81             call print
6868  CD4F                      ; vyhodnocení
6869  CD4F
6870  CD4F CD C2 CD     chng00	call showattr
6871  CD52 AF                   xor a
6872  CD53 32 4E 73             ld (TLACITKO),a
6873  CD56 CD AA 7F             call INKEY
6874  CD59 FE 01                cp 1
6875  CD5B 28 16                jr z,chng_end
6876  CD5D FE 72                cp "r"
6877  CD5F CA AA CD             jp z,switch_ro
6878  CD62 FE 73                cp "s"
6879  CD64 CA 79 CD             jp z,switch_sys
6880  CD67 FE 61                cp "a"
6881  CD69 CA 91 CD             jp z,switch_arch
6882  CD6C FE 0D                cp 13
6883  CD6E CA 24 86             jp z,chng_save
6884  CD71 18 DC                jr chng00
6885  CD73              chng_end
6886  CD73 CD CA 7E             call loadscr
6887  CD76 C3 83 72             jp loop0
6888  CD79
6889  CD79
6890  CD79              switch_sys
6891  CD79 DD 21 9F 7F          ld ix,TMP83+7
6892  CD7D DD CB 02 7E          bit 7,(ix+2)
6893  CD81 28 07                jr z,set_sys
6894  CD83 DD CB 02 BE          res 7,(ix+2)
6895  CD87 C3 4F CD             jp chng00
6896  CD8A DD CB 02 FE  set_sys  set 7,(ix+2)
6897  CD8E C3 4F CD             jp chng00
6898  CD91
6899  CD91              switch_arch
6900  CD91 DD 21 9F 7F          ld ix,TMP83+7
6901  CD95 DD CB 03 7E          bit 7,(ix+3)
6902  CD99 CA A3 CD             jp z,set_arch
6903  CD9C DD CB 03 BE          res 7,(ix+3)
6904  CDA0 C3 4F CD             jp chng00
6905  CDA3 DD CB 03 FE  set_arch set 7,(ix+3)
6906  CDA7 C3 4F CD             jp chng00
6907  CDAA
6908  CDAA              switch_ro
6909  CDAA DD 21 9F 7F          ld ix,TMP83+7
6910  CDAE DD CB 01 7E          bit 7,(ix+1)
6911  CDB2 28 07                jr z,set_ro
6912  CDB4 DD CB 01 BE          res 7,(ix+1)
6913  CDB8 C3 4F CD             jp chng00
6914  CDBB DD CB 01 FE  set_ro  set 7,(ix+1)
6915  CDBF C3 4F CD             jp chng00
6916  CDC2
6917  CDC2              showattr
6918  CDC2 DD 21 9F 7F          ld ix,TMP83+7
6919  CDC6
6920  CDC6 DD CB 01 7E          bit 7,(ix+1)
6921  CDCA 28 04                jr z,ro_null
6922  CDCC 3E 1B                ld a,27
6923  CDCE 18 02                jr readonly
6924  CDD0 3E 19        ro_null	ld a,25
6925  CDD2
6926  CDD2              readonly
6927  CDD2 21 52 48             ld hl,$4000 + 160 * 13 + 50
6928  CDD5 77                   ld (hl),a
6929  CDD6 23                   inc hl
6930  CDD7 3E 10                ld a,16
6931  CDD9 77                   ld (hl),a
6932  CDDA
6933  CDDA DD CB 02 7E          bit 7,(ix+2)
6934  CDDE 28 04                jr z,sys_null
6935  CDE0 3E 1B                ld a,27
6936  CDE2 18 02                jr system
6937  CDE4 3E 19        sys_null	ld a,25
6938  CDE6
6939  CDE6              system
6940  CDE6 21 F2 48             ld hl,$4000 + 160 * 14 + 50
6941  CDE9 77                   ld (hl),a
6942  CDEA 23                   inc hl
6943  CDEB 3E 10                ld a,16
6944  CDED 77                   ld (hl),a
6945  CDEE
6946  CDEE
6947  CDEE DD CB 03 7E          bit 7,(ix+3)
6948  CDF2 28 04                jr z,arch_null
6949  CDF4 3E 1B                ld a,27
6950  CDF6 18 02                jr archive
6951  CDF8 3E 19        arch_null	ld a,25
6952  CDFA
6953  CDFA              archive
6954  CDFA 21 92 49             ld hl,$4000 + 160 * 15 + 50
6955  CDFD 77                   ld (hl),a
6956  CDFE 23                   inc hl
6957  CDFF 3E 10                ld a,16
6958  CE01 77                   ld (hl),a
6959  CE02 C9                   ret
6960  CE03
6961  CE03              showattr_info
6962  CE03 DD 21 9F 7F          ld ix,TMP83+7
6963  CE07
6964  CE07 DD CB 01 7E          bit 7,(ix+1)
6965  CE0B 28 04                jr z,ro_nulla
6966  CE0D 3E 1B                ld a,27
6967  CE0F 18 02                jr readonlya
6968  CE11 3E 19        ro_nulla	ld a,25
6969  CE13
6970  CE13              readonlya
6971  CE13 21 20 4B             ld hl,$4000 + 160 * 17 + 128
6972  CE16 77                   ld (hl),a
6973  CE17 23                   inc hl
6974  CE18 3E 10                ld a,16
6975  CE1A 77                   ld (hl),a
6976  CE1B
6977  CE1B DD CB 02 7E          bit 7,(ix+2)
6978  CE1F 28 04                jr z,sys_nulla
6979  CE21 3E 1B                ld a,27
6980  CE23 18 02                jr systema
6981  CE25 3E 19        sys_nulla	ld a,25
6982  CE27
6983  CE27              systema
6984  CE27 21 C0 4B             ld hl,$4000 + 160 * 18 + 128
6985  CE2A 77                   ld (hl),a
6986  CE2B 23                   inc hl
6987  CE2C 3E 10                ld a,16
6988  CE2E 77                   ld (hl),a
6989  CE2F
6990  CE2F
6991  CE2F DD CB 03 7E          bit 7,(ix+3)
6992  CE33 28 04                jr z,arch_nulla
6993  CE35 3E 1B                ld a,27
6994  CE37 18 02                jr archivea
6995  CE39 3E 19        arch_nulla	ld a,25
6996  CE3B
6997  CE3B              archivea
6998  CE3B 21 60 4C             ld hl,$4000 + 160 * 19 + 128
6999  CE3E 77                   ld (hl),a
7000  CE3F 23                   inc hl
7001  CE40 3E 10                ld a,16
7002  CE42 77                   ld (hl),a
7003  CE43 C9                   ret
7004  CE44
7005  CE44 4E 61 6D 65  namefile	defb "Name",0
7005  CE48 00
7006  CE49 41 74 74 72  attr_nadpis	defb "Attr",0
7006  CE4D 00
7007  CE4E 5B 52 5D 00  readonlytxt	defb "[R]",0
7008  CE52 5B 53 5D 00  systemfiletxt defb "[S]",0
7009  CE56 5B 41 5D 00  archivedtxt defb "[A]",0
7010  CE5A
7011  CE5A 52 65 61 64  readonlytxt2	defb "Read",0
7011  CE5E 00
7012  CE5F 53 79 73 74  systemfiletxt2 defb "System",0
7012  CE63 65 6D 00
7013  CE66 41 72 63 68  archivedtxt2 defb "Arch",0
7013  CE6A 00
7014  CE6B
7015  CE6B              ; ============================================================
7016  CE6B              ; info_file
7017  CE6B              ; Zobrazí dialog s informacemi o právě označeném souboru:
7018  CE6B              ;  - název (LFNNAME, zkrácený pro zobrazení)
7019  CE6B              ;  - datum/čas (MS-DOS formát uložený v metadatech LFNNAME+261+4/+6)
7020  CE6B              ;  - velikost (32-bit z LFNNAME+261..)
7021  CE6B              ;  - atributy (read-only/system/archive) přes showattr_info
7022  CE6B              ;
7023  CE6B              ; Na začátku navíc blokuje “ban1/ban2” soubory (porovnání foundfile vs ban texty).
7024  CE6B              ;
7025  CE6B              ; Pozn.: V kódu je hodně opakování “získej aktuální záznam → BUFF83/find83 → FINDLFN”.
7026  CE6B              ; ============================================================
7027  CE6B              info_file
7028  CE6B AF                   xor a
7029  CE6C 32 65 9C             ld (dirInfoActive),a
7030  CE6F                      ; ---- HL = index aktuální položky (kurzor v levém panelu)
7031  CE6F 21 A3 89             ld hl,POSKURZL
7032  CE72 CD 48 7F             call ROZHOD
7033  CE75 7E                   ld a,(hl)                                  ; A = index položky v okně
7034  CE76 6F                   ld l,a
7035  CE77 26 00                ld h,0                                     ; HL = index (16-bit)
7036  CE79
7037  CE79                      ; ---- HL = pointer na položku v seznamu: STARTWINL + index
7038  CE79 E5                   push hl
7039  CE7A 21 A9 89             ld hl,STARTWINL
7040  CE7D CD 50 7F             call ROZHOD2
7041  CE80 7E                   ld a,(hl)
7042  CE81 23                   inc hl
7043  CE82 66                   ld h,(hl)
7044  CE83 6F                   ld l,a                                     ; HL = base pointer seznamu
7045  CE84 EB                   ex de,hl                                   ; DE = base
7046  CE85 E1                   pop hl                                     ; HL = index
7047  CE86 19                   add hl,de                                  ; HL = base + index
7048  CE87
7049  CE87                      ; ---- načti 8.3/LFN data pro danou položku
7050  CE87 E5                   push hl
7051  CE88 23                   inc hl
7052  CE89 CD C2 84             call BUFF83                                ; typicky připraví buffer/kontext pro find83
7053  CE8C CD 65 7F             call find83                                ; načte 8.3 entry do TMP83 (a/nebo foundfile)
7054  CE8F E1                   pop hl
7055  CE90 CD C1 D1             call FINDLFN                               ; načte dlouhé jméno do LFNNAME (+ metadata)
7056  CE93
7057  CE93 DD 21 98 7F          ld ix,TMP83
7058  CE97 DD CB 07 7E          bit 7,(ix+7)
7059  CE9B 28 03                jr z,info_file_not_dir
7060  CE9D C3 7C DA             jp dir_info_run_from_info
7061  CEA0
7062  CEA0              info_file_not_dir
7063  CEA0                      ; ---- ochrana: některé soubory se nesmí “info” zobrazit (ban list)
7064  CEA0 CD C2 84             call BUFF83                                ; zřejmě nastaví (foundfile) na aktuální jméno
7065  CEA3 2A 96 7F             ld hl,(foundfile)
7066  CEA6 11 49 8A             ld de,ban1
7067  CEA9 3E 00                ld a,0
7068  CEAB CD E6 D2             call specific_search
7069  CEAE CA 83 72             jp z,loop0                                 ; pokud shoda s ban1 → nic nezobrazuj
7070  CEB1
7071  CEB1 2A 96 7F             ld hl,(foundfile)
7072  CEB4 11 55 8A             ld de,ban2
7073  CEB7 3E 00                ld a,0
7074  CEB9 CD E6 D2             call specific_search
7075  CEBC CA 83 72             jp z,loop0                                 ; pokud shoda s ban2 → nic nezobrazuj
7076  CEBF
7077  CEBF              info_file_show_ready
7078  CEBF                      ; ----------------------------------------------------
7079  CEBF                      ; Uložit obrazovku, protože budeme kreslit dialog
7080  CEBF                      ; ----------------------------------------------------
7081  CEBF CD B6 7E             call savescr
7082  CEC2
7083  CEC2 21 A3 89             ld hl,POSKURZL
7084  CEC5 CD 48 7F             call ROZHOD
7085  CEC8 7E                   ld a,(hl)
7086  CEC9 6F                   ld l,a
7087  CECA 26 00                ld h,0
7088  CECC
7089  CECC E5                   push hl
7090  CECD 21 A9 89             ld hl,STARTWINL
7091  CED0 CD 50 7F             call ROZHOD2
7092  CED3 7E                   ld a,(hl)
7093  CED4 23                   inc hl
7094  CED5 66                   ld h,(hl)
7095  CED6 6F                   ld l,a
7096  CED7 EB                   ex de,hl
7097  CED8 E1                   pop hl
7098  CED9 19                   add hl,de
7099  CEDA E5                   push hl
7100  CEDB 23                   inc hl
7101  CEDC CD C2 84             call BUFF83
7102  CEDF CD 65 7F             call find83
7103  CEE2 E1                   pop hl
7104  CEE3 CD C1 D1             call FINDLFN
7105  CEE6
7106  CEE6                      ; ---- vykresli okno dialogu
7107  CEE6 21 0A 08             ld hl,8 * 256 + 10                         ; pozice dialogu
7108  CEE9 01 0A 3C             ld bc,60 * 256 + 10                        ; rozměry
7109  CEEC 3E 10                ld a,16                                    ; atribut okna
7110  CEEE CD 2C 81             call window
7111  CEF1
7112  CEF1 21 A3 89             ld hl,POSKURZL
7113  CEF4 CD 48 7F             call ROZHOD
7114  CEF7 7E                   ld a,(hl)
7115  CEF8 6F                   ld l,a
7116  CEF9 26 00                ld h,0
7117  CEFB
7118  CEFB E5                   push hl
7119  CEFC 21 A9 89             ld hl,STARTWINL
7120  CEFF CD 50 7F             call ROZHOD2
7121  CF02 7E                   ld a,(hl)
7122  CF03 23                   inc hl
7123  CF04 66                   ld h,(hl)
7124  CF05 6F                   ld l,a
7125  CF06 EB                   ex de,hl
7126  CF07 E1                   pop hl
7127  CF08 19                   add hl,de
7128  CF09 E5                   push hl
7129  CF0A 23                   inc hl
7130  CF0B CD C2 84             call BUFF83
7131  CF0E CD 65 7F             call find83
7132  CF11 E1                   pop hl
7133  CF12 CD C1 D1             call FINDLFN
7134  CF15
7135  CF15                      ; (tady jsou zbytkové LD hl/bc/a bez CALL window – historický pozůstatek?)
7136  CF15 21 0A 08             ld hl,8 * 256 + 10
7137  CF18 01 0A 3C             ld bc,60 * 256 + 10
7138  CF1B 3E 10                ld a,16
7139  CF1D
7140  CF1D
7141  CF1D                      ; ---- Nadpis dialogu
7142  CF1D 21 0B 0B             ld hl,11*256+11
7143  CF20 3E 10                ld a,16
7144  CF22 11 5C D2             ld de,fileinfonadpis
7145  CF25 CD 09 81             call print
7146  CF28
7147  CF28                      ; ---- Zkrácení LFNNAME pro výpis (nulový terminátor na pozici +44)
7148  CF28 AF                   xor a
7149  CF29 21 F1 9C             ld hl,LFNNAME+44
7150  CF2C 77                   ld (hl),a                                  ; ukonči string, aby byl max 44 znaků
7151  CF2D
7152  CF2D                      ; ---- Vypiš název souboru
7153  CF2D 21 0D 19             ld hl,25*256+13
7154  CF30 3E 10                ld a,16
7155  CF32 11 C5 9C             ld de,LFNNAME
7156  CF35 CD 09 81             call print
7157  CF38
7158  CF38                      ; ---- Popisek "Name:" (nebo podobně; namefile je text)
7159  CF38 21 0D 0B             ld hl,11*256+13
7160  CF3B 3E 10                ld a,16
7161  CF3D 11 44 CE             ld de,namefile
7162  CF40 CD 09 81             call print
7163  CF43
7164  CF43                      ; ---- Popisky pro datum/čas
7165  CF43 11 62 D2             ld de,filedate
7166  CF46 21 0F 0B             ld hl,11*256+15
7167  CF49 3E 10                ld a,16
7168  CF4B CD 09 81             call print
7169  CF4E
7170  CF4E 11 65 D2             ld de,filetime
7171  CF51 21 10 0B             ld hl,11*256+16
7172  CF54 3E 10                ld a,16
7173  CF56 CD 09 81             call print
7174  CF59
7175  CF59                      ; ---- Vypiš datum a čas z metadat (MS-DOS formát)
7176  CF59                      ; datum: (LFNNAME+261+4)  čas: (LFNNAME+261+6)
7177  CF59 ED 5B CE 9D          ld de,(LFNNAME+261+4)
7178  CF5D 21 0F 11             ld hl,17*256+15
7179  CF60 CD ED CF             call showdate
7180  CF63
7181  CF63 21 10 11             ld hl,17*256+16
7182  CF66 ED 5B D0 9D          ld de,(LFNNAME+261+6)
7183  CF6A CD 65 D0             call showtime
7184  CF6D
7185  CF6D                      ; ---- Sekce atributů (System/Readonly/Archive) – samotné hodnoty řeší showattr_info
7186  CF6D 21 0F 33             ld hl,51*256+15
7187  CF70 3E 10                ld a,16
7188  CF72 11 56 D2             ld de,sysatrtxt
7189  CF75 CD 09 81             call print
7190  CF78
7191  CF78 21 11 33             ld hl,51*256+17
7192  CF7B 3E 10                ld a,16
7193  CF7D 11 5A CE             ld de,readonlytxt2
7194  CF80 CD 09 81             call print
7195  CF83
7196  CF83 21 12 33             ld hl,51*256+18
7197  CF86 3E 10                ld a,16
7198  CF88 11 5F CE             ld de,systemfiletxt2
7199  CF8B CD 09 81             call print
7200  CF8E
7201  CF8E 21 13 33             ld hl,51*256+19
7202  CF91 3E 10                ld a,16
7203  CF93 11 66 CE             ld de,archivedtxt2
7204  CF96 CD 09 81             call print
7205  CF99
7206  CF99 CD 03 DB             call dir_info_print_items_if_active
7207  CF9C
7208  CF9C                      ; ---- Velikost
7209  CF9C 21 12 0B             ld hl,11*256+18
7210  CF9F 3E 10                ld a,16
7211  CFA1 11 E5 CF             ld de,sizetxt
7212  CFA4 CD 09 81             call print
7213  CFA7
7214  CFA7                      ; DEC32: vytiskne 32-bit číslo (velikost) na pozici HL (přes self-mod dec32pos)
7215  CFA7 21 12 10             ld hl,16*256+18
7216  CFAA 22 C3 7D             ld (dec32pos+1),hl                          ; kam DEC32 vypíše
7217  CFAD CD 2F DB             call dir_info_get_size_value
7218  CFB0 06 0A                ld b,10                                     ; počet číslic (nebo šířka pole)
7219  CFB2 3E 10                ld a,16                                     ; ink/atribut pro výpis
7220  CFB4 32 C6 7D             ld (decink+1),a
7221  CFB7 CD B8 7D             call DEC32
7222  CFBA 3E 00                ld a,0
7223  CFBC 32 C6 7D             ld (decink+1),a                             ; vrať default ink
7224  CFBF
7225  CFBF 21 12 1B             ld hl,27*256+18
7226  CFC2 3E 10                ld a,16
7227  CFC4 11 EB CF             ld de,bytestxt
7228  CFC7 CD 09 81             call print
7229  CFCA
7230  CFCA                      ; ---- nápověda “press any key”
7231  CFCA 21 14 0B             ld hl,11*256+20
7232  CFCD 3E 10                ld a,16
7233  CFCF 11 7F A2             ld de,pressanykeytxt
7234  CFD2 CD 09 81             call print
7235  CFD5
7236  CFD5                      ; ---- vykresli konkrétní hodnoty atributů (read-only/system/archive) podle TMP83/LFN metadata
7237  CFD5 CD 03 CE             call showattr_info
7238  CFD8
7239  CFD8                      ; ---- čekej na klávesu a vrať obrazovku
7240  CFD8 AF                   xor a
7241  CFD9 32 4E 73             ld (TLACITKO),a
7242  CFDC CD AA 7F             call INKEY
7243  CFDF CD CA 7E             call loadscr
7244  CFE2 C3 83 72             jp loop0
7245  CFE5
7246  CFE5
7247  CFE5              ; ============================================================
7248  CFE5              ; Texty
7249  CFE5              ; ============================================================
7250  CFE5 53 69 7A 65  sizetxt  defb "Size:",0
7250  CFE9 3A 00
7251  CFEB 42 00        bytestxt defb "B",0
7252  CFED
7253  CFED
7254  CFED              ; ============================================================
7255  CFED              ; showdate
7256  CFED              ; Vypíše datum z MS-DOS formátu (DE) na pozici HL.
7257  CFED              ; MS-DOS date (16-bit):
7258  CFED              ;   bits 0-4   = day   (1-31)
7259  CFED              ;   bits 5-8   = month (1-12)
7260  CFED              ;   bits 9-15  = year  (od 1980)
7261  CFED              ;
7262  CFED              ; Používá self-mod adresy shdt1..shdt5 pro konkrétní pozice tisku:
7263  CFED              ;  dd.mm.yyyy
7264  CFED              ; ============================================================
7265  CFED              ; DE - datum (MSDOS)
7266  CFED              ; HL - pozice (X*256+Y)
7267  CFED              showdate
7268  CFED                      ; uloží pozice pro jednotlivé části na základě HL
7269  CFED 22 0D D0             ld (shdt1+1),hl                            ; pozice dne
7270  CFF0 24                   inc h
7271  CFF1 24                   inc h
7272  CFF2 22 18 D0             ld (shdt2+1),hl                            ; pozice první tečky
7273  CFF5 24                   inc h
7274  CFF6 22 36 D0             ld (shdt3+1),hl                            ; pozice měsíce
7275  CFF9 24                   inc h
7276  CFFA 24                   inc h
7277  CFFB 22 41 D0             ld (shdt4+1),hl                            ; pozice druhé tečky
7278  CFFE 24                   inc h
7279  CFFF 22 5A D0             ld (shdt5+1),hl                            ; pozice roku
7280  D002
7281  D002                      ; ---- day = E & 31
7282  D002 7B                   ld a,e
7283  D003 E6 1F                and 31
7284  D005 D5                   push de
7285  D006
7286  D006 6F                   ld l,a
7287  D007 26 00                ld h,0
7288  D009 CD 57 7D             call NUM                                   ; převede HL na ASCII do NUMBUF
7289  D00C
7290  D00C 21 0F 11     shdt1   ld hl,17*256+15                            ; (self-mod) skutečná cílová pozice dne
7291  D00F 3E 10                ld a,16
7292  D011 11 51 7D             ld de,NUMBUF+3                             ; typicky poslední 2 číslice
7293  D014 CD 09 81             call print
7294  D017
7295  D017 21 0F 13     shdt2   ld hl,19*256+15                            ; (self-mod) tečka
7296  D01A 3E 10                ld a,16
7297  D01C 11 68 D2             ld de,tecka
7298  D01F CD 09 81             call print
7299  D022
7300  D022 D1                   pop de
7301  D023
7302  D023                      ; ---- month = (DE >> 5) & 15
7303  D023                      ; poskládá z D/E posunem doprava (5 bitů)
7304  D023 7B                   ld a,e
7305  D024 42                   ld b,d
7306  D025 CB 38                srl b
7307  D027 C5                   push bc
7308  D028 1F                   rra
7309  D029 1F                   rra
7310  D02A 1F                   rra
7311  D02B 1F                   rra
7312  D02C 1F                   rra
7313  D02D E6 0F                and 15
7314  D02F
7315  D02F 6F                   ld l,a
7316  D030 26 00                ld h,0
7317  D032 CD 57 7D             call NUM
7318  D035
7319  D035 21 0F 14     shdt3   ld hl,20*256+15
7320  D038 3E 10                ld a,16
7321  D03A 11 51 7D             ld de,NUMBUF+3
7322  D03D CD 09 81             call print
7323  D040
7324  D040 21 0F 16     shdt4   ld hl,22*256+15
7325  D043 3E 10                ld a,16
7326  D045 11 68 D2             ld de,tecka
7327  D048 CD 09 81             call print
7328  D04B
7329  D04B                      ; ---- year = 1980 + (DE >> 9)
7330  D04B F1                   pop af                                      ; A = horní část po posunech (rok offset)
7331  D04C 6F                   ld l,a
7332  D04D 26 00                ld h,0
7333  D04F 11 BC 07             ld de,1980
7334  D052 19                   add hl,de
7335  D053 CD 57 7D             call NUM
7336  D056 CD E0 D0             call smaznuly                               ; odstraní vedoucí nuly (nahradí mezerou)
7337  D059
7338  D059 21 0F 17     shdt5   ld hl,23*256+15
7339  D05C 3E 10                ld a,16
7340  D05E 11 4F 7D             ld de,NUMBUF+1                             ; rok typicky 4 znaky
7341  D061 CD 09 81             call print
7342  D064 C9                   ret
7343  D065
7344  D065
7345  D065              ; ============================================================
7346  D065              ; showtime
7347  D065              ; Vypíše čas z MS-DOS formátu (DE) na pozici HL.
7348  D065              ; MS-DOS time (16-bit):
7349  D065              ;   bits 0-4   = seconds/2  (0-29)  -> *2 = 0..58
7350  D065              ;   bits 5-10  = minutes    (0-59)
7351  D065              ;   bits 11-15 = hours      (0-23)
7352  D065              ;
7353  D065              ; Vypíše hh:mm:ss
7354  D065              ; ============================================================
7355  D065              ; DE - čas ve formátu MSDOS
7356  D065              ; HL - pozice
7357  D065              showtime
7358  D065                      ; pozice pro jednotlivé části (self-mod shtm1..shtm5)
7359  D065 22 9B D0             ld (shtm1+1),hl                            ; hodiny
7360  D068 24                   inc h
7361  D069 24                   inc h
7362  D06A 22 A6 D0             ld (shtm2+1),hl                            ; dvojtečka
7363  D06D 24                   inc h
7364  D06E 22 B8 D0             ld (shtm3+1),hl                            ; minuty
7365  D071 24                   inc h
7366  D072 24                   inc h
7367  D073 22 C3 D0             ld (shtm4+1),hl                            ; druhá dvojtečka
7368  D076 24                   inc h
7369  D077 22 D5 D0             ld (shtm5+1),hl                            ; vteřiny
7370  D07A
7371  D07A                      ; ---- seconds = (E & 0x1F) * 2
7372  D07A 7B                   ld a,e
7373  D07B E6 1F                and 00011111b
7374  D07D 87                   add a,a
7375  D07E 32 CE D0             ld (vteriny+1),a                           ; self-mod: operand pro "ld l,0" níže
7376  D081
7377  D081                      ; ---- hours/minutes: posuny doprava pro získání hodin (A) a minut (AF)
7378  D081                      ; Výsledkem:
7379  D081                      ;   A = hours
7380  D081                      ;   AF (po pop) = minutes (z B po posunech)
7381  D081 7A                   ld a,d
7382  D082 43                   ld b,e
7383  D083 CB 3F                srl a
7384  D085 CB 18                rr  b
7385  D087 CB 3F                srl a
7386  D089 CB 18                rr  b
7387  D08B CB 3F                srl a
7388  D08D CB 18                rr  b                                      ; po 3 posunech máme A≈(time>>3) a B≈(time low)
7389  D08F CB 38                srl b
7390  D091 CB 38                srl b                                      ; doladění na minutes (>>5)
7391  D093 C5                   push bc
7392  D094
7393  D094                      ; ---- print hours
7394  D094 6F                   ld l,a
7395  D095 26 00                ld h,0
7396  D097 CD 57 7D             call NUM
7397  D09A 21 10 11     shtm1   ld hl,17*256+16
7398  D09D 3E 10                ld a,16
7399  D09F 11 51 7D             ld de,NUMBUF+3
7400  D0A2 CD 09 81             call print
7401  D0A5
7402  D0A5 21 10 13     shtm2   ld hl,19*256+16
7403  D0A8 3E 10                ld a,16
7404  D0AA 11 6B D2             ld de,dvojtecka
7405  D0AD CD 09 81             call print
7406  D0B0
7407  D0B0                      ; ---- print minutes (z uloženého B)
7408  D0B0 F1                   pop af                                      ; A = minutes
7409  D0B1 6F                   ld l,a
7410  D0B2 26 00                ld h,0
7411  D0B4 CD 57 7D             call NUM
7412  D0B7 21 10 14     shtm3   ld hl,20*256+16
7413  D0BA 3E 10                ld a,16
7414  D0BC 11 51 7D             ld de,NUMBUF+3
7415  D0BF CD 09 81             call print
7416  D0C2
7417  D0C2 21 10 13     shtm4   ld hl,19*256+16
7418  D0C5 3E 10                ld a,16
7419  D0C7 11 6B D2             ld de,dvojtecka
7420  D0CA CD 09 81             call print
7421  D0CD
7422  D0CD                      ; ---- print seconds (operand je self-mod vteriny)
7423  D0CD 2E 00        vteriny ld l,0                                     ; sem se dosadí seconds
7424  D0CF 26 00                ld h,0
7425  D0D1 CD 57 7D             call NUM
7426  D0D4 21 10 14     shtm5   ld hl,20*256+16
7427  D0D7 3E 10                ld a,16
7428  D0D9 11 51 7D             ld de,NUMBUF+3
7429  D0DC CD 09 81             call print
7430  D0DF
7431  D0DF C9                   ret
7432  D0E0
7433  D0E0
7434  D0E0              ; ============================================================
7435  D0E0              ; smaznuly
7436  D0E0              ; Odstraní vedoucí nuly v NUMBUF tím, že je nahradí mezerou.
7437  D0E0              ; Končí na první nenulové číslici.
7438  D0E0              ; ============================================================
7439  D0E0              smaznuly
7440  D0E0 21 4E 7D             ld hl,NUMBUF
7441  D0E3 06 05                ld b,5
7442  D0E5 7E           snuly   ld a,(hl)
7443  D0E6 FE 30                cp "0"
7444  D0E8 C0                   ret nz
7445  D0E9 36 20                ld (hl)," "
7446  D0EB 23                   inc hl
7447  D0EC 10 F7                djnz snuly
7448  D0EE C9                   ret
7449  D0EF
7450  D0EF
7451  D0EF              ; ============================================================
7452  D0EF              ; help - trampoline do extra banky (EXTRA_BANK_PAGE)
7453  D0EF              ; ============================================================
7454  D0EF              help
7455  D0EF CD B6 7E             call savescr
7456  D0F2                      NEXTREG2A MMU7_E000_NR_57
7456  D0F2             >            ; přečti NextReg číslo nextreg? do A (přes ReadNextReg2A)
7456  D0F2 3E 57       >            ld a,MMU7_E000_NR_57
7456  D0F4 CD 03 71    >            call ReadNextReg2A
7457  D0F7 F5                   push af
7458  D0F8 ED 91 57 5A          nextreg MMU7_E000_NR_57, 90
7459  D0FC CD 35 EA             call EXTRA_HELP
7460  D0FF F1                   pop af
7461  D100 ED 92 57             nextreg MMU7_E000_NR_57, a
7462  D103 CD CA 7E             call loadscr
7463  D106 C3 83 72             jp loop0
7464  D109
7465  D109
7466  D109              ; ============================================================
7467  D109              ; notnow
7468  D109              ; Univerzální dialog: “This feature is not yet implemented.”
7469  D109              ; Po stisku klávesy obnoví původní obrazovku + znovu překreslí nadpis
7470  D109              ; (ruční kopie nadpisu do #4000 s atributem 16).
7471  D109              ; ============================================================
7472  D109              notnow
7473  D109 CD B6 7E             call savescr
7474  D10C                      NEXTREG2A MMU7_E000_NR_57
7474  D10C             >            ; přečti NextReg číslo nextreg? do A (přes ReadNextReg2A)
7474  D10C 3E 57       >            ld a,MMU7_E000_NR_57
7474  D10E CD 03 71    >            call ReadNextReg2A
7475  D111 F5                   push af
7476  D112 ED 91 57 5A          nextreg MMU7_E000_NR_57, 90
7477  D116 CD B0 F0             call EXTRA_NOTNOW
7478  D119 F1                   pop af
7479  D11A ED 92 57             nextreg MMU7_E000_NR_57, a
7480  D11D CD CA 7E             call loadscr
7481  D120 C3 83 72             jp loop0
7482  D123
7483  D123              sort_loaded_dir_trampoline
7484  D123 ED 91 57 5A          nextreg MMU7_E000_NR_57,90
7485  D127 CD B7 E0             call sort_loaded_dir
7486  D12A ED 91 57 01          nextreg MMU7_E000_NR_57,1
7487  D12E C9                   ret
7488  D12F
7489  D12F              infoend
7490  D12F CD CA 7E             call loadscr
7491  D132 C3 83 72             jp loop0
7492  D135
7493  D135
7494  D135
7495  D135              info
7496  D135 CD B6 7E             call savescr
7497  D138                      NEXTREG2A MMU7_E000_NR_57
7497  D138             >            ; přečti NextReg číslo nextreg? do A (přes ReadNextReg2A)
7497  D138 3E 57       >            ld a,MMU7_E000_NR_57
7497  D13A CD 03 71    >            call ReadNextReg2A
7498  D13D F5                   push af
7499  D13E ED 91 57 5A          nextreg MMU7_E000_NR_57, 90
7500  D142 CD 41 E3             call EXTRA_INFO
7501  D145 F1                   pop af
7502  D146 ED 92 57             nextreg MMU7_E000_NR_57, a
7503  D149 CD CA 7E             call loadscr
7504  D14C C3 83 72             jp loop0
7505  D14F
7506  D14F                      MACRO emit_info_code
7507  D14F ~            EXTRA_INFO
7508  D14F ~                    ld hl,8 * 256 + 10
7509  D14F ~                    ld bc,60 * 256 + 10
7510  D14F ~                    ld a,16
7511  D14F ~                    call window
7512  D14F ~
7513  D14F ~                    ld hl,11*256+11
7514  D14F ~                    ld a,16
7515  D14F ~                    ld de,calmcommander
7516  D14F ~                    call print
7517  D14F ~
7518  D14F ~                    ld hl,11*256+13
7519  D14F ~                    ld a,16
7520  D14F ~                    ld de,info1txt
7521  D14F ~                    call print
7522  D14F ~
7523  D14F ~                    ld hl,11*256+14
7524  D14F ~                    ld a,16
7525  D14F ~                    ld de,info6txt
7526  D14F ~                    call print
7527  D14F ~
7528  D14F ~                    ld a,(pocetstranek)
7529  D14F ~                    ld e,a
7530  D14F ~                    ld d,8
7531  D14F ~                    mul d,e
7532  D14F ~                    ex de,hl
7533  D14F ~                    call NUM
7534  D14F ~                    ld hl,30*256+14
7535  D14F ~                    ld a,16
7536  D14F ~                    ld de,NUMBUF+1
7537  D14F ~
7538  D14F ~                    call print
7539  D14F ~
7540  D14F ~                    ld hl,34*256+14
7541  D14F ~                    ld a,16
7542  D14F ~                    ld de,kB
7543  D14F ~                    call print
7544  D14F ~
7545  D14F ~                    ld hl,11*256+15
7546  D14F ~                    ld a,16
7547  D14F ~                    ld de,rtc
7548  D14F ~                    call print
7549  D14F ~
7550  D14F ~                    ld de,presenttxt
7551  D14F ~                    ld a,(rtcpresent)
7552  D14F ~                    or a
7553  D14F ~                    jr nz,rtcje
7554  D14F ~                    ld de,notpresenttxt
7555  D14F ~            rtcje
7556  D14F ~
7557  D14F ~                    ld hl,16*256+15
7558  D14F ~                    ld a,16
7559  D14F ~
7560  D14F ~                    call print
7561  D14F ~
7562  D14F ~
7563  D14F ~
7564  D14F ~                    ld hl,11*256+17
7565  D14F ~                    ld a,16
7566  D14F ~                    ld de,info2txt
7567  D14F ~                    call print
7568  D14F ~
7569  D14F ~                    ld hl,11*256+18
7570  D14F ~                    ld a,16
7571  D14F ~                    ld de,info3txt
7572  D14F ~                    call print
7573  D14F ~
7574  D14F ~                    ld hl,11*256+19
7575  D14F ~                    ld a,16
7576  D14F ~                    ld de,info5txt
7577  D14F ~                    call print
7578  D14F ~
7579  D14F ~
7580  D14F ~                    ld hl,45*256+20
7581  D14F ~                    ld a,32
7582  D14F ~                    ld de,breaktxt
7583  D14F ~                    call print
7584  D14F ~
7585  D14F ~            info0
7586  D14F ~                    xor a
7587  D14F ~                    ld (TLACITKO),a
7588  D14F ~                    call extra_read_key                      ; INKEY nelze: gettime pise na $7FFD a odstrankuje extra banku
7589  D14F ~                    cp 1
7590  D14F ~                    ret z
7591  D14F ~                    jp info0
7592  D14F                      ENDM
7593  D14F
7594  D14F              kresli
7595  D14F CD E7 A1             call prekresli_prazdne_okna
7596  D152 3E 00                ld a,0
7597  D154 11 F8 89             ld de,bottom
7598  D157 21 1F 00             ld hl,0*256+31
7599  D15A CD 09 81             call print
7600  D15D
7601  D15D 21 1F 02             ld hl,2*256+31
7602  D160 3E 20                ld a,32
7603  D162 11 65 8B             ld de,left_txt
7604  D165 CD 09 81             call print
7605  D168
7606  D168 21 1F 0A             ld hl,10*256+31
7607  D16B 3E 20                ld a,32
7608  D16D 11 6D 8B             ld de,right_txt
7609  D170 CD 09 81             call print
7610  D173
7611  D173 21 1F 13             ld hl,19*256+31
7612  D176 3E 20                ld a,32
7613  D178 11 76 8B             ld de,view_txt
7614  D17B CD 09 81             call print
7615  D17E
7616  D17E 21 1F 1B             ld hl,27*256+31
7617  D181 3E 20                ld a,32
7618  D183 11 7E 8B             ld de,edit_txt
7619  D186 CD 09 81             call print
7620  D189
7621  D189 21 1F 23             ld hl,35*256+31
7622  D18C 3E 20                ld a,32
7623  D18E 11 86 8B             ld de,copy_txt
7624  D191 CD 09 81             call print
7625  D194
7626  D194 21 1F 2B             ld hl,43*256+31
7627  D197 3E 20                ld a,32
7628  D199 11 8E 8B             ld de,move_txt
7629  D19C CD 09 81             call print
7630  D19F
7631  D19F 21 1F 33             ld hl,51*256+31
7632  D1A2 3E 20                ld a,32
7633  D1A4 11 96 8B             ld de,mkdir_txt
7634  D1A7 CD 09 81             call print
7635  D1AA
7636  D1AA 21 1F 3C             ld hl,60*256+31
7637  D1AD 3E 20                ld a,32
7638  D1AF 11 9F 8B             ld de,delete_txt
7639  D1B2 CD 09 81             call print
7640  D1B5
7641  D1B5 21 1F 46             ld hl,70*256+31
7642  D1B8 3E 20                ld a,32
7643  D1BA 11 A9 8B             ld de,menu_txt
7644  D1BD CD 09 81             call print
7645  D1C0
7646  D1C0 C9                   ret
7647  D1C1
7648  D1C1
7649  D1C1              FINDLFN
7650  D1C1 E5                   push hl
7651  D1C2 21 8F 87             ld hl,pathl
7652  D1C5 CD 50 7F             call ROZHOD2
7653  D1C8 7E                   ld a,(hl)
7654  D1C9 23                   inc hl
7655  D1CA 66                   ld h,(hl)
7656  D1CB 6F                   ld l,a
7657  D1CC
7658  D1CC 11 02 00             ld de,2
7659  D1CF 19                   add hl,de
7660  D1D0 7E                   ld a,(hl)
7661  D1D1
7662  D1D1 E1                   pop hl
7663  D1D2 FE FF                cp 255
7664  D1D4 20 01                jr nz,findlfn830
7665  D1D6 23                   inc hl
7666  D1D7              findlfn830
7667  D1D7 E5                   push hl
7668  D1D8 21 DC 83             ld hl,lfnpage
7669  D1DB CD 48 7F             call ROZHOD
7670  D1DE 7E                   ld a,(hl)
7671  D1DF 32 06 D2             ld (lfnroot+1),a
7672  D1E2
7673  D1E2 21 C5 9C             ld hl,LFNNAME
7674  D1E5 11 C6 9C             ld de,LFNNAME+1
7675  D1E8 01 0D 01             ld bc,maxlen
7676  D1EB 3E 20        vypln	ld a,32
7677  D1ED 77                   ld (hl),a
7678  D1EE ED B0                ldir
7679  D1F0
7680  D1F0 E1                   pop hl
7681  D1F1 B7                   or a
7682  D1F2 11 1E 00             ld de,30
7683  D1F5 ED 52                sbc hl,de
7684  D1F7 19                   add hl,de
7685  D1F8 38 07                jr c,prvni
7686  D1FA 0E 1E                ld c,30
7687  D1FC CD AE 84             call deleno
7688  D1FF 18 03                jr oddeleno
7689  D201 7D           prvni	ld a,l
7690  D202 2E 00                ld l,0
7691  D204
7692  D204 F5           oddeleno	push af
7693  D205 3E 18        lfnroot	ld a,24
7694  D207 85                   add a,l
7695  D208 ED 92 57                 nextreg $57,a
7696  D20B C1                       pop bc
7697  D20C 11 0D 01                 ld de,maxlen
7698  D20F 78                       ld a,b
7699  D210 B7                       or a
7700  D211 21 00 E0                 ld hl,$e000
7701  D214 28 03                    jr z,prvnizaznam
7702  D216              lll
7703  D216 19                       add hl,de
7704  D217 10 FD                    djnz lll
7705  D219
7706  D219              prvnizaznam
7707  D219 22 BB 84                 ld (addrlfn),hl
7708  D21C 11 C5 9C                 ld de,LFNNAME
7709  D21F 01 0D 01                 ld bc,maxlen
7710  D222              popop
7711  D222 7E                       ld a,(hl)
7712  D223 FE FF                    cp 255
7713  D225 28 08                    jr z,kon
7714  D227 12                       ld (de),a
7715  D228 23                       inc hl
7716  D229 13                       inc de
7717  D22A 0B                       dec bc
7718  D22B 78                       ld a,b
7719  D22C B1                       or c
7720  D22D 20 F3                    jr nz,popop
7721  D22F
7722  D22F              kon
7723  D22F 2A BB 84                 ld hl,(addrlfn)
7724  D232 11 05 01                 ld de,261
7725  D235 19                       add hl,de
7726  D236 11 CA 9D                 ld de,LFNNAME+261
7727  D239 01 08 00                 ld bc,8
7728  D23C ED B0                    ldir                                  ; prenes velikost souboru
7729  D23E 21 C5 9C                 ld hl,LFNNAME
7730  D241 06 28                    ld b,40
7731  D243              F22222
7732  D243 7E                       ld a,(hl)
7733  D244 FE FF                    cp 255
7734  D246 CC BD 84                 call z,setspace
7735  D249 23                       inc hl
7736  D24A 10 F7                    djnz F22222
7737  D24C 21 C5 9C     lfnend		ld hl,LFNNAME
7738  D24F
7739  D24F 11 C2 50     lfnat		ld de,20672+2
7740  D252 21 C5 9C                 ld hl,LFNNAME
7741  D255 C9                       ret
7742  D256
7743  D256
7744  D256
7745  D256
7746  D256 41 74 74 72  sysatrtxt	defb "Attr:",0
7746  D25A 3A 00
7747  D25C              fileinfonadpis
7748  D25C 49 6E 66 6F              defb "Info:",0
7748  D260 3A 00
7749  D262 44 3A 00     filedate	defb "D:",0
7750  D265 54 3A 00     filetime	defb "T:",0
7751  D268 2E 20 00     tecka		defb ". ",0
7752  D26B 3A 00        dvojtecka 	defb ":",0
7753  D26D              DISC
7754  D26D
7755  D26D
7756  D26D                      include "functions/search.asm"
# file opened: functions/search.asm
   1+ D26D
   2+ D26D              ; ------------------------------------------------------------
   3+ D26D              ; wildcard_match_ci
   4+ D26D              ;   '*' = libovolná posloupnost znaků (včetně prázdné)
   5+ D26D              ;   '?' = jeden libovolný znak
   6+ D26D              ;   case-insensitive ASCII
   7+ D26D              ;   terminátor: 0 nebo 255
   8+ D26D              ;
   9+ D26D              ; IN : DE = pattern (maska)
  10+ D26D              ;      HL = text (filename)
  11+ D26D              ; OUT: ZF=1 match
  12+ D26D              ;      ZF=0 no match
  13+ D26D              ; TRASH: AF, BC, DE, HL, IX
  14+ D26D              ; ------------------------------------------------------------
  15+ D26D              search
  16+ D26D              wildcard_match_ci:
  17+ D26D
  18+ D26D                      ; IX = pattern resume po '*'
  19+ D26D                      ; BC = text resume pro '*'
  20+ D26D DD 21 00 00          ld ix,0
  21+ D271 01 00 00             ld bc,0
  22+ D274
  23+ D274              .loop:
  24+ D274 1A                   ld a,(de)
  25+ D275 CD D7 D2             call .is_end
  26+ D278 28 37                jr z,.pattern_end
  27+ D27A
  28+ D27A FE 2A                cp '*'
  29+ D27C 28 2B                jr z,.star
  30+ D27E
  31+ D27E 7E                   ld a,(hl)
  32+ D27F CD D7 D2             call .is_end
  33+ D282 28 41                jr z,.text_end_need_only_stars
  34+ D284
  35+ D284 1A                   ld a,(de)
  36+ D285 FE 3F                cp '?'
  37+ D287 28 1C                jr z,.match_one
  38+ D289
  39+ D289                      ; case-insensitive compare (SAFE: nešahá na D/E pointer)
  40+ D289 C5                   push bc                ; zachovej resume pointer
  41+ D28A 1A                   ld a,(de)
  42+ D28B CD DD D2             call to_upper
  43+ D28E 47                   ld b,a                 ; B = upper(pattern char)
  44+ D28F
  45+ D28F 7E                   ld a,(hl)
  46+ D290 CD DD D2             call to_upper
  47+ D293 B8                   cp b                   ; compare upper(text char) vs upper(pattern)
  48+ D294 C1                   pop bc
  49+ D295 28 0E                jr z,.match_one
  50+ D297
  51+ D297                      ; mismatch
  52+ D297 DD 7D                ld a,ixl
  53+ D299 DD B4                or ixh
  54+ D29B 28 37                jr z,.fail
  55+ D29D
  56+ D29D                      ; backtrack přes '*'
  57+ D29D DD E5                push ix
  58+ D29F D1                   pop de                 ; DE = pattern resume (za '*')
  59+ D2A0
  60+ D2A0 03                   inc bc                 ; posuň text resume o 1
  61+ D2A1 C5                   push bc
  62+ D2A2 E1                   pop hl                 ; HL = nový text resume
  63+ D2A3 18 CF                jr .loop
  64+ D2A5
  65+ D2A5              .match_one:
  66+ D2A5 13                   inc de
  67+ D2A6 23                   inc hl
  68+ D2A7 18 CB                jr .loop
  69+ D2A9
  70+ D2A9              .star:
  71+ D2A9 13                   inc de                 ; přeskoč '*'
  72+ D2AA D5                   push de
  73+ D2AB DD E1                pop ix                 ; IX = pattern resume (za '*')
  74+ D2AD E5                   push hl
  75+ D2AE C1                   pop bc                 ; BC = text resume (odtud může '*' začít matchovat)
  76+ D2AF 18 C3                jr .loop
  77+ D2B1
  78+ D2B1              .pattern_end:
  79+ D2B1                      ; pattern skončil -> match jen když text taky skončil
  80+ D2B1 7E                   ld a,(hl)
  81+ D2B2 CD D7 D2             call .is_end
  82+ D2B5 28 1B                jr z,.success
  83+ D2B7
  84+ D2B7                      ; jinak povol backtrack, jen pokud bylo '*'
  85+ D2B7 DD 7D                ld a,ixl
  86+ D2B9 DD B4                or ixh
  87+ D2BB 28 17                jr z,.fail
  88+ D2BD
  89+ D2BD DD E5                push ix
  90+ D2BF D1                   pop de
  91+ D2C0
  92+ D2C0 03                   inc bc
  93+ D2C1 C5                   push bc
  94+ D2C2 E1                   pop hl
  95+ D2C3 18 AF                jr .loop
  96+ D2C5
  97+ D2C5              .text_end_need_only_stars:
  98+ D2C5                      ; text skončil -> pattern může obsahovat už jen '*'
  99+ D2C5              .skip_stars:
 100+ D2C5 1A                   ld a,(de)
 101+ D2C6 CD D7 D2             call .is_end
 102+ D2C9 28 07                jr z,.success
 103+ D2CB FE 2A                cp '*'
 104+ D2CD 20 05                jr nz,.fail
 105+ D2CF 13                   inc de
 106+ D2D0 18 F3                jr .skip_stars
 107+ D2D2
 108+ D2D2              .success:
 109+ D2D2 AF                   xor a                  ; ZF=1
 110+ D2D3 C9                   ret
 111+ D2D4
 112+ D2D4              .fail:
 113+ D2D4 F6 01                or 1                   ; ZF=0
 114+ D2D6 C9                   ret
 115+ D2D7
 116+ D2D7              ; ------------------------------------------------------------
 117+ D2D7              ; A = znak
 118+ D2D7              ; Z pokud 0 nebo 255
 119+ D2D7              .is_end:
 120+ D2D7 FE 00                cp 0
 121+ D2D9 C8                   ret z
 122+ D2DA FE FF                cp 255
 123+ D2DC C9                   ret
 124+ D2DD
 125+ D2DD              ; ------------------------------------------------------------
 126+ D2DD              ; A -> uppercase pokud 'a'..'z'
 127+ D2DD              to_upper:
 128+ D2DD FE 61                cp 'a'
 129+ D2DF D8                   ret c
 130+ D2E0 FE 7B                cp 'z'+1
 131+ D2E2 D0                   ret nc
 132+ D2E3 D6 20                sub 32
 133+ D2E5 C9                   ret
 134+ D2E6
 135+ D2E6
 136+ D2E6
 137+ D2E6              ;Hledávní se specifickým koncem (default je 255)
 138+ D2E6              ;Vstup:
 139+ D2E6              ;Vstup:
 140+ D2E6              ;         DE .... vstup hledaneho retezce (ukončený bytem 255)
 141+ D2E6              ;         HL .... vstup textu,kde budeme hledat (ukončený bytem 255)
 142+ D2E6              ;		  A ..... ukončující byte
 143+ D2E6              ; Výstup:
 144+ D2E6              ;         Z ... nalezeno
 145+ D2E6              ;         NZ .. nenalezeno
 146+ D2E6
 147+ D2E6              specific_search
 148+ D2E6 DD E5        			push ix
 149+ D2E8 CD 6D D2     			call search
 150+ D2EB DD E1        			pop ix
 151+ D2ED C9           			ret
 152+ D2EE
 153+ D2EE              ; ------------------------------------------------------------
 154+ D2EE              ; jump_search
 155+ D2EE              ;   S spusti rychle hledani podle zacatku jmena.
 156+ D2EE              ;   Psané znaky se prubezne pridavaji do searchJumpBuf a po kazdem
 157+ D2EE              ;   kroku se kurzor presune na prvni case-insensitive prefix match.
 158+ D2EE              ; ------------------------------------------------------------
 159+ D2EE              searchJumpBuf   equ 23296
 160+ D2EE              searchJumpLen   equ FILES
 161+ D2EE
 162+ D2EE              jump_search
 163+ D2EE AF                   xor a
 164+ D2EF 32 73 87             ld (searchJumpLen),a
 165+ D2F2 21 00 5B             ld hl,searchJumpBuf
 166+ D2F5 36 2A                ld (hl),'*'
 167+ D2F7 23                   inc hl
 168+ D2F8 36 FF                ld (hl),255
 169+ D2FA
 170+ D2FA              .wait_release
 171+ D2FA CD 4C 80             call KEYSCAN
 172+ D2FD 7B                   ld a,e
 173+ D2FE 3C                   inc a
 174+ D2FF 20 F9                jr nz,.wait_release
 175+ D301 AF                   xor a
 176+ D302 32 12 80             ld (aLAST_KEY+1),a
 177+ D305 32 17 80             ld (aREPEAT_CNT+1),a
 178+ D308
 179+ D308              .wait_key
 180+ D308 CD AA 7F             call INKEY
 181+ D30B FE 0D                cp 13
 182+ D30D CA F7 D3             jp z,jump_search_exit
 183+ D310 FE 01                cp 1
 184+ D312 CA F7 D3             jp z,jump_search_exit
 185+ D315 FE 0A                cp 10
 186+ D317 CA FD D3             jp z,jump_search_down
 187+ D31A FE 0B                cp 11
 188+ D31C CA 03 D4             jp z,jump_search_up
 189+ D31F FE 0C                cp 12
 190+ D321 28 25                jr z,.backspace
 191+ D323 FE C7                cp 199
 192+ D325 28 21                jr z,.backspace
 193+ D327 FE 20                cp 32
 194+ D329 38 DD                jr c,.wait_key
 195+ D32B
 196+ D32B 4F                   ld c,a
 197+ D32C 21 73 87             ld hl,searchJumpLen
 198+ D32F 7E                   ld a,(hl)
 199+ D330 5F                   ld e,a
 200+ D331 16 00                ld d,0
 201+ D333 34                   inc (hl)
 202+ D334 21 00 5B             ld hl,searchJumpBuf
 203+ D337 19                   add hl,de
 204+ D338 79                   ld a,c
 205+ D339 77                   ld (hl),a
 206+ D33A 23                   inc hl
 207+ D33B 36 2A                ld (hl),'*'
 208+ D33D 23                   inc hl
 209+ D33E 36 FF                ld (hl),255
 210+ D340 CD 24 D4             call jump_search_draw
 211+ D343 CD 65 D3             call jump_search_apply
 212+ D346 18 C0                jr .wait_key
 213+ D348
 214+ D348              .backspace
 215+ D348 21 73 87             ld hl,searchJumpLen
 216+ D34B 7E                   ld a,(hl)
 217+ D34C B7                   or a
 218+ D34D 28 B9                jr z,.wait_key
 219+ D34F 3D                   dec a
 220+ D350 77                   ld (hl),a
 221+ D351 5F                   ld e,a
 222+ D352 16 00                ld d,0
 223+ D354 21 00 5B             ld hl,searchJumpBuf
 224+ D357 19                   add hl,de
 225+ D358 36 2A                ld (hl),'*'
 226+ D35A 23                   inc hl
 227+ D35B 36 FF                ld (hl),255
 228+ D35D CD 24 D4             call jump_search_draw
 229+ D360 CD 65 D3             call jump_search_apply
 230+ D363 18 A3                jr .wait_key
 231+ D365
 232+ D365              jump_search_apply
 233+ D365 CD 72 D3             call jump_search_find
 234+ D368 38 04                jr c,.not_found
 235+ D36A CD B3 D3             call jump_search_place_cursor
 236+ D36D C9                   ret
 237+ D36E              .not_found
 238+ D36E CD B5 BF             call beepk
 239+ D371 C9                   ret
 240+ D372
 241+ D372              ; OUT: C=0 found, HL = 1-based katalogovy index
 242+ D372              ;      C=1 not found
 243+ D372              jump_search_find
 244+ D372 21 4F 87             ld hl,ALLFILES
 245+ D375 CD 50 7F             call ROZHOD2
 246+ D378 7E                   ld a,(hl)
 247+ D379 B7                   or a
 248+ D37A 28 34                jr z,jump_search_not_found
 249+ D37C 32 89 D3             ld (jump_search_count+1),a
 250+ D37F CD 25 7E             call getroot_reload
 251+ D382 22 BB D3             ld (jump_search_base+1),hl
 252+ D385 22 92 D3             ld (jump_search_scan+1),hl
 253+ D388
 254+ D388              jump_search_loop
 255+ D388              jump_search_count
 256+ D388 3E 00                ld a,0
 257+ D38A B7                   or a
 258+ D38B 28 23                jr z,jump_search_not_found
 259+ D38D 3D                   dec a
 260+ D38E 32 89 D3             ld (jump_search_count+1),a
 261+ D391              jump_search_scan
 262+ D391 21 00 00             ld hl,0
 263+ D394 E5                   push hl
 264+ D395 23                   inc hl
 265+ D396 CD 65 7F             call find83
 266+ D399 E1                   pop hl
 267+ D39A E5                   push hl
 268+ D39B CD C1 D1             call FINDLFN
 269+ D39E 11 00 5B             ld de,searchJumpBuf
 270+ D3A1 21 C5 9C             ld hl,LFNNAME
 271+ D3A4 CD 6D D2             call search
 272+ D3A7 E1                   pop hl
 273+ D3A8 28 08                jr z,jump_search_found
 274+ D3AA 23                   inc hl
 275+ D3AB 22 92 D3             ld (jump_search_scan+1),hl
 276+ D3AE 18 D8                jr jump_search_loop
 277+ D3B0              jump_search_not_found
 278+ D3B0 37                   scf
 279+ D3B1 C9                   ret
 280+ D3B2              jump_search_found
 281+ D3B2 C9                   ret
 282+ D3B3
 283+ D3B3              ; IN: HL = nalezeny 1-based index
 284+ D3B3              jump_search_place_cursor
 285+ D3B3 E5                   push hl
 286+ D3B4 3E 00                ld a,0
 287+ D3B6 CD 18 7F             call writecur
 288+ D3B9 E1                   pop hl
 289+ D3BA              jump_search_base
 290+ D3BA 11 00 00             ld de,0
 291+ D3BD 7D                   ld a,l
 292+ D3BE 47                   ld b,a
 293+ D3BF 93                   sub e
 294+ D3C0 4F                   ld c,a
 295+ D3C1 FE 1B                cp 27
 296+ D3C3 38 09                jr c,.store_pos
 297+ D3C5 78                   ld a,b
 298+ D3C6 D6 0D                sub 13
 299+ D3C8 5F                   ld e,a
 300+ D3C9 0E 0D                ld c,13
 301+ D3CB CD 04 C0             call pjs_cap_end
 302+ D3CE              .store_pos
 303+ D3CE 21 A9 89             ld hl,STARTWINL
 304+ D3D1 CD 50 7F             call ROZHOD2
 305+ D3D4 73                   ld (hl),e
 306+ D3D5 23                   inc hl
 307+ D3D6 72                   ld (hl),d
 308+ D3D7 21 A3 89             ld hl,POSKURZL
 309+ D3DA CD 48 7F             call ROZHOD
 310+ D3DD 79                   ld a,c
 311+ D3DE 77                   ld (hl),a
 312+ D3DF
 313+ D3DF 21 72 7E             ld hl,adrl
 314+ D3E2 CD 50 7F             call ROZHOD2
 315+ D3E5 7E                   ld a,(hl)
 316+ D3E6 23                   inc hl
 317+ D3E7 66                   ld h,(hl)
 318+ D3E8 6F                   ld l,a
 319+ D3E9 22 A3 C8             ld (adrs+1),hl
 320+ D3EC CD 23 7D             call getroot
 321+ D3EF CD 4B C7             call showwin
 322+ D3F2 3E 20                ld a,32
 323+ D3F4 C3 18 7F             jp writecur
 324+ D3F7
 325+ D3F7              jump_search_exit
 326+ D3F7 CD 09 D4             call jump_search_restore_title
 327+ D3FA C3 83 72             jp loop0
 328+ D3FD              jump_search_down
 329+ D3FD CD 09 D4             call jump_search_restore_title
 330+ D400 C3 BD C5             jp down
 331+ D403              jump_search_up
 332+ D403 CD 09 D4             call jump_search_restore_title
 333+ D406 C3 A1 C6             jp up
 334+ D409
 335+ D409              jump_search_restore_title
 336+ D409 AF                   xor a
 337+ D40A 32 73 87             ld (searchJumpLen),a
 338+ D40D CD 24 D4             call jump_search_draw
 339+ D410 21 EE 90             ld hl,emptypos
 340+ D413 CD 50 7F             call ROZHOD2
 341+ D416 7E                   ld a,(hl)
 342+ D417 23                   inc hl
 343+ D418 66                   ld h,(hl)
 344+ D419 6F                   ld l,a
 345+ D41A AF                   xor a
 346+ D41B 11 F2 90             ld de,emptydir
 347+ D41E CD 09 81             call print
 348+ D421 C3 67 8F             jp GETDIR
 349+ D424
 350+ D424              jump_search_draw
 351+ D424 21 B8 40             ld hl,$4000+160+24
 352+ D427 3A 88 87             ld a,(OKNO)
 353+ D42A CB 67                bit 4,a
 354+ D42C 28 04                jr z,.pos_ok
 355+ D42E 11 50 00             ld de,80
 356+ D431 19                   add hl,de
 357+ D432              .pos_ok
 358+ D432 3A 73 87             ld a,(searchJumpLen)
 359+ D435 B7                   or a
 360+ D436 20 0B                jr nz,.box
 361+ D438 06 0E                ld b,14
 362+ D43A              .clear
 363+ D43A 36 20                ld (hl),' '
 364+ D43C 23                   inc hl
 365+ D43D 36 10                ld (hl),16
 366+ D43F 23                   inc hl
 367+ D440 10 F8                djnz .clear
 368+ D442 C9                   ret
 369+ D443              .box
 370+ D443 36 5B                ld (hl),'['
 371+ D445 23                   inc hl
 372+ D446 36 10                ld (hl),16
 373+ D448 23                   inc hl
 374+ D449 06 0C                ld b,12
 375+ D44B 3A 73 87             ld a,(searchJumpLen)
 376+ D44E 4F                   ld c,a
 377+ D44F 11 00 5B             ld de,searchJumpBuf
 378+ D452              .chars
 379+ D452 79                   ld a,c
 380+ D453 B7                   or a
 381+ D454 28 05                jr z,.space
 382+ D456 1A                   ld a,(de)
 383+ D457 13                   inc de
 384+ D458 0D                   dec c
 385+ D459 18 02                jr .char_ok
 386+ D45B              .space
 387+ D45B 3E 20                ld a,' '
 388+ D45D              .char_ok
 389+ D45D 77                   ld (hl),a
 390+ D45E 23                   inc hl
 391+ D45F 36 10                ld (hl),16
 392+ D461 23                   inc hl
 393+ D462 10 EE                djnz .chars
 394+ D464 36 5D                ld (hl),']'
 395+ D466 23                   inc hl
 396+ D467 36 10                ld (hl),16
 397+ D469 C9                   ret
 398+ D46A
 399+ D46A              deselect
 400+ D46A CD B6 7E             call savescr
 401+ D46D
 402+ D46D 21 0A 0A     		ld hl,10 * 256 + 10
 403+ D470 01 0A 3C     		ld bc,60 * 256 + 10
 404+ D473 3E 10        		ld a,16
 405+ D475 CD 2C 81     		call window
 406+ D478
 407+ D478 21 0B 0B     		ld hl,11*256+11
 408+ D47B 3E 10        		ld a,16
 409+ D47D 11 FE D5     		ld de,DESELTXT
 410+ D480 CD 09 81     		call print
 411+ D483
 412+ D483 21 0D 0B     		ld hl,11*256+13
 413+ D486 3E 10        		ld a,16
 414+ D488 11 F8 D5     		ld de,SELTXT2
 415+ D48B CD 09 81     		call print
 416+ D48E
 417+ D48E 21 14 38     		ld hl,56*256+20
 418+ D491 3E 30        		ld a,48
 419+ D493 11 B8 8C     		ld de,searchtxt
 420+ D496 CD 09 81     		call print
 421+ D499
 422+ D499 21 13 3C     		ld hl,60*256+19
 423+ D49C 3E 10        		ld a,16
 424+ D49E 11 D4 8C     		ld de,notxt
 425+ D4A1 CD 09 81     		call print
 426+ D4A4
 427+ D4A4
 428+ D4A4              ;		ld hx,59
 429+ D4A4              ;		ld hl,$4000 + 15*160 + 11*2
 430+ D4A4              ;		ld a,80
 431+ D4A4              ;		call INPUT
 432+ D4A4
 433+ D4A4
 434+ D4A4 DD 26 3B     		ld hx,59
 435+ D4A7 21 76 49     		ld hl,$4000 + 15*160 + 11*2
 436+ D4AA 3E 50        		ld a,80
 437+ D4AC
 438+ D4AC 22 19 AE     		ld (INPOS+1),hl     ;ulož adresu začátku pro další použití
 439+ D4AF 32 A2 AE             ld (INCOL+1),a      ;ulož barvu
 440+ D4B2
 441+ D4B2 21 00 5B     		ld hl,23296         ;do HL adresa editační oblasti
 442+ D4B5 DD 44        		ld b,hx             ;do B délka editační oblasti
 443+ D4B7 C5           		push bc
 444+ D4B8 36 20        RIN1aa 	ld (hl),32          ;a nyní celou editační
 445+ D4BA 23           		inc hl              ;zónu vyplníme mezerami
 446+ D4BB 10 FB        		djnz RIN1aa         ;na konec editační zóny
 447+ D4BD 3E 2A        		ld a,"*"
 448+ D4BF 32 00 5B     		ld (23296),a
 449+ D4C2 C1           		pop bc
 450+ D4C3
 451+ D4C3 FD CB 01 AE  		res 5,(iy+1)        ;signál není stisknuta klávesa
 452+ D4C7 AF           		xor a
 453+ D4C8
 454+ D4C8 3E 01        		ld a,1
 455+ D4CA 32 22 AE             ld (CURSOR+1),a
 456+ D4CD CD 16 AE             call IN2
 457+ D4D0
 458+ D4D0
 459+ D4D0
 460+ D4D0
 461+ D4D0 FE 01        		cp 1                    ;testuj BREAK
 462+ D4D2 CA 3E D5     		jp z,dfind_end
 463+ D4D5
 464+ D4D5 21 4F 87             ld hl,ALLFILES
 465+ D4D8 CD 50 7F     		call ROZHOD2
 466+ D4DB 7E           		ld a,(hl)
 467+ D4DC 23           		inc hl
 468+ D4DD 66           		ld h,(hl)
 469+ D4DE 6F           		ld l,a
 470+ D4DF              ;        dec hl
 471+ D4DF E5           dfind0   push hl
 472+ D4E0
 473+ D4E0
 474+ D4E0 CD C2 84     		call BUFF83
 475+ D4E3 CD 65 7F     		call find83
 476+ D4E6 E1           		pop hl
 477+ D4E7 E5                   push hl
 478+ D4E8 2B                   dec hl
 479+ D4E9 CD C1 D1     		call FINDLFN
 480+ D4EC
 481+ D4EC 21 3B 5B     		ld hl,23296 + 59		;najdi poslední znak
 482+ D4EF              dfind1
 483+ D4EF 2B           		dec hl
 484+ D4F0 7E           		ld a,(hl)
 485+ D4F1 FE 20        		cp 32
 486+ D4F3 28 FA        		jr z,dfind1
 487+ D4F5 23           		inc hl
 488+ D4F6 3E FF        		ld a,255
 489+ D4F8 77           		ld (hl),a
 490+ D4F9
 491+ D4F9 21 CA 9D     		ld hl,LFNNAME + 261		;najdi poslední znak
 492+ D4FC              dfind2
 493+ D4FC 2B           		dec hl
 494+ D4FD 7E           		ld a,(hl)
 495+ D4FE FE 20        		cp 32
 496+ D500 28 FA        		jr z,dfind2
 497+ D502 23           		inc hl
 498+ D503 3E FF        		ld a,255
 499+ D505 77           		ld (hl),a
 500+ D506
 501+ D506
 502+ D506 11 00 5B             ld de,23296
 503+ D509 21 C5 9C             ld hl,LFNNAME
 504+ D50C CD 6D D2             call search
 505+ D50F 20 26                jr nz,dnesouhlasi
 506+ D511 2A 96 7F             ld hl,(foundfile)
 507+ D514 CD C2 84             call BUFF83
 508+ D517 CB BE                res 7,(hl)
 509+ D519
 510+ D519 21 0A CB             ld hl,numsel
 511+ D51C CD 50 7F         	call ROZHOD2
 512+ D51F 22 ED D6             ld (adresasel+1),hl
 513+ D522 7E                   ld a,(hl)
 514+ D523 23                   inc hl
 515+ D524 66                   ld h,(hl)
 516+ D525 6F                   ld l,a
 517+ D526 23                   inc hl
 518+ D527 7D                   ld a,l
 519+ D528 32 33 D5             ld (dzvys+1),a
 520+ D52B 7C                   ld a,h
 521+ D52C 32 36 D5             ld (dzvys2+1),a
 522+ D52F 21 00 00     dadresasel   ld hl,0
 523+ D532 36 00        dzvys    ld (hl),0
 524+ D534 23                   inc hl
 525+ D535 36 00        dzvys2   ld (hl),0
 526+ D537
 527+ D537              dnesouhlasi
 528+ D537 E1                   pop hl
 529+ D538 2B                   dec hl
 530+ D539 7D                   ld a,l
 531+ D53A B4                   or h
 532+ D53B C2 DF D4             jp nz,dfind0
 533+ D53E
 534+ D53E              dfind_end
 535+ D53E CD CA 7E             call loadscr
 536+ D541 21 72 7E     		ld hl,adrl
 537+ D544 CD 50 7F     		call ROZHOD2
 538+ D547 7E           		ld a,(hl)
 539+ D548 23           		inc hl
 540+ D549 66           		ld h,(hl)
 541+ D54A 6F           		ld l,a
 542+ D54B 22 A3 C8     		ld (adrs+1),hl
 543+ D54E
 544+ D54E CD 23 7D     		call getroot
 545+ D551
 546+ D551 CD 4B C7     		call showwin
 547+ D554
 548+ D554
 549+ D554 3E 20        		ld a,32
 550+ D556 CD 18 7F             call writecur
 551+ D559
 552+ D559
 553+ D559 C3 83 72             jp loop0
 554+ D55C
 555+ D55C
 556+ D55C              invert_body
 557+ D55C 21 4F 87             ld hl,ALLFILES
 558+ D55F CD 50 7F     		call ROZHOD2
 559+ D562 7E           		ld a,(hl)
 560+ D563 23           		inc hl
 561+ D564 66           		ld h,(hl)
 562+ D565 6F           		ld l,a
 563+ D566
 564+ D566 E5           idfind0   push hl
 565+ D567
 566+ D567
 567+ D567 CD C2 84     		call BUFF83
 568+ D56A CD 65 7F     		call find83
 569+ D56D E1           		pop hl
 570+ D56E E5                   push hl
 571+ D56F 2B                   dec hl
 572+ D570 CD C1 D1     		call FINDLFN
 573+ D573
 574+ D573 21 CA 9D     		ld hl,LFNNAME + 261		;najdi poslední znak
 575+ D576              idfind2
 576+ D576 2B           		dec hl
 577+ D577 7E           		ld a,(hl)
 578+ D578 FE 20        		cp 32
 579+ D57A 28 FA        		jr z,idfind2
 580+ D57C 23           		inc hl
 581+ D57D 3E FF        		ld a,255
 582+ D57F 77           		ld (hl),a
 583+ D580 23           		inc hl
 584+ D581 AF           		xor a
 585+ D582 77           		ld (hl),a
 586+ D583              ID
 587+ D583 21 C5 9C     		ld hl,LFNNAME
 588+ D586 11 61 8A     		ld de,banlfn1
 589+ D589 3E 00        		ld a,0
 590+ D58B CD E6 D2     		call specific_search
 591+ D58E CA C7 D5     		jp z,idnesouhlasi
 592+ D591 21 C5 9C     		ld hl,LFNNAME
 593+ D594 11 64 8A     		ld de,banlfn2
 594+ D597 3E 00        		ld a,0
 595+ D599 CD E6 D2     		call specific_search
 596+ D59C CA C7 D5     		jp z,idnesouhlasi
 597+ D59F
 598+ D59F
 599+ D59F 2A 96 7F             ld hl,(foundfile)
 600+ D5A2
 601+ D5A2
 602+ D5A2
 603+ D5A2 CD C2 84             call BUFF83
 604+ D5A5 7E           		ld a,(hl)
 605+ D5A6 EE 80        		xor 10000000b
 606+ D5A8 77           		ld (hl),a
 607+ D5A9
 608+ D5A9 21 0A CB             ld hl,numsel
 609+ D5AC CD 50 7F         	call ROZHOD2
 610+ D5AF 22 ED D6             ld (adresasel+1),hl
 611+ D5B2 7E                   ld a,(hl)
 612+ D5B3 23                   inc hl
 613+ D5B4 66                   ld h,(hl)
 614+ D5B5 6F                   ld l,a
 615+ D5B6 23                   inc hl
 616+ D5B7 7D                   ld a,l
 617+ D5B8 32 33 D5             ld (dzvys+1),a
 618+ D5BB 7C                   ld a,h
 619+ D5BC 32 36 D5             ld (dzvys2+1),a
 620+ D5BF 21 00 00     idadresasel   ld hl,0
 621+ D5C2 36 00        idzvys  ld (hl),0
 622+ D5C4 23                   inc hl
 623+ D5C5 36 00        idzvys2 ld (hl),0
 624+ D5C7
 625+ D5C7              idnesouhlasi
 626+ D5C7 E1                   pop hl
 627+ D5C8 2B                   dec hl
 628+ D5C9 7D                   ld a,l
 629+ D5CA B4                   or h
 630+ D5CB C2 66 D5             jp nz,idfind0
 631+ D5CE CD D3 84     		call NOBUFF83
 632+ D5D1 C9           		ret
 633+ D5D2
 634+ D5D2              invert_select_files
 635+ D5D2 CD 5C D5     		call invert_body
 636+ D5D5
 637+ D5D5
 638+ D5D5              idfind_end
 639+ D5D5                      ;call loadscr
 640+ D5D5 21 72 7E     		ld hl,adrl
 641+ D5D8 CD 50 7F     		call ROZHOD2
 642+ D5DB 7E           		ld a,(hl)
 643+ D5DC 23           		inc hl
 644+ D5DD 66           		ld h,(hl)
 645+ D5DE 6F           		ld l,a
 646+ D5DF 22 A3 C8     		ld (adrs+1),hl
 647+ D5E2
 648+ D5E2 CD 23 7D     		call getroot
 649+ D5E5
 650+ D5E5 CD 4B C7     		call showwin
 651+ D5E8
 652+ D5E8 3E 20        		ld a,32
 653+ D5EA CD 18 7F             call writecur
 654+ D5ED
 655+ D5ED C3 83 72             jp loop0
 656+ D5F0
 657+ D5F0 53 65 6C 65  SELTXT		defb "Select.",0
 657+ D5F4 63 74 2E 00
 658+ D5F8 4E 61 6D 65  SELTXT2		defb "Name:",0
 658+ D5FC 3A 00
 659+ D5FE 44 65 73 65  DESELTXT	defb "Deselect.",0
 659+ D602 6C 65 63 74
 659+ D606 2E 00
 660+ D608
 661+ D608
 662+ D608              select_files
 663+ D608 CD B6 7E             call savescr
 664+ D60B
 665+ D60B 21 0A 0A     		ld hl,10 * 256 + 10
 666+ D60E 01 0A 3C     		ld bc,60 * 256 + 10
 667+ D611 3E 10        		ld a,16
 668+ D613 CD 2C 81     		call window
 669+ D616
 670+ D616 21 0B 0B     		ld hl,11*256+11
 671+ D619 3E 10        		ld a,16
 672+ D61B 11 F0 D5     		ld de,SELTXT
 673+ D61E CD 09 81     		call print
 674+ D621
 675+ D621 21 0D 0B     		ld hl,11*256+13
 676+ D624 3E 10        		ld a,16
 677+ D626 11 F8 D5     		ld de,SELTXT2
 678+ D629 CD 09 81     		call print
 679+ D62C
 680+ D62C 21 14 38     		ld hl,56*256+20
 681+ D62F 3E 30        		ld a,48
 682+ D631 11 B8 8C     		ld de,searchtxt
 683+ D634 CD 09 81     		call print
 684+ D637
 685+ D637 21 13 3C     		ld hl,60*256+19
 686+ D63A 3E 10        		ld a,16
 687+ D63C 11 D4 8C     		ld de,notxt
 688+ D63F CD 09 81     		call print
 689+ D642
 690+ D642
 691+ D642              ;		ld hx,59
 692+ D642              ;		ld hl,$4000 + 15*160 + 11*2
 693+ D642              ;		ld a,80
 694+ D642              ;		call INPUT
 695+ D642
 696+ D642
 697+ D642 DD 26 3B     		ld hx,59
 698+ D645 21 76 49     		ld hl,$4000 + 15*160 + 11*2
 699+ D648 3E 50        		ld a,80
 700+ D64A
 701+ D64A 22 19 AE     		ld (INPOS+1),hl     ;ulož adresu začátku pro další použití
 702+ D64D 32 A2 AE             ld (INCOL+1),a      ;ulož barvu
 703+ D650
 704+ D650 21 00 5B     		ld hl,23296         ;do HL adresa editační oblasti
 705+ D653 DD 44        		ld b,hx             ;do B délka editační oblasti
 706+ D655 C5           		push bc
 707+ D656 36 20        RIN1a 	ld (hl),32          ;a nyní celou editační
 708+ D658 23           		inc hl              ;zónu vyplníme mezerami
 709+ D659 10 FB        		djnz RIN1a            ;na konec editační zóny
 710+ D65B 3E 2A        		ld a,"*"
 711+ D65D 32 00 5B     		ld (23296),a
 712+ D660 C1           		pop bc
 713+ D661
 714+ D661 FD CB 01 AE  		res 5,(iy+1)        ;signál není stisknuta klávesa
 715+ D665 AF           		xor a
 716+ D666
 717+ D666 3E 01        		ld a,1
 718+ D668 32 22 AE             ld (CURSOR+1),a
 719+ D66B CD 16 AE             call IN2
 720+ D66E
 721+ D66E FE 01        		cp 1                    ;testuj BREAK
 722+ D670 CA FB D6     		jp z,find_end
 723+ D673
 724+ D673 21 4F 87             ld hl,ALLFILES
 725+ D676 CD 50 7F     		call ROZHOD2
 726+ D679 7E           		ld a,(hl)
 727+ D67A 23           		inc hl
 728+ D67B 66           		ld h,(hl)
 729+ D67C 6F           		ld l,a
 730+ D67D              ;        dec hl
 731+ D67D E5           find0   push hl
 732+ D67E
 733+ D67E
 734+ D67E CD C2 84     		call BUFF83
 735+ D681 CD 65 7F     		call find83
 736+ D684 CD C2 84     		call BUFF83
 737+ D687
 738+ D687 2A 96 7F     		ld hl,(foundfile)
 739+ D68A 11 49 8A     		ld de,ban1
 740+ D68D 3E 00        		ld a,0
 741+ D68F CD E6 D2     		call specific_search
 742+ D692 CA F4 D6     		jp z,nesouhlasi
 743+ D695 2A 96 7F     		ld hl,(foundfile)
 744+ D698 11 55 8A     		ld de,ban2
 745+ D69B 3E 00        		ld a,0
 746+ D69D CD E6 D2     		call specific_search
 747+ D6A0 CA F4 D6     		jp z,nesouhlasi
 748+ D6A3
 749+ D6A3 E1           		pop hl
 750+ D6A4
 751+ D6A4 E5                   push hl
 752+ D6A5 2B                   dec hl
 753+ D6A6 CD C1 D1     		call FINDLFN
 754+ D6A9
 755+ D6A9 21 3B 5B     		ld hl,23296 + 59		;najdi poslední znak
 756+ D6AC              find1
 757+ D6AC 2B           		dec hl
 758+ D6AD 7E           		ld a,(hl)
 759+ D6AE FE 20        		cp 32
 760+ D6B0 28 FA        		jr z,find1
 761+ D6B2 23           		inc hl
 762+ D6B3 3E FF        		ld a,255
 763+ D6B5 77           		ld (hl),a
 764+ D6B6
 765+ D6B6 21 CA 9D     		ld hl,LFNNAME + 261		;najdi poslední znak
 766+ D6B9              find2
 767+ D6B9 2B           		dec hl
 768+ D6BA 7E           		ld a,(hl)
 769+ D6BB FE 20        		cp 32
 770+ D6BD 28 FA        		jr z,find2
 771+ D6BF 23           		inc hl
 772+ D6C0 3E FF        		ld a,255
 773+ D6C2 77           		ld (hl),a
 774+ D6C3
 775+ D6C3
 776+ D6C3 11 00 5B             ld de,23296
 777+ D6C6 21 C5 9C             ld hl,LFNNAME
 778+ D6C9 CD 6D D2             call search
 779+ D6CC 20 26        aaas    jr nz,nesouhlasi
 780+ D6CE 2A 96 7F             ld hl,(foundfile)
 781+ D6D1 CD C2 84             call BUFF83
 782+ D6D4 CB FE                set 7,(hl)
 783+ D6D6
 784+ D6D6 21 0A CB             ld hl,numsel
 785+ D6D9 CD 50 7F         	call ROZHOD2
 786+ D6DC 22 ED D6             ld (adresasel+1),hl
 787+ D6DF 7E                   ld a,(hl)
 788+ D6E0 23                   inc hl
 789+ D6E1 66                   ld h,(hl)
 790+ D6E2 6F                   ld l,a
 791+ D6E3 23                   inc hl
 792+ D6E4 7D                   ld a,l
 793+ D6E5 32 F0 D6             ld (zvys+1),a
 794+ D6E8 7C                   ld a,h
 795+ D6E9 32 F3 D6             ld (zvys2+1),a
 796+ D6EC 21 00 00     adresasel   ld hl,0
 797+ D6EF 36 00        zvys    ld (hl),0
 798+ D6F1 23                   inc hl
 799+ D6F2 36 00        zvys2   ld (hl),0
 800+ D6F4
 801+ D6F4              nesouhlasi
 802+ D6F4 E1                   pop hl
 803+ D6F5 2B                   dec hl
 804+ D6F6 7D                   ld a,l
 805+ D6F7 B4                   or h
 806+ D6F8 C2 7D D6             jp nz,find0
 807+ D6FB
 808+ D6FB
 809+ D6FB
 810+ D6FB
 811+ D6FB              find_end
 812+ D6FB CD CA 7E             call loadscr
 813+ D6FE 21 72 7E     		ld hl,adrl
 814+ D701 CD 50 7F     		call ROZHOD2
 815+ D704 7E           		ld a,(hl)
 816+ D705 23           		inc hl
 817+ D706 66           		ld h,(hl)
 818+ D707 6F           		ld l,a
 819+ D708 22 A3 C8     		ld (adrs+1),hl
 820+ D70B
 821+ D70B CD 23 7D     		call getroot
 822+ D70E
 823+ D70E CD 4B C7     		call showwin
 824+ D711
 825+ D711
 826+ D711 3E 20        		ld a,32
 827+ D713 CD 18 7F             call writecur
 828+ D716
 829+ D716
 830+ D716 C3 83 72             jp loop0
 831+ D719
 832+ D719
 833+ D719
 834+ D719
 835+ D719
 836+ D719
# file closed: functions/search.asm
7757  D719                      include "functions/selected.asm"
# file opened: functions/selected.asm
   1+ D719
   2+ D719              SELDATA  equ  $A000
   3+ D719
   4+ D719              ;poloha bitu, který se bude xorovat.
   5+ D719 01 02 04 08  TABBITS  db 1,2,4,8,16,32,64,128
   5+ D71D 10 20 40 80
   6+ D721
   7+ D721              ;Zjistí konkrétní bit a nastaví masku pro XOR
   8+ D721              ;Vstup: HL = číslo souboru
   9+ D721              ;Po zavolání SELTED pak stačí udělat jen:
  10+ D721              ;         ex   de,hl
  11+ D721              ;         xor  (hl)
  12+ D721              ;         ld   (hl),a
  13+ D721 2B           SELTED  dec hl
  14+ D722 11 00 A0             ld   de,SELDATA
  15+ D725 AF                   xor  a
  16+ D726 CB 3C                srl  h
  17+ D728 CB 1D                rr   l
  18+ D72A 1F                   rra
  19+ D72B CB 3C                srl  h
  20+ D72D CB 1D                rr   l
  21+ D72F 1F                   rra
  22+ D730 CB 3C                srl  h
  23+ D732 CB 1D                rr   l
  24+ D734 1F                   rra
  25+ D735 0F                   rrca
  26+ D736 0F                   rrca
  27+ D737 0F                   rrca
  28+ D738 0F                   rrca
  29+ D739 0F                   rrca
  30+ D73A 19                   add  hl,de
  31+ D73B EB                   ex   de,hl
  32+ D73C 21 19 D7             ld   hl,TABBITS
  33+ D73F 85                   add  a,l
  34+ D740 6F                   ld   l,a
  35+ D741 30 01                jr   nc,SELC2
  36+ D743 24                   inc  h
  37+ D744 7E           SELC2   ld   a,(hl)
  38+ D745 C9                   ret
  39+ D746
  40+ D746              ;najde první označenou položku
  41+ D746 21 00 A0     GETSELF ld hl,$a000         ;adresa prního
  42+ D749 11 00 00             ld de,0             ;vynuluj  počítadlo
  43+ D74C
  44+ D74C 1B           first1  dec de
  45+ D74D 7E                   ld a,(hl)
  46+ D74E 06 08                ld b,8
  47+ D750 13           first0  inc de
  48+ D751 0F                   rrca
  49+ D752 38 06                jr c,nalezeno
  50+ D754 10 FA        first2  djnz first0
  51+ D756 13                   inc de
  52+ D757 23           first3  inc hl
  53+ D758 18 F2                jr first1
  54+ D75A              nalezeno
  55+ D75A 22 6D D7             ld (GETSELN+1),hl
  56+ D75D ED 53 70 D7          ld (getselde+1),de
  57+ D761 EB                   ex de,hl
  58+ D762 4F                   ld c,a
  59+ D763 78                   ld a,b
  60+ D764 32 73 D7             ld (selnb+1),a
  61+ D767 79                   ld a,c
  62+ D768 32 75 D7             ld (selna+1),a
  63+ D76B C9                   ret
  64+ D76C              ;najde další označenou položku
  65+ D76C
  66+ D76C 21 00 A0     GETSELN ld hl,$a000
  67+ D76F 11 00 00     getselde ld de,0
  68+ D772
  69+ D772 06 08        selnb   ld b,8
  70+ D774 3E 00        selna   ld a,0
  71+ D776 18 DC                jr first2
  72+ D778
  73+ D778              ;Nastránkuje stránku se select daty od adresy $A000
  74+ D778              GETSELPAGE
  75+ D778 ED 91 55 4E          nextreg $55,78 ;19
  76+ D77C C9                   ret
  77+ D77D
  78+ D77D              INITSEL
  79+ D77D 3E 01                ld a,1
  80+ D77F 32 73 D7             ld (selnb+1),a
  81+ D782 21 FF 9F             ld hl,$a000-1
  82+ D785 22 6D D7             ld (GETSELN+1),hl
  83+ D788 21 00 00             ld hl,$0
  84+ D78B 22 70 D7             ld (getselde+1),hl
  85+ D78E 3A 00 A0             ld a,($a000)
  86+ D791 32 75 D7             ld (selna+1),a
  87+ D794 C9                   ret
  88+ D795
  89+ D795              ; 		call GETSELPAGE
  90+ D795              ; 		ld hl,$a000
  91+ D795              ; 		ld de,$a001
  92+ D795              ; 		ld bc,8*1024
  93+ D795              ; 		xor a
  94+ D795              ; 		ld (hl),a
  95+ D795              ; 		ldir
  96+ D795
  97+ D795              ; 		ld hl,$134
  98+ D795              ; 		call SELTED
  99+ D795              ; 		ex de,hl
 100+ D795              ; 		xor (hl)
 101+ D795              ; 		ld (hl),a
 102+ D795
 103+ D795              ; 		call INITSEL
 104+ D795
 105+ D795              ; III
 106+ D795              ; 		call GETSELN
 107+ D795              ; 		call GETSELN
 108+ D795              ; 		call GETSELN
 109+ D795              ; 		call GETSELN
 110+ D795              ; 		call GETSELN
 111+ D795
# file closed: functions/selected.asm
7758  D795
7759  D795
7760  D795
7761  D795              LoadSprites
7762  D795 01 3B 30                 ld bc,SPRITE_STATUS_SLOT_SELECT_P_303B
7763  D798 ED 79                    out (c),a
7764  D79A 22 BD D7                 ld (.dmaSource),hl
7765  D79D ED 43 BF D7              ld (.dmaLenght),bc
7766  D7A1 21 BB D7                 ld hl, .dmaProgram
7767  D7A4 06 0E                    ld b, .dmaProgramLength
7768  D7A6 0E 6B                    ld c,$6B
7769  D7A8 ED B3                    otir
7770  D7AA
7771  D7AA ED 91 19 00              nextreg $19,0
7772  D7AE ED 91 19 FF              nextreg $19,255
7773  D7B2 ED 91 19 00              nextreg $19,0
7774  D7B6 ED 91 19 FF              nextreg $19,255
7775  D7BA
7776  D7BA C9                       ret
7777  D7BB
7778  D7BB 83           .dmaProgram db %10000011
7779  D7BC 7D                       db %01111101
7780  D7BD
7781  D7BD 00 00        .dmaSource	dw 0
7782  D7BF 00 00        .dmaLenght	dw 0
7783  D7C1 14                       db %00010100
7784  D7C2 28                       db %00101000
7785  D7C3 AD                       db %10101101
7786  D7C4 5B 00                    dw $005B
7787  D7C6 82                       db %10000010
7788  D7C7 CF                       db %11001111
7789  D7C8 87                       db %10000111
7790  D7C9
7791  D7C9              .dmaProgramLength = $ - .dmaProgram
7792  D7C9
7793  D7C9              ; ------------------------------------------------------------
7794  D7C9              ; showSprite
7795  D7C9              ; ------------------------------------------------------------
7796  D7C9              ; Rutina:
7797  D7C9              ; - zavolá driver myši (MOUSE)
7798  D7C9              ; - aktualizuje stav tlačítek
7799  D7C9              ; - nastaví sprite kurzoru na nové souřadnice
7800  D7C9
7801  D7C9              ; MOUSE vrací:
7802  D7C9              ; HL = nové souřadnice
7803  D7C9              ; A  = stav tlačítek
7804  D7C9
7805  D7C9              ; Používá self-modifying code pro zápis operandů NextReg.
7806  D7C9              ; ------------------------------------------------------------
7807  D7C9
7808  D7C9 00 00        lastCoordMouse  defw 0;
7809  D7CB
7810  D7CB              showSprite
7811  D7CB                          ; ochrana registrů používaných uvnitř rutiny
7812  D7CB F5                       push af
7813  D7CC C5                       push bc
7814  D7CD E5                       push hl
7815  D7CE D5                       push de
7816  D7CF
7817  D7CF 3A AE 89                 ld a,(cfgUseKMouse)
7818  D7D2 B7                       or a
7819  D7D3 20 0A                    jr nz,.mouse_enabled
7820  D7D5 ED 91 34 00              nextreg $34,0
7821  D7D9 ED 91 38 00              nextreg $38,0
7822  D7DD 18 47                    jr showSpriteDone
7823  D7DF              .mouse_enabled
7824  D7DF
7825  D7DF
7826  D7DF                      ; ------------------------------------------------------------
7827  D7DF                      ; Načtení nové pozice a tlačítek z driveru
7828  D7DF                      ; ------------------------------------------------------------
7829  D7DF
7830  D7DF CD F5 A6             call MOUSE                                ; HL = nové souřadnice, A = tlačítka
7831  D7E2
7832  D7E2 47                   ld b,a                                    ; uložit aktuální stav tlačítek
7833  D7E3
7834  D7E3                                                                ; kontrola změny tlačítek oproti uloženému stavu
7835  D7E3 3A 4E 73             ld a,(TLACITKO)
7836  D7E6 A8                   xor b
7837  D7E7 28 07                jr z,shwSpr                               ; žádná změna → pokračuj
7838  D7E9
7839  D7E9                                                                ; při změně uložíme OR stav
7840  D7E9                                                                ; tlačítko zůstane "aktivní", dokud se ručně nevynuluje
7841  D7E9 3A 86 A7             ld a,(CONTRB)
7842  D7EC B0                   or b
7843  D7ED 32 4E 73             ld (TLACITKO),a
7844  D7F0
7845  D7F0              shwSpr
7846  D7F0
7847  D7F0                      ; ------------------------------------------------------------
7848  D7F0                      ; Přenos nové pozice do self-modifying instrukcí
7849  D7F0                      ; ------------------------------------------------------------
7850  D7F0                      ; Hodnota operandů instrukcí níže se změní na nové X,Y
7851  D7F0
7852  D7F0 7D                   ld a,l
7853  D7F1 32 FD D7             ld (Xcoordinate + 1),a                    ; operand LD D,xx
7854  D7F4
7855  D7F4 7C                   ld a,h
7856  D7F5 32 12 D8             ld (Ycoordinate + 1),a                    ; operand LD A,xx
7857  D7F8
7858  D7F8
7859  D7F8                                                                ; ------------------------------------------------------------
7860  D7F8                                                                ; Nastavení sprite registrů (Next)
7861  D7F8                                                                ; ------------------------------------------------------------
7862  D7F8
7863  D7F8 ED 91 34 00          nextreg $34,0                             ; výběr sprite slotu (sprite 0)
7864  D7FC
7865  D7FC
7866  D7FC                                                                ; ------------------------------------------------------------
7867  D7FC                                                                ; Výpočet X pozice sprite
7868  D7FC                                                                ; ------------------------------------------------------------
7869  D7FC                                                                ; X se násobí 2 (přepočet jednotek / subpixel režim)
7870  D7FC
7871  D7FC              Xcoordinate
7872  D7FC 16 00                ld d,0                               ; zde bude dosazena X souřadnice
7873  D7FE 1E 02                ld e,2
7874  D800 ED 30                mul d,e                               ; DE = X * 2
7875  D802
7876  D802 7B                   ld a,e                                ; dolní byte výsledku
7877  D803 32 19 D8             ld (mouseX+3),a                       ; uložit do operandu nextreg
7878  D806
7879  D806
7880  D806                                                                ; úprava horní části X + flagů
7881  D806 3A 21 D8             ld a,(moreX + 3)
7882  D809 CB 87                res 0,a                                   ; zruš bit 0
7883  D80B B2                   or d                                      ; přidej horní byte X
7884  D80C              shwSpr_EnableBit:
7885  D80C CB FF                set 7,a                                   ; sprite enable flag
7886  D80E 32 21 D8             ld (moreX + 3),a
7887  D811              nemenX
7888  D811
7889  D811
7890  D811              ; ------------------------------------------------------------
7891  D811              ; Nastavení Y pozice sprite
7892  D811              ; ------------------------------------------------------------
7893  D811
7894  D811              Ycoordinate
7895  D811 3E 00                ld a,0
7896  D813 32 1D D8             ld (mouseY+3),a                       ; dosadí operand nextreg
7897  D816
7898  D816
7899  D816                                                                ; ------------------------------------------------------------
7900  D816                                                                ; Zápis souřadnic sprite do Next registrů
7901  D816                                                                ; ------------------------------------------------------------
7902  D816
7903  D816 ED 91 35 0A  mouseX      nextreg $35,10                        ; X low
7904  D81A ED 91 36 50  mouseY      nextreg $36,80                        ; Y
7905  D81E ED 91 37 08  moreX       nextreg $37,%00001000                 ; X high + flags
7906  D822 ED 91 38 80              nextreg $38,%10000000                 ; další sprite flags
7907  D826
7908  D826              showSpriteDone
7909  D826 D1                       pop de
7910  D827 E1                       pop hl
7911  D828 C1                       pop bc
7912  D829 F1                       pop af
7913  D82A C9                       ret
7914  D82B
7915  D82B              PRAVE_TLACITKO
7916  D82B 21 B2 A7             ld hl,menuSouradnice
7917  D82E CD 89 A7             call CONTROL
7918  D831 D2 BF A7             jp nc,menu                                ; pokud CONTROL vrátil NC = klik v oblasti horního řádku → otevři menu
7919  D834
7920  D834 21 B6 A7             ld hl,leveOkno
7921  D837 CD 89 A7             call CONTROL
7922  D83A D2 79 D8             jp nc,prave2                               ; klik spadl do levého okna → obsluha levého okna
7923  D83D
7924  D83D 21 BA A7             ld hl,praveOkno
7925  D840 CD 89 A7             call CONTROL
7926  D843 D2 82 D8             jp nc,prave3                               ; klik spadl do pravého okna → obsluha pravého okna
7927  D846
7928  D846 C3 83 72             jp loop0                                  ; klik mimo definované oblasti → nic, zpět do hlavní smyčky
7929  D849
7930  D849              ; ------------------------------------------------------------
7931  D849              ; LEVE_TLACITKO
7932  D849              ; Obsluha kliknutí levým tlačítkem myši.
7933  D849              ; Testuje, kam uživatel kliknul:
7934  D849              ;  - horní řádek (menu)
7935  D849              ;  - levé okno (seznam souborů vlevo)
7936  D849              ;  - pravé okno (seznam souborů vpravo)
7937  D849              ; Podle toho provede odpovídající akci.
7938  D849              ; ------------------------------------------------------------
7939  D849              LEVE_TLACITKO
7940  D849
7941  D849 21 B2 A7             ld hl,menuSouradnice
7942  D84C CD 89 A7             call CONTROL
7943  D84F D2 BF A7             jp nc,menu                                ; pokud CONTROL vrátil NC = klik v oblasti horního řádku → otevři menu
7944  D852
7945  D852 21 B6 A7             ld hl,leveOkno
7946  D855 CD 89 A7             call CONTROL
7947  D858 D2 67 D8             jp nc,leve2                               ; klik spadl do levého okna → obsluha levého okna
7948  D85B
7949  D85B 21 BA A7             ld hl,praveOkno
7950  D85E CD 89 A7             call CONTROL
7951  D861 D2 70 D8             jp nc,leve3                               ; klik spadl do pravého okna → obsluha pravého okna
7952  D864
7953  D864 C3 83 72             jp loop0                                  ; klik mimo definované oblasti → nic, zpět do hlavní smyčky
7954  D867
7955  D867              leve2
7956  D867                      ; ---- Levé okno: připraví kontext levého panelu a spočítá, na jakou položku se kliklo
7957  D867 CD AA 74             call lw                                   ; přepni/aktivuj levé okno (např. nastav aktivní panel, barvy, kurzor, apod.)
7958  D86A CD E5 D8             call vypoctiClick                         ; přepočítej Y souřadnici myši na index položky v seznamu + ošetři doubleclick
7959  D86D
7960  D86D
7961  D86D
7962  D86D C3 83 72             jp loop0
7963  D870
7964  D870              leve3
7965  D870                      ; ---- Pravé okno: analogicky pro pravý panel
7966  D870 CD F4 74             call rw                                   ; přepni/aktivuj pravé okno
7967  D873 CD E5 D8             call vypoctiClick                         ; stejná logika výběru položky
7968  D876
7969  D876
7970  D876 C3 83 72             jp loop0
7971  D879
7972  D879
7973  D879              prave2
7974  D879                      ; ---- Levé okno: připraví kontext levého panelu a spočítá, na jakou položku se kliklo
7975  D879 CD AA 74             call lw                                   ; přepni/aktivuj levé okno (např. nastav aktivní panel, barvy, kurzor, apod.)
7976  D87C CD 8B D8             call vypoctiClickRight                         ; přepočítej Y souřadnici myši na index položky v seznamu + ošetři doubleclick
7977  D87F
7978  D87F
7979  D87F
7980  D87F C3 83 72             jp loop0
7981  D882
7982  D882              prave3
7983  D882                      ; ---- Pravé okno: analogicky pro pravý panel
7984  D882 CD F4 74             call rw                                   ; přepni/aktivuj pravé okno
7985  D885 CD 8B D8             call vypoctiClickRight                         ; stejná logika výběru položky
7986  D888
7987  D888
7988  D888 C3 83 72             jp loop0
7989  D88B
7990  D88B
7991  D88B              vypoctiClickRight
7992  D88B 3A 85 A7             ld a,(COORD+1)                            ; A = Y souřadnice myši (v pixelech nebo v jednotkách co vrací MOUSE)
7993  D88E 57                   ld d,a                                    ; D = Y (před dělením)
7994  D88F 1E 08                ld e,8
7995  D891 CD A0 84             call deleno8                              ; D = Y / 8  (převod na řádek znakové mřížky / řádek seznamu)
7996  D894 15                   dec d
7997  D895 15                   dec d                                     ; posun o 2 řádky nahoru (typicky kvůli hlavičce/okrajům okna)
7998  D896
7999  D896 D5                   push de                                   ; ulož DE (E=8, D=řádek) – budeme ho brzy potřebovat znovu
8000  D897
8001  D897 21 4F 87             ld hl,ALLFILES
8002  D89A CD 50 7F             call ROZHOD2                              ; HL = ukazatel na strukturu/tabulku aktivního panelu (varianta "2")
8003  D89D D1                   pop de                                    ; obnov D = vypočtený řádek položky
8004  D89E
8005  D89E D5                   push de                                   ; znovu ulož D (budeme ho ještě používat)
8006  D89F 5A                   ld e,d
8007  D8A0 16 00                ld d,0                                    ; DE = index položky (16-bit), E = číslo řádku/položky, D=0
8008  D8A2
8009  D8A2                      ; Následující blok vytahuje z (HL) pointer/délku struktury.
8010  D8A2                      ; Typicky: (HL)=low, (HL+1)=high → HL = adresa/počet položek apod.
8011  D8A2 7E                   ld a,(hl)
8012  D8A3 23                   inc hl
8013  D8A4 66                   ld h,(hl)
8014  D8A5 6F                   ld l,a                                    ; HL = 16bit hodnota ze struktury (např. počet položek, konec seznamu, apod.)
8015  D8A6
8016  D8A6                      ; Ověření rozsahu: odečítá DE od HL a sleduje carry.
8017  D8A6                      ; Tady to vypadá jako "je index (DE) uvnitř rozsahu?" – pokud je mimo, vrátí se s C=1.
8018  D8A6 2B                   dec hl
8019  D8A7 2B                   dec hl                                    ; korekce HL (např. ukazuje na konec-2, nebo počet-2)
8020  D8A8 B7                   or a                                      ; vynuluje carry před SBC
8021  D8A9 ED 52                sbc hl,de                                 ; HL = HL - DE
8022  D8AB D1                   pop de                                    ; obnov původní DE (D=řádek)
8023  D8AC D8                   ret c                                     ; pokud borrow/carry → index mimo platný rozsah → nic nevybírej
8024  D8AD
8025  D8AD D5                   push de                                   ; index je platný → uložíme ještě jednou D (číslo souboru/řádku)
8026  D8AE
8027  D8AE 21 72 7E             ld hl,adrl
8028  D8B1 CD 50 7F             call ROZHOD2
8029  D8B4 7E                   ld a,(hl)
8030  D8B5 23                   inc hl
8031  D8B6 66                   ld h,(hl)
8032  D8B7 6F                   ld l,a
8033  D8B8 22 A3 C8             ld (adrs+1),hl
8034  D8BB
8035  D8BB CD 23 7D             call getroot
8036  D8BE
8037  D8BE CD 4B C7             call showwin
8038  D8C1
8039  D8C1 21 A3 89             ld hl,POSKURZL
8040  D8C4 CD 48 7F             call ROZHOD                               ; HL = adresa proměnné pro "pozici kurzoru" v aktuálním panelu
8041  D8C7
8042  D8C7 D1                   pop de                                    ; obnov D = index položky (v komentáři níže: "v D máme číslo souboru")
8043  D8C8
8044  D8C8 7A                   ld a,d
8045  D8C9 77                   ld (hl),a                                 ; uloží vybranou položku jako aktuální (kurzor na soubor)
8046  D8CA
8047  D8CA 3E 20                ld a,32
8048  D8CC CD 18 7F             call writecur                             ; zřejmě vrať viditelný kurzor / nastav znak kurzoru (32=mezera?) dle implementace
8049  D8CF 21 AA CB             ld hl,rightMouse
8050  D8D2 34                   inc (hl)
8051  D8D3
8052  D8D3              pauzaR
8053  D8D3 CD F5 A6             call MOUSE                                ; načti aktuální stav myši (souřadnice do COORD apod.)
8054  D8D6 CD CB D7             call showSprite                           ; překresli sprite kurzoru myši
8055  D8D9
8056  D8D9 01 DF FA             ld bc,KEMPSTON_MOUSE_B_P_FADF
8057  D8DC ED 78                in a,(c)                                  ; A = stav tlačítek z KEMPSTON mouse portu
8058  D8DE
8059  D8DE CB 47                bit 0,a                                   ; test tlačítka (v tomto kódu je "bit 1" = levé nebo konkrétní tlačítko dle mapování)
8060  D8E0 28 F1                jr z,pauzaR                                ; pokud bit=0 → stále nedošlo k (požadované změně) → čekej dál
8061  D8E2
8062  D8E2 C3 19 CB             jp select
8063  D8E5
8064  D8E5              ; ------------------------------------------------------------
8065  D8E5              ; vypoctiClick
8066  D8E5              ; Z Y souřadnice myši (COORD+1) spočítá index řádku/položky v seznamu.
8067  D8E5              ; Potom:
8068  D8E5              ;  - ověří, jestli je klik v rozsahu existujících souborů (ALLFILES)
8069  D8E5              ;  - nastaví pozici kurzoru (POSKURZL) na vybraný soubor
8070  D8E5              ;  - čeká na uvolnění tlačítka
8071  D8E5              ;  - a následně krátce testuje doubleclick:
8072  D8E5              ;      * pokud doubleclick na stejné položce → skok na "enter"
8073  D8E5              ;      * pokud klik pokračoval jinam → znovu obsluha LEVE_TLACITKO
8074  D8E5              ; ------------------------------------------------------------
8075  D8E5              vypoctiClick
8076  D8E5 3A 85 A7             ld a,(COORD+1)                            ; A = Y souřadnice myši (v pixelech nebo v jednotkách co vrací MOUSE)
8077  D8E8 57                   ld d,a                                    ; D = Y (před dělením)
8078  D8E9 1E 08                ld e,8
8079  D8EB CD A0 84             call deleno8                              ; D = Y / 8  (převod na řádek znakové mřížky / řádek seznamu)
8080  D8EE 15                   dec d
8081  D8EF 15                   dec d                                     ; posun o 2 řádky nahoru (typicky kvůli hlavičce/okrajům okna)
8082  D8F0
8083  D8F0 D5                   push de                                   ; ulož DE (E=8, D=řádek) – budeme ho brzy potřebovat znovu
8084  D8F1
8085  D8F1 21 4F 87             ld hl,ALLFILES
8086  D8F4 CD 50 7F             call ROZHOD2                              ; HL = ukazatel na strukturu/tabulku aktivního panelu (varianta "2")
8087  D8F7 D1                   pop de                                    ; obnov D = vypočtený řádek položky
8088  D8F8
8089  D8F8 D5                   push de                                   ; znovu ulož D (budeme ho ještě používat)
8090  D8F9 5A                   ld e,d
8091  D8FA 16 00                ld d,0                                    ; DE = index položky (16-bit), E = číslo řádku/položky, D=0
8092  D8FC
8093  D8FC                      ; Následující blok vytahuje z (HL) pointer/délku struktury.
8094  D8FC                      ; Typicky: (HL)=low, (HL+1)=high → HL = adresa/počet položek apod.
8095  D8FC 7E                   ld a,(hl)
8096  D8FD 23                   inc hl
8097  D8FE 66                   ld h,(hl)
8098  D8FF 6F                   ld l,a                                    ; HL = 16bit hodnota ze struktury (např. počet položek, konec seznamu, apod.)
8099  D900
8100  D900                      ; Ověření rozsahu: odečítá DE od HL a sleduje carry.
8101  D900                      ; Tady to vypadá jako "je index (DE) uvnitř rozsahu?" – pokud je mimo, vrátí se s C=1.
8102  D900 E5                   push hl
8103  D901 D5                   push de
8104  D902 21 8F 87             ld hl,pathl
8105  D905 CD 50 7F             call ROZHOD2
8106  D908 7E                   ld a,(hl)
8107  D909 23                   inc hl
8108  D90A 66                   ld h,(hl)
8109  D90B 6F                   ld l,a
8110  D90C 11 03 00             ld de,3
8111  D90F 19                   add hl,de
8112  D910 7E                   ld a,(hl)
8113  D911 FE FF                cp 255
8114  D913 D1                   pop de
8115  D914 E1                   pop hl
8116  D915 28 01                jr z,jeRoot
8117  D917
8118  D917
8119  D917 2B                   dec hl
8120  D918              jeRoot
8121  D918 2B                   dec hl                                    ; korekce HL (např. ukazuje na konec-2, nebo počet-2)
8122  D919 B7                   or a                                      ; vynuluje carry před SBC
8123  D91A ED 52                sbc hl,de                                 ; HL = HL - DE
8124  D91C D1                   pop de                                    ; obnov původní DE (D=řádek)
8125  D91D D8                   ret c                                     ; pokud borrow/carry → index mimo platný rozsah → nic nevybírej
8126  D91E
8127  D91E D5                   push de                                   ; index je platný → uložíme ještě jednou D (číslo souboru/řádku)
8128  D91F
8129  D91F 21 72 7E             ld hl,adrl
8130  D922 CD 50 7F             call ROZHOD2
8131  D925 7E                   ld a,(hl)
8132  D926 23                   inc hl
8133  D927 66                   ld h,(hl)
8134  D928 6F                   ld l,a
8135  D929 22 A3 C8             ld (adrs+1),hl
8136  D92C
8137  D92C CD 23 7D             call getroot
8138  D92F
8139  D92F CD 4B C7             call showwin
8140  D932
8141  D932 21 A3 89             ld hl,POSKURZL
8142  D935 CD 48 7F             call ROZHOD                               ; HL = adresa proměnné pro "pozici kurzoru" v aktuálním panelu
8143  D938
8144  D938 D1                   pop de                                    ; obnov D = index položky (v komentáři níže: "v D máme číslo souboru")
8145  D939
8146  D939 7A                   ld a,d
8147  D93A 77                   ld (hl),a                                 ; uloží vybranou položku jako aktuální (kurzor na soubor)
8148  D93B
8149  D93B 3E 20                ld a,32
8150  D93D CD 18 7F             call writecur                             ; zřejmě vrať viditelný kurzor / nastav znak kurzoru (32=barva) dle implementace
8151  D940
8152  D940                      ; --------------------------------------------------------
8153  D940                      ; Čekání na uvolnění tlačítka:
8154  D940                      ; smyčka pauza opakovaně čte stav myši, dokud bit 1 není 1.
8155  D940                      ; (tj. dokud tlačítko stále drží, čeká)
8156  D940                      ; --------------------------------------------------------
8157  D940 06 19                ld b,25                                   ; (nepoužité kvůli zakomentovanému DJNZ, ale původně zřejmě timeout)
8158  D942              pauza
8159  D942 CD F5 A6             call MOUSE                                ; načti aktuální stav myši (souřadnice do COORD apod.)
8160  D945 CD CB D7             call showSprite                           ; překresli sprite kurzoru myši
8161  D948
8162  D948 01 DF FA             ld bc,KEMPSTON_MOUSE_B_P_FADF
8163  D94B ED 78                in a,(c)                                  ; A = stav tlačítek z KEMPSTON mouse portu
8164  D94D
8165  D94D CB 4F                bit 1,a                                   ; test tlačítka (v tomto kódu je "bit 1" = levé nebo konkrétní tlačítko dle mapování)
8166  D94F 28 F1                jr z,pauza                                ; pokud bit=0 → stále nedošlo k (požadované změně) → čekej dál
8167  D951 FB           dvoj2    ei                                       ; po uvolnění tlačítka povol přerušení (pokud byly vypnuté)
8168  D952
8169  D952                      ; --------------------------------------------------------
8170  D952                      ; Ošetření doubleclicku:
8171  D952                      ; krátké okno (B=50), ve kterém testuje další stisk téhož tlačítka.
8172  D952                      ; Pokud se do limitu stisk objeví, jde se do overDvojKlik.
8173  D952                      ; --------------------------------------------------------
8174  D952 06 32                ld b,50
8175  D954              dvojKlik
8176  D954 76                   halt                                      ; čekej na přerušení (časování / zpomalení smyčky)
8177  D955 C5                   push bc
8178  D956
8179  D956 CD CB D7             call showSprite                           ; udržuj kurzor myši živý (překreslení)
8180  D959
8181  D959 01 DF FA             ld bc,KEMPSTON_MOUSE_B_P_FADF
8182  D95C ED 78                in a,(c)
8183  D95E CB 4F                bit 1,a                                   ; znovu test tlačítka
8184  D960 F5                   push af
8185  D961 CD F5 A6             call MOUSE                                ; aktualizuj COORD (aby šlo zjistit, kam případný doubleclick míří)
8186  D964 F1                   pop af
8187  D965 C1                   pop bc
8188  D966 CA 7C D9             jp z,overDvojKlik                         ; pokud bit signalizuje "klik" → řeš doubleclick
8189  D969
8190  D969 10 E9                djnz dvojKlik                             ; jinak ubírej časové okno
8191  D96B C9                   ret                                       ; timeout → nebyl doubleclick, hotovo
8192  D96C
8193  D96C              odskocZnovaKlik
8194  D96C                      ; sem se jde, když druhý klik nebyl na stejné položce
8195  D96C                      ; (tj. uživatel kliknul jinam → zpracuj jako nový klik)
8196  D96C E1                   pop hl                                    ; vyrovnání zásobníku (typicky návratová adresa / něco, co si výše tlačilo)
8197  D96D AF                   xor a
8198  D96E 32 4E 73             ld (TLACITKO),a                           ; reset indikace tlačítka
8199  D971 C3 49 D8             jp LEVE_TLACITKO                          ; zpracuj to znovu jako nový klik (rekurze přes JP)
8200  D974
8201  D974              odskocEnter
8202  D974                      ; sem se jde, když byl doubleclick na stejné položce
8203  D974 E1                   pop hl                                    ; vyrovnání zásobníku
8204  D975 AF                   xor a
8205  D976 32 4E 73             ld (TLACITKO),a                           ; reset tlačítka
8206  D979 C3 DC 76     xx      jp enter                                  ; provede "enter" akci nad vybranou položkou (otevřít soubor/adresář)
8207  D97C
8208  D97C              ; ------------------------------------------------------------
8209  D97C              ; overDvojKlik
8210  D97C              ; Vyhodnocení: byl druhý klik na stejné položce jako první?
8211  D97C              ; Porovná řádek z aktuální Y souřadnice s uloženou pozicí kurzoru POSKURZL.
8212  D97C              ; Pokud sedí → enter, jinak → obsluha nového kliku.
8213  D97C              ; ------------------------------------------------------------
8214  D97C              overDvojKlik
8215  D97C 54                   ld d,h                                    ; POZOR: H zde musí obsahovat něco smysluplného (pravděpodobně Y z MOUSE?)
8216  D97D                                                                ; (z kontextu: po call MOUSE se často vrací souřadnice v registrech)
8217  D97D 1E 08                ld e,8
8218  D97F CD A0 84             call deleno8                              ; D = (aktuální Y)/8
8219  D982 15                   dec d
8220  D983 15                   dec d                                     ; stejný posun jako u prvního výpočtu
8221  D984
8222  D984 D5                   push de
8223  D985 21 A3 89             ld hl,POSKURZL
8224  D988 CD 48 7F             call ROZHOD                               ; HL = adresa uložené pozice kurzoru pro aktivní panel
8225  D98B 7E                   ld a,(hl)                                 ; A = původně vybraná položka (index)
8226  D98C D1                   pop de
8227  D98D
8228  D98D AA                   xor d                                     ; porovná A s D: když jsou stejné → výsledek 0
8229  D98E 28 E4                jr z,odskocEnter                          ; stejné → doubleclick na stejné položce → ENTER
8230  D990 C3 6C D9             jp odskocZnovaKlik                        ; různé → považuj jako nový klik
8231  D993
8232  D993
8233  D993              ; ------------------------------------------------------------
8234  D993              ; InkeyNoWait
8235  D993              ; Nečekající čtení klávesy + průběžná obsluha myši.
8236  D993              ; - nejdřív refresh času a sprite myši
8237  D993              ; - pokud je TLACITKO != 0, přesměruje na clickMouse (myší událost má prioritu)
8238  D993              ; - jinak provede KEYSCAN a mapuje scancode přes tabulky:
8239  D993              ;     SYMTAB / CAPSTAB / NORMTAB dle D (modifier)
8240  D993              ; - vrací A = znak, nebo Z pokud nic
8241  D993              ; ------------------------------------------------------------
8242  D993              InkeyNoWait
8243  D993 CD AE 75             call gettime                              ; aktualizace času (pro timeouty, UI, atd.)
8244  D996
8245  D996
8246  D996 CD F5 A6             call MOUSE
8247  D999 47                   ld b,a                                    ; uložit aktuální stav tlačítek
8248  D99A
8249  D99A                                                                ; kontrola změny tlačítek oproti uloženému stavu
8250  D99A 3A 4E 73             ld a,(TLACITKO)
8251  D99D A8                   xor b
8252  D99E 28 07                jr z,nemenTlacitka2                               ; žádná změna → pokračuj
8253  D9A0
8254  D9A0                                                                ; při změně uložíme OR stav
8255  D9A0                                                                ; tlačítko zůstane "aktivní", dokud se ručně nevynuluje
8256  D9A0 3A 86 A7             ld a,(CONTRB)
8257  D9A3 B0                   or b
8258  D9A4 32 4E 73             ld (TLACITKO),a
8259  D9A7              nemenTlacitka2
8260  D9A7
8261  D9A7
8262  D9A7 2A 84 A7             ld hl,(COORD)
8263  D9AA ED 5B C9 D7          ld de,(lastCoordMouse)
8264  D9AE B7                   or a
8265  D9AF ED 52                sbc hl,de
8266  D9B1 28 03                jr z,zadnyPohybMysky
8267  D9B3
8268  D9B3
8269  D9B3 CD CB D7             call showSprite                           ; udržuj myš viditelnou
8270  D9B6              zadnyPohybMysky
8271  D9B6 CD F5 A6             call MOUSE
8272  D9B9 2A 84 A7             ld hl,(COORD)
8273  D9BC 22 C9 D7             ld (lastCoordMouse),hl
8274  D9BF 3A 4E 73             ld a,(TLACITKO)
8275  D9C2 B7                   or a
8276  D9C3 C2 A5 7F             jp nz,clickMouse                          ; pokud je evidovaný klik myši → obsluž ho místo kláves
8277  D9C6
8278  D9C6 FB                   ei                                        ; povol přerušení
8279  D9C7
8280  D9C7                      ; malý delay, aby KEYSCAN nebyl volán extrémně často (a současně běžely HALT timingy)
8281  D9C7 06 02                ld b,2
8282  D9C9 76           CEKEJd  halt
8283  D9CA 10 FD                djnz CEKEJd
8284  D9CC
8285  D9CC CD 4C 80     ahl0d   call KEYSCAN                              ; nasnímání klávesnice; vrací kód v DE (D=mod, E=key index), podle implementace
8286  D9CF
8287  D9CF 7B                   ld   a,e
8288  D9D0 3C                   inc  a
8289  D9D1 20 07                jr   nz,aKEY_DOWN_NOWAIT
8290  D9D3 32 12 80             ld   (aLAST_KEY+1),a                      ; klávesa puštěna, další stisk ber jako nový
8291  D9D6 32 17 80             ld   (aREPEAT_CNT+1),a
8292  D9D9 C9                   ret                                       ; pokud E = $FF (po inc → 0), pravděpodobně "žádná klávesa"
8293  D9DA
8294  D9DA              aKEY_DOWN_NOWAIT
8295  D9DA
8296  D9DA 7A                   ld   a,d                                  ; A = stav modifikátorů (caps/symbol shift apod.)
8297  D9DB 21 90 80             ld   hl,SYMTAB
8298  D9DE FE 18                cp   $18
8299  D9E0 28 0A                jr   z,aHLSM2s                            ; pokud D==$18 → symbol tabulka
8300  D9E2
8301  D9E2 21 B8 80             ld   hl,CAPSTAB
8302  D9E5 FE 27                cp   $27
8303  D9E7 28 03                jr   z,aHLSM2s                            ; pokud D==$27 → caps tabulka
8304  D9E9
8305  D9E9 21 DF 80             ld   hl,NORMTAB                           ; jinak normální tabulka
8306  D9EC
8307  D9EC              aHLSM2s
8308  D9EC 16 00                ld   d,0                                  ; DE = index do tabulky znaků (D=0, E=key)
8309  D9EE 19                   add  hl,de                                ; HL = tabulka + index
8310  D9EF 7E                   ld   a,(hl)                               ; A = výsledný znak
8311  D9F0 B7                   or   a
8312  D9F1 20 07                jr   nz,aKEY_OK_NOWAIT
8313  D9F3 32 12 80             ld   (aLAST_KEY+1),a
8314  D9F6 32 17 80             ld   (aREPEAT_CNT+1),a
8315  D9F9 C9                   ret                                       ; pokud tabulka vrací 0 → nic/ignoruj
8316  D9FA
8317  D9FA              aKEY_OK_NOWAIT
8318  D9FA 47                   ld   b,a
8319  D9FB 3A 12 80             ld   a,(aLAST_KEY+1)
8320  D9FE B8                   cp   b
8321  D9FF 20 15                jr   nz,aKEY_NEW_NOWAIT
8322  DA01 3A 17 80             ld   a,(aREPEAT_CNT+1)
8323  DA04 B7                   or   a
8324  DA05 28 06                jr   z,aKEY_REPEAT_NOWAIT
8325  DA07 3D                   dec  a
8326  DA08 32 17 80             ld   (aREPEAT_CNT+1),a
8327  DA0B AF                   xor  a
8328  DA0C C9                   ret
8329  DA0D              aKEY_REPEAT_NOWAIT
8330  DA0D 3E 01                ld   a,1
8331  DA0F 32 17 80             ld   (aREPEAT_CNT+1),a
8332  DA12 78                   ld   a,b
8333  DA13 C3 39 80             jp aSEDI_KEY
8334  DA16              aKEY_NEW_NOWAIT
8335  DA16 78                   ld   a,b
8336  DA17 C3 2D 80             jp aNEW_KEY                               ; nová klávesa pokračuje do běžného zpracování
8337  DA1A
8338  DA1A
8339  DA1A                      include "functions/dir_info_late.asm"
# file opened: functions/dir_info_late.asm
   1+ DA1A              dir_info_trim_lfn_zero
   2+ DA1A 21 C8 9D             ld hl,LFNNAME+259
   3+ DA1D              .scan
   4+ DA1D 7E                   ld a,(hl)
   5+ DA1E FE 20                cp 32
   6+ DA20 28 0B                jr z,.trim
   7+ DA22 FE FF                cp 255
   8+ DA24 28 07                jr z,.trim
   9+ DA26 B7                   or a
  10+ DA27 28 04                jr z,.trim
  11+ DA29 23                   inc hl
  12+ DA2A AF                   xor a
  13+ DA2B 77                   ld (hl),a
  14+ DA2C C9                   ret
  15+ DA2D              .trim
  16+ DA2D 2B                   dec hl
  17+ DA2E 18 ED                jr .scan
  18+ DA30
  19+ DA30
  20+ DA30              dir_info_prepare_context
  21+ DA30 3E 01                ld a,DIRINFO_ABI
  22+ DA32 32 65 9C             ld (dirInfoContext+DIRINFOCTX_ABI),a
  23+ DA35 CD 9B 9B             call syscopy_get_active_path
  24+ DA38 22 66 9C             ld (dirInfoContext+DIRINFOCTX_SRC_PATH),hl
  25+ DA3B 21 C5 9C             ld hl,LFNNAME
  26+ DA3E 22 68 9C             ld (dirInfoContext+DIRINFOCTX_NAME),hl
  27+ DA41 AF                   xor a
  28+ DA42 32 6A 9C             ld (dirInfoContext+DIRINFOCTX_RESULT),a
  29+ DA45 32 6B 9C             ld (dirInfoContext+DIRINFOCTX_ERROR),a
  30+ DA48 32 6C 9C             ld (dirInfoContext+DIRINFOCTX_STAGE),a
  31+ DA4B 21 00 00             ld hl,0
  32+ DA4E 22 6D 9C             ld (dirInfoContext+DIRINFOCTX_ITEMS_LO),hl
  33+ DA51 22 6F 9C             ld (dirInfoContext+DIRINFOCTX_ITEMS_HI),hl
  34+ DA54 22 71 9C             ld (dirInfoContext+DIRINFOCTX_SIZE_LO),hl
  35+ DA57 22 73 9C             ld (dirInfoContext+DIRINFOCTX_SIZE_HI),hl
  36+ DA5A 22 75 9C             ld (dirInfoContext+DIRINFOCTX_SERVICES),hl
  37+ DA5D C9                   ret
  38+ DA5E
  39+ DA5E
  40+ DA5E              dir_info_load_plugin
  41+ DA5E 21 B8 9C             ld hl,dirInfoPluginName
  42+ DA61 22 D2 9B             ld (syscopyLoadName+1),hl
  43+ DA64 21 00 10             ld hl,DIRINFO_PLUGIN_SIZE
  44+ DA67 22 DE 9B             ld (syscopyLoadSize+1),hl
  45+ DA6A CD BC 9B             call syscopy_load_plugin
  46+ DA6D F5                   push af
  47+ DA6E 21 95 9C             ld hl,sysCopyPluginName
  48+ DA71 22 D2 9B             ld (syscopyLoadName+1),hl
  49+ DA74 21 00 20             ld hl,SYSCOPY_PLUGIN_SIZE
  50+ DA77 22 DE 9B             ld (syscopyLoadSize+1),hl
  51+ DA7A F1                   pop af
  52+ DA7B C9                   ret
  53+ DA7C
  54+ DA7C
  55+ DA7C              dir_info_run_from_info
  56+ DA7C CD 1A DA             call dir_info_trim_lfn_zero
  57+ DA7F CD A0 DA             call dir_info_show_loading
  58+ DA82 CD 30 DA             call dir_info_prepare_context
  59+ DA85 CD 5E DA             call dir_info_load_plugin
  60+ DA88 DA CF DA             jp c,dir_info_plugin_error
  61+ DA8B CD 12 9C             call syscopy_call_plugin
  62+ DA8E 3A 6A 9C             ld a,(dirInfoContext+DIRINFOCTX_RESULT)
  63+ DA91 B7                   or a
  64+ DA92 C2 CF DA             jp nz,dir_info_plugin_error
  65+ DA95 CD CA 7E             call loadscr
  66+ DA98 3E 01                ld a,1
  67+ DA9A 32 65 9C             ld (dirInfoActive),a
  68+ DA9D C3 BF CE             jp info_file_show_ready
  69+ DAA0
  70+ DAA0
  71+ DAA0              dir_info_show_loading
  72+ DAA0 CD B6 7E             call savescr
  73+ DAA3 21 0A 0A             ld hl,10 * 256 + 10
  74+ DAA6 01 06 3C             ld bc,60 * 256 + 6
  75+ DAA9 3E 10                ld a,16
  76+ DAAB CD 2C 81             call window
  77+ DAAE
  78+ DAAE 21 0B 0B             ld hl,11*256+11
  79+ DAB1 3E 10                ld a,16
  80+ DAB3 11 45 DB             ld de,dirInfoLoadingTitleTxt
  81+ DAB6 CD 09 81             call print
  82+ DAB9 21 0D 0B             ld hl,11*256+13
  83+ DABC 3E 10                ld a,16
  84+ DABE 11 54 DB             ld de,dirInfoLoadingTxt
  85+ DAC1 CD 09 81             call print
  86+ DAC4 21 0E 0B             ld hl,11*256+14
  87+ DAC7 3E 10                ld a,16
  88+ DAC9 11 75 DB             ld de,dirInfoPleaseWaitTxt
  89+ DACC C3 09 81             jp print
  90+ DACF
  91+ DACF
  92+ DACF              dir_info_plugin_error
  93+ DACF CD CA 7E             call loadscr
  94+ DAD2 CD B6 7E             call savescr
  95+ DAD5 21 0A 0A             ld hl,10 * 256 + 10
  96+ DAD8 01 04 3C             ld bc,60 * 256 + 4
  97+ DADB 3E 10                ld a,16
  98+ DADD CD 2C 81             call window
  99+ DAE0 21 0B 0B             ld hl,11*256+11
 100+ DAE3 3E 10                ld a,16
 101+ DAE5 11 92 DB             ld de,dirInfoLoadErrorTxt
 102+ DAE8 CD 09 81             call print
 103+ DAEB 21 0D 0B             ld hl,11*256+13
 104+ DAEE 3E 30                ld a,48
 105+ DAF0 11 7F A2             ld de,pressanykeytxt
 106+ DAF3 CD 09 81             call print
 107+ DAF6 AF                   xor a
 108+ DAF7 32 4E 73             ld (TLACITKO),a
 109+ DAFA CD AA 7F             call INKEY
 110+ DAFD CD CA 7E             call loadscr
 111+ DB00 C3 83 72             jp loop0
 112+ DB03
 113+ DB03
 114+ DB03              dir_info_print_items_if_active
 115+ DB03 3A 65 9C             ld a,(dirInfoActive)
 116+ DB06 B7                   or a
 117+ DB07 C8                   ret z
 118+ DB08 21 11 0B             ld hl,11*256+17
 119+ DB0B 3E 10                ld a,16
 120+ DB0D 11 8B DB             ld de,dirInfoItemsTxt
 121+ DB10 CD 09 81             call print
 122+ DB13 21 11 10             ld hl,16*256+17
 123+ DB16 22 C3 7D             ld (dec32pos+1),hl
 124+ DB19 2A 6D 9C             ld hl,(dirInfoContext+DIRINFOCTX_ITEMS_LO)
 125+ DB1C ED 5B 6F 9C          ld de,(dirInfoContext+DIRINFOCTX_ITEMS_HI)
 126+ DB20 06 0A                ld b,10
 127+ DB22 3E 10                ld a,16
 128+ DB24 32 C6 7D             ld (decink+1),a
 129+ DB27 CD B8 7D             call DEC32
 130+ DB2A AF                   xor a
 131+ DB2B 32 C6 7D             ld (decink+1),a
 132+ DB2E C9                   ret
 133+ DB2F
 134+ DB2F
 135+ DB2F              dir_info_get_size_value
 136+ DB2F 3A 65 9C             ld a,(dirInfoActive)
 137+ DB32 B7                   or a
 138+ DB33 28 08                jr z,.file_size
 139+ DB35 2A 71 9C             ld hl,(dirInfoContext+DIRINFOCTX_SIZE_LO)
 140+ DB38 ED 5B 73 9C          ld de,(dirInfoContext+DIRINFOCTX_SIZE_HI)
 141+ DB3C C9                   ret
 142+ DB3D              .file_size
 143+ DB3D 2A CA 9D             ld hl,(LFNNAME+261)
 144+ DB40 ED 5B CC 9D          ld de,(LFNNAME+261+2)
 145+ DB44 C9                   ret
 146+ DB45
 147+ DB45
 148+ DB45 44 69 72 65  dirInfoLoadingTitleTxt defb "Directory info",0
 148+ DB49 63 74 6F 72
 148+ DB4D 79 20 69 6E
 148+ DB51 66 6F 00
 149+ DB54 4C 6F 61 64  dirInfoLoadingTxt      defb "Loading directory information...",0
 149+ DB58 69 6E 67 20
 149+ DB5C 64 69 72 65
 149+ DB60 63 74 6F 72
 149+ DB64 79 20 69 6E
 149+ DB68 66 6F 72 6D
 149+ DB6C 61 74 69 6F
 149+ DB70 6E 2E 2E 2E
 149+ DB74 00
 150+ DB75 50 6C 65 61  dirInfoPleaseWaitTxt   defb "Please wait a moment.",0
 150+ DB79 73 65 20 77
 150+ DB7D 61 69 74 20
 150+ DB81 61 20 6D 6F
 150+ DB85 6D 65 6E 74
 150+ DB89 2E 00
 151+ DB8B 49 74 65 6D  dirInfoItemsTxt        defb "Items:",0
 151+ DB8F 73 3A 00
 152+ DB92 44 69 72 65  dirInfoLoadErrorTxt    defb "Directory info failed.",0
 152+ DB96 63 74 6F 72
 152+ DB9A 79 20 69 6E
 152+ DB9E 66 6F 20 66
 152+ DBA2 61 69 6C 65
 152+ DBA6 64 2E 00
 153+ DBA9
# file closed: functions/dir_info_late.asm
8340  DBA9                      include "functions/viewer_late.asm"
# file opened: functions/viewer_late.asm
   1+ DBA9              ; ============================================================
   2+ DBA9              ; Viewer code that lives in the second part of the binary.
   3+ DBA9              ; The plugin chooser is pure UI: it never pages DOS in and is never
   4+ DBA9              ; called from a plugin service, so it does not have to stay resident
   5+ DBA9              ; in the $A000 part where the extraction services must live.
   6+ DBA9              ; ============================================================
   7+ DBA9
   8+ DBA9
   9+ DBA9              view_choose_plugin_dialog
  10+ DBA9 CD B6 7E             call savescr
  11+ DBAC AF                   xor a
  12+ DBAD 32 63 BB             ld (viewPluginMenuCursor),a
  13+ DBB0 32 64 BB             ld (viewPluginMenuTop),a
  14+ DBB3 CD 94 BA             call view_read_wheel
  15+ DBB6 32 5C BB             ld (viewWheelOld),a
  16+ DBB9
  17+ DBB9 21 08 17             ld hl,23*256+8
  18+ DBBC 01 0C 22             ld bc,34*256+12
  19+ DBBF 3E 90                ld a,144
  20+ DBC1 CD 2C 81             call window
  21+ DBC4 21 09 19             ld hl,25*256+9
  22+ DBC7 3E 90                ld a,144
  23+ DBC9 11 7F BC             ld de,viewPluginMenuTitleTxt
  24+ DBCC CD 09 81             call print
  25+ DBCF CD 46 B1             call view_plugin_menu_print_items
  26+ DBD2 3E 40                ld a,64
  27+ DBD4 CD 8C B1             call view_plugin_menu_write_cursor
  28+ DBD7
  29+ DBD7              .loop
  30+ DBD7 AF                   xor a
  31+ DBD8 32 4E 73             ld (TLACITKO),a
  32+ DBDB CD AA 7F             call INKEY
  33+ DBDE FE 01                cp 1
  34+ DBE0 CA B0 DC             jp z,.cancel
  35+ DBE3 FE 0A                cp 10
  36+ DBE5 CA 0A DC             jp z,.down
  37+ DBE8 FE 0B                cp 11
  38+ DBEA CA 45 DC             jp z,.up
  39+ DBED FE 0D                cp 13
  40+ DBEF CA A8 DC             jp z,.enter
  41+ DBF2
  42+ DBF2 CD B9 DC             call view_plugin_menu_wheel
  43+ DBF5 FE 0A                cp 10
  44+ DBF7 CA 0A DC             jp z,.down
  45+ DBFA FE 0B                cp 11
  46+ DBFC CA 45 DC             jp z,.up
  47+ DBFF
  48+ DBFF 3A 4E 73             ld a,(TLACITKO)
  49+ DC02 CB 4F                bit 1,a
  50+ DC04 C2 73 DC             jp nz,.mouse
  51+ DC07 C3 D7 DB             jp .loop
  52+ DC0A
  53+ DC0A              .down
  54+ DC0A 3A 63 BB             ld a,(viewPluginMenuCursor)
  55+ DC0D FE 06                cp VIEW_PLUGIN_MENU_VISIBLE-1
  56+ DC0F 28 1B                jr z,.down_scroll
  57+ DC11 47                   ld b,a
  58+ DC12 3A 64 BB             ld a,(viewPluginMenuTop)
  59+ DC15 80                   add a,b
  60+ DC16 FE 09                cp VIEW_PLUGIN_MENU_LAST
  61+ DC18 CA D7 DB             jp z,.loop
  62+ DC1B 3E 90                ld a,144
  63+ DC1D CD 8C B1             call view_plugin_menu_write_cursor
  64+ DC20 21 63 BB             ld hl,viewPluginMenuCursor
  65+ DC23 34                   inc (hl)
  66+ DC24 3E 40                ld a,64
  67+ DC26 CD 8C B1             call view_plugin_menu_write_cursor
  68+ DC29 C3 D7 DB             jp .loop
  69+ DC2C
  70+ DC2C              .down_scroll
  71+ DC2C 3A 64 BB             ld a,(viewPluginMenuTop)
  72+ DC2F C6 07                add a,VIEW_PLUGIN_MENU_VISIBLE
  73+ DC31 FE 0A                cp VIEW_PLUGIN_MENU_COUNT
  74+ DC33 D2 D7 DB             jp nc,.loop
  75+ DC36 21 64 BB             ld hl,viewPluginMenuTop
  76+ DC39 34                   inc (hl)
  77+ DC3A CD 46 B1             call view_plugin_menu_print_items
  78+ DC3D 3E 40                ld a,64
  79+ DC3F CD 8C B1             call view_plugin_menu_write_cursor
  80+ DC42 C3 D7 DB             jp .loop
  81+ DC45
  82+ DC45              .up
  83+ DC45 3A 63 BB             ld a,(viewPluginMenuCursor)
  84+ DC48 B7                   or a
  85+ DC49 CA 5D DC             jp z,.up_scroll
  86+ DC4C 3E 90                ld a,144
  87+ DC4E CD 8C B1             call view_plugin_menu_write_cursor
  88+ DC51 21 63 BB             ld hl,viewPluginMenuCursor
  89+ DC54 35                   dec (hl)
  90+ DC55 3E 40                ld a,64
  91+ DC57 CD 8C B1             call view_plugin_menu_write_cursor
  92+ DC5A C3 D7 DB             jp .loop
  93+ DC5D
  94+ DC5D              .up_scroll
  95+ DC5D 3A 64 BB             ld a,(viewPluginMenuTop)
  96+ DC60 B7                   or a
  97+ DC61 CA D7 DB             jp z,.loop
  98+ DC64 21 64 BB             ld hl,viewPluginMenuTop
  99+ DC67 35                   dec (hl)
 100+ DC68 CD 46 B1             call view_plugin_menu_print_items
 101+ DC6B 3E 40                ld a,64
 102+ DC6D CD 8C B1             call view_plugin_menu_write_cursor
 103+ DC70 C3 D7 DB             jp .loop
 104+ DC73
 105+ DC73              .mouse
 106+ DC73 21 83 BB             ld hl,viewPluginMenuMouseArea
 107+ DC76 CD 89 A7             call CONTROL
 108+ DC79 DA D7 DB             jp c,.loop
 109+ DC7C 3A 85 A7             ld a,(COORD+1)
 110+ DC7F 57                   ld d,a
 111+ DC80 1E 08                ld e,8
 112+ DC82 CD A0 84             call deleno8
 113+ DC85 7A                   ld a,d
 114+ DC86 FE 0B                cp 11
 115+ DC88 DA D7 DB             jp c,.loop
 116+ DC8B FE 12                cp 18
 117+ DC8D D2 D7 DB             jp nc,.loop
 118+ DC90 D6 0B                sub 11
 119+ DC92 FE 07                cp VIEW_PLUGIN_MENU_VISIBLE
 120+ DC94 D2 D7 DB             jp nc,.loop
 121+ DC97 4F                   ld c,a
 122+ DC98 3A 64 BB             ld a,(viewPluginMenuTop)
 123+ DC9B 81                   add a,c
 124+ DC9C FE 0A                cp VIEW_PLUGIN_MENU_COUNT
 125+ DC9E D2 D7 DB             jp nc,.loop
 126+ DCA1 79                   ld a,c
 127+ DCA2 32 63 BB             ld (viewPluginMenuCursor),a
 128+ DCA5 C3 A8 DC             jp .enter
 129+ DCA8
 130+ DCA8              .enter
 131+ DCA8 CD CA 7E             call loadscr
 132+ DCAB CD A7 B1             call view_plugin_menu_set_plugin
 133+ DCAE AF                   xor a
 134+ DCAF C9                   ret
 135+ DCB0
 136+ DCB0              .cancel
 137+ DCB0 AF                   xor a
 138+ DCB1 32 5E BB             ld (viewNextAfterDown),a
 139+ DCB4 CD CA 7E             call loadscr
 140+ DCB7 37                   scf
 141+ DCB8 C9                   ret
 142+ DCB9
 143+ DCB9
 144+ DCB9              view_plugin_menu_wheel
 145+ DCB9 CD 94 BA             call view_read_wheel
 146+ DCBC 47                   ld b,a
 147+ DCBD 3A 5C BB             ld a,(viewWheelOld)
 148+ DCC0 4F                   ld c,a
 149+ DCC1 B8                   cp b
 150+ DCC2 28 16                jr z,.no_wheel
 151+ DCC4 78                   ld a,b
 152+ DCC5 32 5C BB             ld (viewWheelOld),a
 153+ DCC8 79                   ld a,c
 154+ DCC9 FE 0F                cp 15
 155+ DCCB 28 0D                jr z,.no_wheel
 156+ DCCD B7                   or a
 157+ DCCE 28 0A                jr z,.no_wheel
 158+ DCD0 78                   ld a,b
 159+ DCD1 B9                   cp c
 160+ DCD2 38 03                jr c,.wheel_up
 161+ DCD4 3E 0A                ld a,10
 162+ DCD6 C9                   ret
 163+ DCD7              .wheel_up
 164+ DCD7 3E 0B                ld a,11
 165+ DCD9 C9                   ret
 166+ DCDA              .no_wheel
 167+ DCDA AF                   xor a
 168+ DCDB C9                   ret
 169+ DCDC
 170+ DCDC
 171+ DCDC
 172+ DCDC              ; Kept here rather than with the other extensions in cc.asm: the first
 173+ DCDC              ; part of the binary is full, and only view_select_plugin reads these.
 174+ DCDC 2E 74 72 64  ext_trd defb ".trd"
 175+ DCE0 2E 54 52 44  ext_TRD defb ".TRD"
 176+ DCE4 2E 73 63 6C  ext_scl defb ".scl"
 177+ DCE8 2E 53 43 4C  ext_SCL defb ".SCL"
 178+ DCEC 2E 7A 69 70  ext_zip defb ".zip"
 179+ DCF0 2E 5A 49 50  ext_ZIP defb ".ZIP"
 180+ DCF4
# file closed: functions/viewer_late.asm
8341  DCF4
8342  DCF4              overwrite_draw_options
8343  DCF4 21 14 2E             ld hl,46*256+20
8344  DCF7 3E 10                ld a,16
8345  DCF9 11 DF 8C             ld de,cancel_txt
8346  DCFC CD 09 81             call print
8347  DCFF 21 14 0B             ld hl,11*256+20
8348  DD02 3E 10                ld a,16
8349  DD04 11 EE 8C             ld de,no_txt
8350  DD07 CD 09 81             call print
8351  DD0A 21 15 0B             ld hl,11*256+21
8352  DD0D 3E 10                ld a,16
8353  DD0F 11 F5 8C             ld de,all_txt
8354  DD12 C3 09 81             jp print
8355  DD15
8356  DD15
8357  DD15              overwrite_choice
8358  DD15              .wait
8359  DD15 AF                   xor a
8360  DD16 32 4E 73             ld (TLACITKO),a
8361  DD19 FB                   ei
8362  DD1A 06 02                ld b,2
8363  DD1C              .delay
8364  DD1C 76                   halt
8365  DD1D 10 FD                djnz .delay
8366  DD1F CD 4C 80             call KEYSCAN
8367  DD22 7B                   ld a,e
8368  DD23 3C                   inc a
8369  DD24 28 EF                jr z,.wait
8370  DD26 7A                   ld a,d
8371  DD27 FE 27                cp $27
8372  DD29 20 09                jr nz,.plain
8373  DD2B 7B                   ld a,e
8374  DD2C FE 20                cp 32
8375  DD2E 28 10                jr z,.cancel
8376  DD30 FE 21                cp 33
8377  DD32 28 0F                jr z,.all
8378  DD34              .plain
8379  DD34 7B                   ld a,e
8380  DD35 FE 21                cp 33
8381  DD37 28 0D                jr z,.enter
8382  DD39 FE 08                cp 8
8383  DD3B 20 D8                jr nz,.wait
8384  DD3D 3E 6E                ld a,"n"
8385  DD3F C9                   ret
8386  DD40              .cancel
8387  DD40 3E 01                ld a,1
8388  DD42 C9                   ret
8389  DD43              .all
8390  DD43 3E 02                ld a,2
8391  DD45 C9                   ret
8392  DD46              .enter
8393  DD46 3E 0D                ld a,13
8394  DD48 C9                   ret
8395  DD49
8396  DD49
8397  DD49              ; Compact delayed status shown only for larger directories. It deliberately
8398  DD49              ; stays in the resident bank: changing MMU7 from the LFN loop is unsafe.
8399  DD49              ; The active panel is redrawn immediately after reload_dir, removing the box.
8400  DD49              loading_status_draw
8401  DD49 C5                   push bc
8402  DD4A 3A 88 87             ld a,(OKNO)
8403  DD4D E6 10                and 16
8404  DD4F 26 06                ld h,6
8405  DD51 28 02                jr z,.position_ready
8406  DD53 26 2E                ld h,46
8407  DD55              .position_ready
8408  DD55 2E 0D                ld l,13
8409  DD57 E5                   push hl
8410  DD58 01 01 1A             ld bc,26*256+1
8411  DD5B 3E 10                ld a,16
8412  DD5D CD 2C 81             call window
8413  DD60 E1                   pop hl
8414  DD61 24                   inc h
8415  DD62 24                   inc h
8416  DD63 2C                   inc l
8417  DD64 11 6E DD             ld de,loadingStatusTxt
8418  DD67 3E 10                ld a,16
8419  DD69 CD 09 81             call print
8420  DD6C C1                   pop bc
8421  DD6D C9                   ret
8422  DD6E
8423  DD6E 4C 6F 61 64  loadingStatusTxt defb "Loading / sorting...",0
8423  DD72 69 6E 67 20
8423  DD76 2F 20 73 6F
8423  DD7A 72 74 69 6E
8423  DD7E 67 2E 2E 2E
8423  DD82 00
8424  DD83
8425  DD83 43 6F 70 79  morecopytxt      defb "Copy?",0
8425  DD87 3F 00
8426  DD89 4D 6F 76 65  moremovetxt      defb "Move?",0
8426  DD8D 3F 00
8427  DD8F 44 65 6C 3F  moredeletetxt    defb "Del?",0
8427  DD93 00
8428  DD94
8429  DD94                      include "functions/settings.asm"
# file opened: functions/settings.asm
   1+ DD94              ; Thin resident host for the 8KB Settings plugin. The live palette/key tables
   2+ DD94              ; stay in Cfg so startup loading, Settings, dispatch and Help all see the same
   3+ DD94              ; values; all editor UI and capture logic live outside resident RAM.
   4+ DD94
   5+ DD94              settings_open
   6+ DD94 3E 05                ld a,SETTINGS_ABI
   7+ DD96 32 65 9C             ld (sysCopyContext+SETTINGSCTX_ABI),a
   8+ DD99 21 B1 89             ld hl,cfgStyleColours
   9+ DD9C 22 66 9C             ld (sysCopyContext+SETTINGSCTX_PALETTE),hl
  10+ DD9F 21 D5 89             ld hl,cfgKeyBindings
  11+ DDA2 22 68 9C             ld (sysCopyContext+SETTINGSCTX_KEYS),hl
  12+ DDA5 21 F7 89             ld hl,cfgColourScheme
  13+ DDA8 22 6C 9C             ld (sysCopyContext+SETTINGSCTX_SCHEME),hl
  14+ DDAB AF                   xor a
  15+ DDAC 32 6A 9C             ld (sysCopyContext+SETTINGSCTX_RESULT),a
  16+ DDAF 32 6B 9C             ld (sysCopyContext+SETTINGSCTX_ERROR),a
  17+ DDB2
  18+ DDB2 CD B6 7E             call savescr
  19+ DDB5 21 A1 9C             ld hl,settingsPluginName
  20+ DDB8 22 D2 9B             ld (syscopyLoadName+1),hl
  21+ DDBB 21 00 20             ld hl,SETTINGS_PLUGIN_SIZE
  22+ DDBE 22 DE 9B             ld (syscopyLoadSize+1),hl
  23+ DDC1 CD BC 9B             call syscopy_load_plugin
  24+ DDC4 38 03                jr c,.restore
  25+ DDC6 CD 12 9C             call syscopy_call_plugin
  26+ DDC9              .restore
  27+ DDC9 21 95 9C             ld hl,sysCopyPluginName
  28+ DDCC 22 D2 9B             ld (syscopyLoadName+1),hl
  29+ DDCF 21 00 20             ld hl,SYSCOPY_PLUGIN_SIZE
  30+ DDD2 22 DE 9B             ld (syscopyLoadSize+1),hl
  31+ DDD5 CD CA 7E             call loadscr
  32+ DDD8
  33+ DDD8 3A 6A 9C             ld a,(sysCopyContext+SETTINGSCTX_RESULT)
  34+ DDDB B7                   or a
  35+ DDDC CA 83 72             jp z,loop0
  36+ DDDF CD AE 9C             call settings_save_config
  37+ DDE2 CD 4F D1             call kresli
  38+ DDE5 CD CC A1             call obnov_okna
  39+ DDE8 CD 8E 73             call freespace
  40+ DDEB C3 83 72             jp loop0
  41+ DDEE
# file closed: functions/settings.asm
8430  DDEE
8431  DDEE 00 00 00...  sysvars 	defs 500
8432  DFE2
8433  DFE2              last:
8434  DFE2              E2
8435  DFE2                          IFDEF CC_DOT
8436  DFE2                          SAVEBIN "build/dot/ccd.bin", S1, E2-S1
8437  DFE2              dot_xb_page equ 90
8438  DFE2                          EXPORT dot_xb_page
8439  DFE2                          EXPORT S1
8440  DFE2                          EXPORT E2
8441  DFE2                          EXPORT dot_entry
8442  DFE2                          EXPORT dot_launch
8443  DFE2                          EXPORT DOT_EXIT_LAUNCH
8444  DFE2                          EXPORT DOT_EXIT_BASIC
8445  DFE2                          EXPORT dot_cmd_buf
8446  DFE2                          EXPORT dot_exit_code
8447  DFE2                          ELSE
8448  DFE2 ~                         SAVEBIN "cc1.bin",S1,E1-S1
8449  DFE2 ~                         SAVEBIN "cc2.bin",S2,E2-S2
8450  DFE2 ~                        SAVEBIN "cc.bin", S1, E2-S1
8451  DFE2                          ENDIF
8452  DFE2
8453  DFE2                          assert E1 <= S3
8454  DFE2                          assert E3 <= S2
8455  DFE2                          assert E2 <= 57344
8456  DFE2                          DISPLAY "Volne misto v prvni casti:",/A,S3 - E1
8457  DFE2                          DISPLAY "Volne misto v druhe casti:",/A,S2 - E3
8458  DFE2                          DISPLAY "Volne misto v treti casti:",/A,57344 - E2
8459  DFE2
8460  DFE2              ; ============================================================
8461  DFE2              ; EXTRA BANKA - strana EXTRA_BANK_PAGE mapovana na $E000
8462  DFE2              ; Obsahuje: specialchar (font), sipka (sprite), help (kod+texty)
8463  DFE2              ; Nacita se z cc_xb.bin pri startu programu.
8464  DFE2              ; ============================================================
8465  DFE2                          MMU 7, 90
8466  DFE2                          ORG $E000
8467  E000
8468  E000                          emit_menu_settings_code
8468  E000             >EXTRA_MENU_SYNC_CONFIG_MARKS
8468  E000 3A AE 89    >        ld a,(cfgUseKMouse)
8468  E003 87          >        add a,a
8468  E004 C6 19       >        add a,CHAR_DOT_RED
8468  E006 32 FC AC    >        ld (menuUseKMouseTxt),a
8468  E009 3A AF 89    >        ld a,(cfgDirsFirst)
8468  E00C 87          >        add a,a
8468  E00D C6 19       >        add a,CHAR_DOT_RED
8468  E00F 32 12 AD    >        ld (menuDirsFirstTxt),a
8468  E012 3A B0 89    >        ld a,(cfgSortMode)
8468  E015 5F          >        ld e,a
8468  E016 16 00       >        ld d,0
8468  E018 21 2A E0    >        ld hl,menuSortTextTable
8468  E01B 19          >        add hl,de
8468  E01C 19          >        add hl,de
8468  E01D 7E          >        ld a,(hl)
8468  E01E 23          >        inc hl
8468  E01F 66          >        ld h,(hl)
8468  E020 6F          >        ld l,a
8468  E021 11 32 AD    >        ld de,menuSortTxt+10
8468  E024 01 09 00    >        ld bc,9
8468  E027 ED B0       >        ldir
8468  E029 C9          >        ret
8468  E02A             >
8468  E02A             >menuSortTextTable
8468  E02A 30 E0 39 E0 >        defw menuSortName,menuSortExt,menuSortDate
8468  E02E 42 E0       >
8468  E030 4E 41 4D 45 >menuSortName defb "NAME     "
8468  E034 20 20 20 20 >
8468  E038 20          >
8468  E039 45 58 54 45 >menuSortExt  defb "EXTENSION"
8468  E03D 4E 53 49 4F >
8468  E041 4E          >
8468  E042 44 41 54 45 >menuSortDate defb "DATE     "
8468  E046 20 20 20 20 >
8468  E04A 20          >
8469  E04B                          emit_key_dispatch_code
8469  E04B             >EXTRA_KEY_DISPATCH
8469  E04B 21 D5 89    >            ld hl,cfgKeyBindings
8469  E04E 06 21       >            ld b,SETTINGS_ACTION_COUNT
8469  E050 4F          >            ld c,a
8469  E051 3E 01       >            ld a,1
8469  E053             >.scan
8469  E053 5E          >            ld e,(hl)
8469  E054 23          >            inc hl
8469  E055 FE 00       >            cp 0                                  ; keep flags independent of key value
8469  E057 57          >            ld d,a
8469  E058 7B          >            ld a,e
8469  E059 B9          >            cp c
8469  E05A 7A          >            ld a,d
8469  E05B 28 08       >            jr z,.found
8469  E05D 3C          >            inc a
8469  E05E 10 F3       >            djnz .scan
8469  E060 AF          >            xor a
8469  E061 21 00 00    >            ld hl,0
8469  E064 C9          >            ret
8469  E065             >.found
8469  E065 F5          >            push af
8469  E066 3D          >            dec a
8469  E067 87          >            add a,a
8469  E068 5F          >            ld e,a
8469  E069 16 00       >            ld d,0
8469  E06B 21 75 E0    >            ld hl,extraKeyActionJumpTable
8469  E06E 19          >            add hl,de
8469  E06F 5E          >            ld e,(hl)
8469  E070 23          >            inc hl
8469  E071 66          >            ld h,(hl)
8469  E072 6B          >            ld l,e
8469  E073 F1          >            pop af
8469  E074 C9          >            ret
8469  E075             >
8469  E075             >extraKeyActionJumpTable
8469  E075 35 D1 BD C5 >            defw info,down,up,rightcur,leftcur,changewin,enter,delete
8469  E079 A1 C6 D1 C9 >
8469  E07D 27 C9 92 7E >
8469  E081 DC 76 38 94 >
8469  E085 78 BE B0 8D >            defw delete_key_parent,RENAME,menu,copy,move,select,MKDIR
8469  E089 BF A7 45 A0 >
8469  E08D 3E A0 19 CB >
8469  E091 FE BD       >
8469  E093 5E 74 18 75 >            defw newdisc_left,newdisc_right,select_files,invert_select_files
8469  E097 08 D6 D2 D5 >
8469  E09B 6A D4 EE D2 >            defw deselect,jump_search,leftwin,rightwin,view_file,edit_file
8469  E09F 84 74 CE 74 >
8469  E0A3 AA AE 6D AF >
8469  E0A7 5B AF 22 BF >            defw view_plugin_menu,bookmarks_add,bookmarks_list,help,CHNG_ATTR
8469  E0AB 26 BF EF D0 >
8469  E0AF 7D CC       >
8469  E0B1 6B CE BB CB >            defw info_file,quit,settings_open
8469  E0B5 94 DD       >
8469  E0B7             >extraKeyActionJumpTableEnd
8469  E0B7             >            assert extraKeyActionJumpTableEnd-extraKeyActionJumpTable = SETTINGS_ACTION_COUNT*2
8470  E0B7                          emit_sort_code
8470  E0B7             >sort_loaded_dir
8470  E0B7 21 4F 87    >        ld hl,ALLFILES
8470  E0BA CD 50 7F    >        call ROZHOD2
8470  E0BD 7E          >        ld a,(hl)                                ; katalog má nejvýše pocetpolozek (200)
8470  E0BE FE 02       >        cp 2
8470  E0C0 D8          >        ret c
8470  E0C1 32 39 E3    >        ld (sortEnd),a
8470  E0C4             >
8470  E0C4 AF          >        xor a
8470  E0C5 32 38 E3    >        ld (sortStart),a
8470  E0C8 CD DC E0    >        call sort_skip_dot
8470  E0CB CD DC E0    >        call sort_skip_dot
8470  E0CE             >
8470  E0CE 3A 39 E3    >        ld a,(sortEnd)
8470  E0D1 32 3A E3    >        ld (sortRangeEnd),a
8470  E0D4 CD 07 E1    >        call sort_range
8470  E0D7 ED 91 56 00 >        nextreg $56,0                             ; MMU6 zpet na stranku 0 = kod casti 2 na $C000
8470  E0DB C9          >        ret
8470  E0DC             >
8470  E0DC             >sort_skip_dot
8470  E0DC 3A 38 E3    >        ld a,(sortStart)
8470  E0DF 47          >        ld b,a
8470  E0E0 3A 39 E3    >        ld a,(sortEnd)
8470  E0E3 B8          >        cp b
8470  E0E4 C8          >        ret z
8470  E0E5 78          >        ld a,b
8470  E0E6 CD F7 E0    >        call sort_cat_ptr
8470  E0E9 7E          >        ld a,(hl)
8470  E0EA E6 7F       >        and $7f
8470  E0EC FE 2E       >        cp "."
8470  E0EE CD D3 84    >        call NOBUFF83
8470  E0F1 C0          >        ret nz
8470  E0F2 21 38 E3    >        ld hl,sortStart
8470  E0F5 34          >        inc (hl)
8470  E0F6 C9          >        ret
8470  E0F7             >
8470  E0F7             >; A = fyzický index položky (0 = catbuff+13), HL = ukazatel v katalogové bance
8470  E0F7             >sort_cat_ptr
8470  E0F7 6F          >        ld l,a
8470  E0F8 26 00       >        ld h,0
8470  E0FA 06 0D       >        ld b,13
8470  E0FC CD 59 7F    >        call mull
8470  E0FF 11 0D A0    >        ld de,catbuff+13
8470  E102 19          >        add hl,de
8470  E103 CD C2 84    >        call BUFF83
8470  E106 C9          >        ret
8470  E107             >
8470  E107             >sort_range
8470  E107 3A 38 E3    >        ld a,(sortStart)
8470  E10A 32 3B E3    >        ld (sortOuter),a
8470  E10D             >.outer
8470  E10D 3A 3B E3    >        ld a,(sortOuter)
8470  E110 3C          >        inc a
8470  E111 47          >        ld b,a
8470  E112 3A 3A E3    >        ld a,(sortRangeEnd)
8470  E115 B8          >        cp b
8470  E116 D8          >        ret c
8470  E117 C8          >        ret z
8470  E118             >
8470  E118 3A 3B E3    >        ld a,(sortOuter)
8470  E11B 32 3D E3    >        ld (sortBest),a
8470  E11E 11 D8 9D    >        ld de,LFNNAME2
8470  E121 CD 81 E2    >        call sort_load_lfn
8470  E124             >
8470  E124 3A 3B E3    >        ld a,(sortOuter)
8470  E127 3C          >        inc a
8470  E128 32 3C E3    >        ld (sortCandidate),a
8470  E12B             >.inner
8470  E12B 3A 3C E3    >        ld a,(sortCandidate)
8470  E12E 47          >        ld b,a
8470  E12F 3A 3A E3    >        ld a,(sortRangeEnd)
8470  E132 B8          >        cp b
8470  E133 28 23       >        jr z,.selected
8470  E135             >
8470  E135 78          >        ld a,b
8470  E136 11 C5 9C    >        ld de,LFNNAME
8470  E139 CD 81 E2    >        call sort_load_lfn
8470  E13C CD 69 E1    >        call sort_candidate_before_best
8470  E13F 30 11       >        jr nc,.next_candidate
8470  E141 3A 3C E3    >        ld a,(sortCandidate)
8470  E144 32 3D E3    >        ld (sortBest),a
8470  E147 21 C5 9C    >        ld hl,LFNNAME
8470  E14A 11 D8 9D    >        ld de,LFNNAME2
8470  E14D 01 0D 01    >        ld bc,maxlen
8470  E150 ED B0       >        ldir
8470  E152             >.next_candidate
8470  E152 21 3C E3    >        ld hl,sortCandidate
8470  E155 34          >        inc (hl)
8470  E156 18 D3       >        jr .inner
8470  E158             >
8470  E158             >.selected
8470  E158 3A 3D E3    >        ld a,(sortBest)
8470  E15B 47          >        ld b,a
8470  E15C 3A 3B E3    >        ld a,(sortOuter)
8470  E15F B8          >        cp b
8470  E160 C4 CE E2    >        call nz,sort_swap_items
8470  E163 21 3B E3    >        ld hl,sortOuter
8470  E166 34          >        inc (hl)
8470  E167 18 A4       >        jr .outer
8470  E169             >
8470  E169             >; C=1 pokud LFNNAME (candidate) patří před LFNNAME2 (best)
8470  E169             >sort_candidate_before_best
8470  E169             >        ; Speciální adresáře mají vždy pořadí "." -> ".." -> ostatní.
8470  E169 3A 3C E3    >        ld a,(sortCandidate)
8470  E16C CD FA E1    >        call sort_item_dot_rank
8470  E16F 32 40 E3    >        ld (sortTempKey),a
8470  E172 3A 3D E3    >        ld a,(sortBest)
8470  E175 CD FA E1    >        call sort_item_dot_rank
8470  E178 47          >        ld b,a
8470  E179 3A 40 E3    >        ld a,(sortTempKey)
8470  E17C B8          >        cp b
8470  E17D 28 06       >        jr z,.not_dot_priority
8470  E17F 30 02       >        jr nc,.dot_before
8470  E181 B7          >        or a
8470  E182 C9          >        ret
8470  E183             >.dot_before
8470  E183 37          >        scf
8470  E184 C9          >        ret
8470  E185             >.not_dot_priority
8470  E185             >        ; DIRS FIRST je primární klíč, vlastní způsob řazení až sekundární.
8470  E185 3A AF 89    >        ld a,(cfgDirsFirst)
8470  E188 B7          >        or a
8470  E189 28 1D       >        jr z,.same_kind
8470  E18B 3A 3C E3    >        ld a,(sortCandidate)
8470  E18E CD E9 E1    >        call sort_item_is_dir
8470  E191 32 40 E3    >        ld (sortTempKey),a
8470  E194 3A 3D E3    >        ld a,(sortBest)
8470  E197 CD E9 E1    >        call sort_item_is_dir
8470  E19A 47          >        ld b,a
8470  E19B 3A 40 E3    >        ld a,(sortTempKey)
8470  E19E B8          >        cp b
8470  E19F 28 07       >        jr z,.same_kind
8470  E1A1 B7          >        or a
8470  E1A2 20 02       >        jr nz,.dir_before
8470  E1A4 B7          >        or a
8470  E1A5 C9          >        ret
8470  E1A6             >.dir_before
8470  E1A6 37          >        scf
8470  E1A7 C9          >        ret
8470  E1A8             >.same_kind
8470  E1A8 3A B0 89    >        ld a,(cfgSortMode)
8470  E1AB FE 02       >        cp 2
8470  E1AD CA 54 E2    >        jp z,sort_compare_date
8470  E1B0 FE 01       >        cp 1
8470  E1B2 CA 21 E2    >        jp z,sort_compare_extension
8470  E1B5             >sort_compare_name
8470  E1B5 21 C5 9C    >        ld hl,LFNNAME
8470  E1B8 11 D8 9D    >        ld de,LFNNAME2
8470  E1BB             >sort_compare_strings
8470  E1BB 06 00       >        ld b,0                                    ; max. 256 znaků LFN
8470  E1BD             >.loop
8470  E1BD 1A          >        ld a,(de)
8470  E1BE CD D8 E1    >        call sort_normalize_char
8470  E1C1 4F          >        ld c,a
8470  E1C2 7E          >        ld a,(hl)
8470  E1C3 CD D8 E1    >        call sort_normalize_char
8470  E1C6 B9          >        cp c
8470  E1C7 38 0B       >        jr c,.before
8470  E1C9 20 0B       >        jr nz,.after
8470  E1CB B7          >        or a
8470  E1CC 28 04       >        jr z,.equal
8470  E1CE 23          >        inc hl
8470  E1CF 13          >        inc de
8470  E1D0 10 EB       >        djnz .loop
8470  E1D2             >.equal
8470  E1D2 B7          >        or a
8470  E1D3 C9          >        ret
8470  E1D4             >.before
8470  E1D4 37          >        scf
8470  E1D5 C9          >        ret
8470  E1D6             >.after
8470  E1D6 B7          >        or a
8470  E1D7 C9          >        ret
8470  E1D8             >
8470  E1D8             >sort_normalize_char
8470  E1D8 FE FF       >        cp 255
8470  E1DA 28 0B       >        jr z,.zero
8470  E1DC B7          >        or a
8470  E1DD C8          >        ret z
8470  E1DE FE 61       >        cp "a"
8470  E1E0 D8          >        ret c
8470  E1E1 FE 7B       >        cp "z"+1
8470  E1E3 D0          >        ret nc
8470  E1E4 D6 20       >        sub 32
8470  E1E6 C9          >        ret
8470  E1E7             >.zero
8470  E1E7 AF          >        xor a
8470  E1E8 C9          >        ret
8470  E1E9             >
8470  E1E9             >sort_item_is_dir
8470  E1E9 CD F7 E0    >        call sort_cat_ptr
8470  E1EC 11 07 00    >        ld de,7
8470  E1EF 19          >        add hl,de
8470  E1F0 7E          >        ld a,(hl)
8470  E1F1 07          >        rlca
8470  E1F2 E6 01       >        and 1
8470  E1F4 F5          >        push af
8470  E1F5 CD D3 84    >        call NOBUFF83
8470  E1F8 F1          >        pop af
8470  E1F9 C9          >        ret
8470  E1FA             >
8470  E1FA             >sort_item_dot_rank
8470  E1FA CD F7 E0    >        call sort_cat_ptr
8470  E1FD 7E          >        ld a,(hl)
8470  E1FE E6 7F       >        and $7f
8470  E200 FE 2E       >        cp "."
8470  E202 20 14       >        jr nz,.normal
8470  E204 23          >        inc hl
8470  E205 7E          >        ld a,(hl)
8470  E206 E6 7F       >        and $7f
8470  E208 FE 20       >        cp 32
8470  E20A 28 08       >        jr z,.one_dot
8470  E20C FE 2E       >        cp "."
8470  E20E 20 08       >        jr nz,.normal
8470  E210 06 01       >        ld b,1
8470  E212 18 06       >        jr .dot_done
8470  E214             >.one_dot
8470  E214 06 02       >        ld b,2
8470  E216 18 02       >        jr .dot_done
8470  E218             >.normal
8470  E218 06 00       >        ld b,0
8470  E21A             >.dot_done
8470  E21A C5          >        push bc
8470  E21B CD D3 84    >        call NOBUFF83
8470  E21E C1          >        pop bc
8470  E21F 78          >        ld a,b
8470  E220 C9          >        ret
8470  E221             >
8470  E221             >sort_compare_extension
8470  E221 21 C5 9C    >        ld hl,LFNNAME
8470  E224 CD 38 E2    >        call sort_find_extension
8470  E227 E5          >        push hl
8470  E228 21 D8 9D    >        ld hl,LFNNAME2
8470  E22B CD 38 E2    >        call sort_find_extension
8470  E22E EB          >        ex de,hl
8470  E22F E1          >        pop hl
8470  E230 CD BB E1    >        call sort_compare_strings
8470  E233 D8          >        ret c
8470  E234 C0          >        ret nz
8470  E235 C3 B5 E1    >        jp sort_compare_name
8470  E238             >
8470  E238             >; HL = jméno, vrací HL = znak za poslední tečkou (nebo terminátor)
8470  E238             >sort_find_extension
8470  E238 11 00 00    >        ld de,0                                   ; bez tečky se porovnává prázdná přípona
8470  E23B 06 00       >        ld b,0
8470  E23D             >.scan
8470  E23D 7E          >        ld a,(hl)
8470  E23E FE FF       >        cp 255
8470  E240 28 0D       >        jr z,.done
8470  E242 B7          >        or a
8470  E243 28 0A       >        jr z,.done
8470  E245 FE 2E       >        cp "."
8470  E247 20 03       >        jr nz,.next
8470  E249 E5          >        push hl
8470  E24A D1          >        pop de
8470  E24B 13          >        inc de
8470  E24C             >.next
8470  E24C 23          >        inc hl
8470  E24D 10 EE       >        djnz .scan
8470  E24F             >.done
8470  E24F 7A          >        ld a,d
8470  E250 B3          >        or e
8470  E251 C8          >        ret z                                    ; HL už ukazuje na terminátor
8470  E252 EB          >        ex de,hl
8470  E253 C9          >        ret
8470  E254             >
8470  E254             >; Datum a čas sestupně (nejnovější první), při shodě jméno.
8470  E254             >sort_compare_date
8470  E254 2A CE 9D    >        ld hl,(LFNNAME+265)
8470  E257 ED 5B E1 9E >        ld de,(LFNNAME2+265)
8470  E25B 7C          >        ld a,h
8470  E25C BA          >        cp d
8470  E25D 38 20       >        jr c,.date_after
8470  E25F 20 1C       >        jr nz,.date_before
8470  E261 7D          >        ld a,l
8470  E262 BB          >        cp e
8470  E263 38 1A       >        jr c,.date_after
8470  E265 20 16       >        jr nz,.date_before
8470  E267 2A D0 9D    >        ld hl,(LFNNAME+267)
8470  E26A ED 5B E3 9E >        ld de,(LFNNAME2+267)
8470  E26E 7C          >        ld a,h
8470  E26F BA          >        cp d
8470  E270 38 0D       >        jr c,.date_after
8470  E272 20 09       >        jr nz,.date_before
8470  E274 7D          >        ld a,l
8470  E275 BB          >        cp e
8470  E276 38 07       >        jr c,.date_after
8470  E278 20 03       >        jr nz,.date_before
8470  E27A C3 B5 E1    >        jp sort_compare_name
8470  E27D             >.date_before
8470  E27D 37          >        scf
8470  E27E C9          >        ret
8470  E27F             >.date_after
8470  E27F B7          >        or a
8470  E280 C9          >        ret
8470  E281             >
8470  E281             >; A=index, DE=cílový buffer
8470  E281             >sort_load_lfn
8470  E281 D5          >        push de
8470  E282 CD A0 E2    >        call sort_lfn_ptr
8470  E285 D1          >        pop de
8470  E286 01 0D 01    >        ld bc,maxlen
8470  E289 ED B0       >        ldir
8470  E28B ED 91 56 00 >        nextreg $56,0                             ; MMU6 zpet na stranku 0 = kod casti 2 na $C000
8470  E28F C9          >        ret
8470  E290             >
8470  E290             >; A=index, HL=zdrojový buffer
8470  E290             >sort_store_lfn
8470  E290 E5          >        push hl
8470  E291 CD A0 E2    >        call sort_lfn_ptr
8470  E294 EB          >        ex de,hl                                 ; DE = cíl v bance
8470  E295 E1          >        pop hl                                   ; HL = zdroj
8470  E296 01 0D 01    >        ld bc,maxlen
8470  E299 ED B0       >        ldir
8470  E29B ED 91 56 00 >        nextreg $56,0                             ; MMU6 zpet na stranku 0 = kod casti 2 na $C000
8470  E29F C9          >        ret
8470  E2A0             >
8470  E2A0             >; A=index, vrací HL=adresa LFN bloku na $C000 a namapuje LFN stránku do MMU6.
8470  E2A0             >; MMU7 použít nelze – v něm běží tenhle kód (extra banka, stránka 90).
8470  E2A0             >sort_lfn_ptr
8470  E2A0 0E 00       >        ld c,0                                   ; číslo stránky nad základem
8470  E2A2             >.divide30
8470  E2A2 FE 1E       >        cp 30
8470  E2A4 38 05       >        jr c,.remainder
8470  E2A6 D6 1E       >        sub 30
8470  E2A8 0C          >        inc c
8470  E2A9 18 F7       >        jr .divide30
8470  E2AB             >.remainder
8470  E2AB 5F          >        ld e,a
8470  E2AC 16 00       >        ld d,0
8470  E2AE 21 00 00    >        ld hl,0
8470  E2B1 43          >        ld b,e
8470  E2B2 11 0D 01    >        ld de,maxlen
8470  E2B5 78          >        ld a,b
8470  E2B6 B7          >        or a
8470  E2B7 28 03       >        jr z,.offset_done
8470  E2B9             >.multiply
8470  E2B9 19          >        add hl,de
8470  E2BA 10 FD       >        djnz .multiply
8470  E2BC             >.offset_done
8470  E2BC 11 00 C0    >        ld de,#c000
8470  E2BF 19          >        add hl,de
8470  E2C0 E5          >        push hl
8470  E2C1 21 DC 83    >        ld hl,lfnpage
8470  E2C4 CD 48 7F    >        call ROZHOD
8470  E2C7 7E          >        ld a,(hl)
8470  E2C8 81          >        add a,c
8470  E2C9 ED 92 56    >        nextreg $56,a
8470  E2CC E1          >        pop hl
8470  E2CD C9          >        ret
8470  E2CE             >
8470  E2CE             >; A=outer, B=best
8470  E2CE             >sort_swap_items
8470  E2CE 32 3E E3    >        ld (sortSwapA),a
8470  E2D1 78          >        ld a,b
8470  E2D2 32 3F E3    >        ld (sortSwapB),a
8470  E2D5             >
8470  E2D5 3A 3E E3    >        ld a,(sortSwapA)
8470  E2D8 11 D8 9D    >        ld de,LFNNAME2
8470  E2DB CD 81 E2    >        call sort_load_lfn
8470  E2DE 3A 3F E3    >        ld a,(sortSwapB)
8470  E2E1 11 C5 9C    >        ld de,LFNNAME
8470  E2E4 CD 81 E2    >        call sort_load_lfn
8470  E2E7 3A 3E E3    >        ld a,(sortSwapA)
8470  E2EA 21 C5 9C    >        ld hl,LFNNAME
8470  E2ED CD 90 E2    >        call sort_store_lfn
8470  E2F0 3A 3F E3    >        ld a,(sortSwapB)
8470  E2F3 21 D8 9D    >        ld hl,LFNNAME2
8470  E2F6 CD 90 E2    >        call sort_store_lfn
8470  E2F9             >
8470  E2F9 3A 3E E3    >        ld a,(sortSwapA)
8470  E2FC CD F7 E0    >        call sort_cat_ptr
8470  E2FF 11 57 87    >        ld de,bufftmp
8470  E302 01 0D 00    >        ld bc,13
8470  E305 ED B0       >        ldir
8470  E307 CD D3 84    >        call NOBUFF83
8470  E30A             >
8470  E30A 3A 3F E3    >        ld a,(sortSwapB)
8470  E30D CD F7 E0    >        call sort_cat_ptr
8470  E310 E5          >        push hl
8470  E311 11 C5 9C    >        ld de,LFNNAME                            ; dočasných 13 B
8470  E314 01 0D 00    >        ld bc,13
8470  E317 ED B0       >        ldir
8470  E319 D1          >        pop de
8470  E31A 21 57 87    >        ld hl,bufftmp
8470  E31D 01 0D 00    >        ld bc,13
8470  E320 ED B0       >        ldir
8470  E322 CD D3 84    >        call NOBUFF83
8470  E325             >
8470  E325 3A 3E E3    >        ld a,(sortSwapA)
8470  E328 CD F7 E0    >        call sort_cat_ptr
8470  E32B EB          >        ex de,hl
8470  E32C 21 C5 9C    >        ld hl,LFNNAME
8470  E32F 01 0D 00    >        ld bc,13
8470  E332 ED B0       >        ldir
8470  E334 CD D3 84    >        call NOBUFF83
8470  E337 C9          >        ret
8470  E338             >
8470  E338 00          >sortStart      defb 0
8470  E339 00          >sortEnd        defb 0
8470  E33A 00          >sortRangeEnd   defb 0
8470  E33B 00          >sortOuter      defb 0
8470  E33C 00          >sortCandidate  defb 0
8470  E33D 00          >sortBest       defb 0
8470  E33E 00          >sortSwapA      defb 0
8470  E33F 00          >sortSwapB      defb 0
8470  E340 00          >sortTempKey    defb 0
8471  E341                          emit_info_code
8471  E341             >EXTRA_INFO
8471  E341 21 0A 08    >        ld hl,8 * 256 + 10
8471  E344 01 0A 3C    >        ld bc,60 * 256 + 10
8471  E347 3E 10       >        ld a,16
8471  E349 CD 2C 81    >        call window
8471  E34C             >
8471  E34C 21 0B 0B    >        ld hl,11*256+11
8471  E34F 3E 10       >        ld a,16
8471  E351 11 97 8A    >        ld de,calmcommander
8471  E354 CD 09 81    >        call print
8471  E357             >
8471  E357 21 0D 0B    >        ld hl,11*256+13
8471  E35A 3E 10       >        ld a,16
8471  E35C 11 C4 8A    >        ld de,info1txt
8471  E35F CD 09 81    >        call print
8471  E362             >
8471  E362 21 0E 0B    >        ld hl,11*256+14
8471  E365 3E 10       >        ld a,16
8471  E367 11 37 8B    >        ld de,info6txt
8471  E36A CD 09 81    >        call print
8471  E36D             >
8471  E36D 3A AC 75    >        ld a,(pocetstranek)
8471  E370 5F          >        ld e,a
8471  E371 16 08       >        ld d,8
8471  E373 ED 30       >        mul d,e
8471  E375 EB          >        ex de,hl
8471  E376 CD 57 7D    >        call NUM
8471  E379 21 0E 1E    >        ld hl,30*256+14
8471  E37C 3E 10       >        ld a,16
8471  E37E 11 4F 7D    >        ld de,NUMBUF+1
8471  E381             >
8471  E381 CD 09 81    >        call print
8471  E384             >
8471  E384 21 0E 22    >        ld hl,34*256+14
8471  E387 3E 10       >        ld a,16
8471  E389 11 49 8B    >        ld de,kB
8471  E38C CD 09 81    >        call print
8471  E38F             >
8471  E38F 21 0F 0B    >        ld hl,11*256+15
8471  E392 3E 10       >        ld a,16
8471  E394 11 4C 8B    >        ld de,rtc
8471  E397 CD 09 81    >        call print
8471  E39A             >
8471  E39A 11 51 8B    >        ld de,presenttxt
8471  E39D 3A AD 75    >        ld a,(rtcpresent)
8471  E3A0 B7          >        or a
8471  E3A1 20 03       >        jr nz,rtcje
8471  E3A3 11 59 8B    >        ld de,notpresenttxt
8471  E3A6             >rtcje
8471  E3A6             >
8471  E3A6 21 0F 10    >        ld hl,16*256+15
8471  E3A9 3E 10       >        ld a,16
8471  E3AB             >
8471  E3AB CD 09 81    >        call print
8471  E3AE             >
8471  E3AE             >
8471  E3AE             >
8471  E3AE 21 11 0B    >        ld hl,11*256+17
8471  E3B1 3E 10       >        ld a,16
8471  E3B3 11 E8 8A    >        ld de,info2txt
8471  E3B6 CD 09 81    >        call print
8471  E3B9             >
8471  E3B9 21 12 0B    >        ld hl,11*256+18
8471  E3BC 3E 10       >        ld a,16
8471  E3BE 11 06 8B    >        ld de,info3txt
8471  E3C1 CD 09 81    >        call print
8471  E3C4             >
8471  E3C4 21 13 0B    >        ld hl,11*256+19
8471  E3C7 3E 10       >        ld a,16
8471  E3C9 11 18 8B    >        ld de,info5txt
8471  E3CC CD 09 81    >        call print
8471  E3CF             >
8471  E3CF             >
8471  E3CF 21 14 2D    >        ld hl,45*256+20
8471  E3D2 3E 20       >        ld a,32
8471  E3D4 11 AB 8A    >        ld de,breaktxt
8471  E3D7 CD 09 81    >        call print
8471  E3DA             >
8471  E3DA             >info0
8471  E3DA AF          >        xor a
8471  E3DB 32 4E 73    >        ld (TLACITKO),a
8471  E3DE CD 95 E4    >        call extra_read_key                      ; INKEY nelze: gettime pise na $7FFD a odstrankuje extra banku
8471  E3E1 FE 01       >        cp 1
8471  E3E3 C8          >        ret z
8471  E3E4 C3 DA E3    >        jp info0
8472  E3E7
8473  E3E7                          IFDEF CC_DOT
8474  E3E7              ; ------------------------------------------------------------
8475  E3E7              ; extra_dot_basic_cmd - prikaz BASICu pro spusteni souboru z cmd2
8476  E3E7              ; ------------------------------------------------------------
8477  E3E7              ; Dot command BASIC program spustit nemuze (.run jen vypise navod), ale
8478  E3E7              ; BASIC po navratu z .cc pokracuje zbytkem radku. Zavadec proto po
8479  E3E7              ; obnoveni pameti vlozi tenhle prikaz za .cc. Prikazy jsou stejne jako
8480  E3E7              ; v c:/nextzxos/browser.cfg; cisla nesou skryty 5bajtovy tvar ($0E ...),
8481  E3E7              ; ktery BASIC pri behu cte misto cislic.
8482  E3E7              ; Vystup: dot_cmd_buf = [delka][tokeny], NZ = pripraveno, Z = NEX.
8483  E3E7              ; ------------------------------------------------------------
8484  E3E7              DOTC_NAME       equ $1F                           ; v sablone: sem jmeno souboru
8485  E3E7              DOTC_END        equ $1E                           ; v sablone: konec
8486  E3E7
8487  E3E7              extra_dot_basic_cmd:
8488  E3E7 21 C4 7B                 ld hl,cmd2                            ; najdi konec jmena
8489  E3EA 01 3D 00                 ld bc,61
8490  E3ED AF                       xor a
8491  E3EE ED B1                    cpir
8492  E3F0 2B                       dec hl
8493  E3F1 2B                       dec hl
8494  E3F2 7E                       ld a,(hl)                             ; pripona malymi pismeny do C,D,E
8495  E3F3 F6 20                    or $20
8496  E3F5 5F                       ld e,a
8497  E3F6 2B                       dec hl
8498  E3F7 7E                       ld a,(hl)
8499  E3F8 F6 20                    or $20
8500  E3FA 57                       ld d,a
8501  E3FB 2B                       dec hl
8502  E3FC 7E                       ld a,(hl)
8503  E3FD F6 20                    or $20
8504  E3FF 4F                       ld c,a
8505  E400 21 53 E4                 ld hl,extraDotTypes
8506  E403              .find
8507  E403 7E                       ld a,(hl)
8508  E404 B7                       or a
8509  E405 28 16                    jr z,.found                           ; konec tabulky: SNA/Z80
8510  E407 B9                       cp c
8511  E408 20 0C                    jr nz,.skip
8512  E40A 23                       inc hl
8513  E40B 7E                       ld a,(hl)
8514  E40C BA                       cp d
8515  E40D 20 08                    jr nz,.skip1
8516  E40F 23                       inc hl
8517  E410 7E                       ld a,(hl)
8518  E411 BB                       cp e
8519  E412 20 04                    jr nz,.skip2
8520  E414 18 07                    jr .found                             ; HL na 3. znaku, .found preskoci na adresu
8521  E416              .skip
8522  E416 23                       inc hl
8523  E417              .skip1
8524  E417 23                       inc hl
8525  E418              .skip2
8526  E418 23                       inc hl
8527  E419 23                       inc hl
8528  E41A 23                       inc hl
8529  E41B 18 E6                    jr .find
8530  E41D              .found
8531  E41D 23                       inc hl                                ; u konce tabulky preskoc nulu
8532  E41E 7E                       ld a,(hl)
8533  E41F 23                       inc hl
8534  E420 66                       ld h,(hl)
8535  E421 6F                       ld l,a
8536  E422 B4                       or h
8537  E423 C8                       ret z                                 ; NEX: zadna sablona
8538  E424 11 C6 9C                 ld de,dot_cmd_buf+1
8539  E427              .emit
8540  E427 7E                       ld a,(hl)
8541  E428 23                       inc hl
8542  E429 FE 1E                    cp DOTC_END
8543  E42B 28 18                    jr z,.done
8544  E42D FE 1F                    cp DOTC_NAME
8545  E42F 28 04                    jr z,.name
8546  E431 12                       ld (de),a
8547  E432 13                       inc de
8548  E433 18 F2                    jr .emit
8549  E435              .name
8550  E435 E5                       push hl
8551  E436 21 C4 7B                 ld hl,cmd2
8552  E439              .nameLoop
8553  E439 7E                       ld a,(hl)
8554  E43A B7                       or a
8555  E43B 28 05                    jr z,.nameEnd
8556  E43D 12                       ld (de),a
8557  E43E 13                       inc de
8558  E43F 23                       inc hl
8559  E440 18 F7                    jr .nameLoop
8560  E442              .nameEnd
8561  E442 E1                       pop hl
8562  E443 18 E2                    jr .emit
8563  E445              .done
8564  E445 EB                       ex de,hl
8565  E446 11 C6 9C                 ld de,dot_cmd_buf+1
8566  E449 B7                       or a
8567  E44A ED 52                    sbc hl,de
8568  E44C 7D                       ld a,l
8569  E44D 32 C5 9C                 ld (dot_cmd_buf),a
8570  E450 F6 01                    or 1                                  ; NZ
8571  E452 C9                       ret
8572  E453
8573  E453              ; tri znaky pripony, sablona (0 = NEX); na konci 0 a sablona pro snapshoty
8574  E453              ; (SNA/Z80/SNX). browser.cfg pro SNA/Z80 vola snapload.bas, ale ten na konci
8575  E453              ; dela taky jen SPECTRUM f$ - a jeho "LOAD + LET f$" by z programu nesel.
8576  E453              extraDotTypes:
8577  E453 6E 65 78                 defb "nex"
8577  E456 00 00          defw 0
8578  E458 62 61 73                 defb "bas"
8578  E45B 65 E4          defw extraDotBas
8579  E45D 74 61 70                 defb "tap"
8579  E460 78 E4          defw extraDotTap
8580  E462 00                       defb 0
8581  E463 8F E4                    defw extraDotSnx
8582  E465
8583  E465                          ; :CLEAR 65367:LOAD "jmeno"
8584  E465              extraDotBas:
8585  E465 3A FD 36 35              defb ":",$FD,"65367",$0E,0,0,$57,$FF,0
8585  E469 33 36 37 0E
8585  E46D 00 00 57 FF
8585  E471 00
8586  E472 3A EF 22 1F              defb ":",$EF,'"',DOTC_NAME,'"',DOTC_END
8586  E476 22 1E
8587  E478                          ; :.tapein "jmeno":LOAD "t:":LOAD ""
8588  E478              extraDotTap:
8589  E478 3A 2E 74 61              defb ":.tapein ",'"',DOTC_NAME,'"'
8589  E47C 70 65 69 6E
8589  E480 20 22 1F 22
8590  E484 3A EF 22 74              defb ":",$EF,'"t:"',":",$EF,'""',DOTC_END
8590  E488 3A 22 3A EF
8590  E48C 22 22 1E
8591  E48F                          ; :SPECTRUM "jmeno"
8592  E48F              extraDotSnx:
8593  E48F 3A A3 22 1F              defb ":",$A3,'"',DOTC_NAME,'"',DOTC_END
8593  E493 22 1E
8594  E495                          ENDIF
8595  E495
8596  E495              ; Blocking keyboard input for code running in MMU7.  The resident INKEY
8597  E495              ; cannot be used here: its retry path calls gettime, and gettime changes the
8598  E495              ; $C000-$FFFF mapping through $7FFD.  Require a full release both before and
8599  E495              ; after the key so the H used to open Help is not consumed by the dialog.
8600  E495              extra_read_key:
8601  E495              .release_before
8602  E495 FB                       ei
8603  E496 76                       halt
8604  E497 CD 4C 80                 call KEYSCAN
8605  E49A 7B                       ld a,e
8606  E49B 3C                       inc a
8607  E49C 20 F7                    jr nz,.release_before
8608  E49E              .press
8609  E49E 76                       halt
8610  E49F CD 4C 80                 call KEYSCAN
8611  E4A2 7B                       ld a,e
8612  E4A3 3C                       inc a
8613  E4A4 28 F8                    jr z,.press
8614  E4A6 7A                       ld a,d
8615  E4A7 21 90 80                 ld hl,SYMTAB
8616  E4AA FE 18                    cp $18
8617  E4AC 28 0A                    jr z,.decode
8618  E4AE 21 B8 80                 ld hl,CAPSTAB
8619  E4B1 FE 27                    cp $27
8620  E4B3 28 03                    jr z,.decode
8621  E4B5 21 DF 80                 ld hl,NORMTAB
8622  E4B8              .decode
8623  E4B8 16 00                    ld d,0
8624  E4BA 19                       add hl,de
8625  E4BB 7E                       ld a,(hl)
8626  E4BC B7                       or a
8627  E4BD 28 D6                    jr z,.release_before
8628  E4BF F5                       push af
8629  E4C0              .release_after
8630  E4C0 76                       halt
8631  E4C1 CD 4C 80                 call KEYSCAN
8632  E4C4 7B                       ld a,e
8633  E4C5 3C                       inc a
8634  E4C6 20 F8                    jr nz,.release_after
8635  E4C8 F1                       pop af
8636  E4C9 F5                       push af
8637  E4CA CD B5 BF                 call beepk
8638  E4CD F1                       pop af
8639  E4CE C9                       ret
8640  E4CF
8641  E4CF              ; Verify the complete standard plugin set while the extra bank is already
8642  E4CF              ; mapped during startup. RST $08 file access does not disturb the resident
8643  E4CF              ; code banks. Preserve every caller register because VSE_NASTAV prepares
8644  E4CF              ; HL/DE/BC for the drawing loop that follows this call.
8645  E4CF              EXTRA_CHECK_PLUGINS:
8646  E4CF F5                       push af
8647  E4D0 C5                       push bc
8648  E4D1 D5                       push de
8649  E4D2 E5                       push hl
8650  E4D3 DD E5                    push ix
8651  E4D5 FD E5                    push iy
8652  E4D7 21 BA E5                 ld hl,extraPluginTable
8653  E4DA 22 30 E7                 ld (extraPluginScanPtr),hl
8654  E4DD AF                       xor a
8655  E4DE 32 34 E7                 ld (extraPluginMissingCount),a
8656  E4E1              .next
8657  E4E1 2A 30 E7                 ld hl,(extraPluginScanPtr)
8658  E4E4 5E                       ld e,(hl)
8659  E4E5 23                       inc hl
8660  E4E6 56                       ld d,(hl)
8661  E4E7 23                       inc hl
8662  E4E8 22 30 E7                 ld (extraPluginScanPtr),hl
8663  E4EB 7A                       ld a,d
8664  E4EC B3                       or e
8665  E4ED 28 2F                    jr z,.complete
8666  E4EF ED 53 32 E7              ld (extraPluginCurrentPath),de
8667  E4F3 D5                       push de
8668  E4F4 DD E1                    pop ix
8669  E4F6                          IFDEF CC_DOT
8670  E4F6 EB                       ex de,hl                              ; uvnitr dot commandu bere esxDOS jmeno z HL
8671  E4F7                          ENDIF
8672  E4F7 AF                       xor a
8673  E4F8 06 01                    ld b,FA_READ
8674  E4FA CF                       rst $08
8675  E4FB 9A                       db F_OPEN
8676  E4FC 38 04                    jr c,.missing
8677  E4FE CF                       rst $08
8678  E4FF 9B                       db F_CLOSE
8679  E500 18 DF                    jr .next
8680  E502              .missing
8681  E502 3A 34 E7                 ld a,(extraPluginMissingCount)
8682  E505 3C                       inc a
8683  E506 32 34 E7                 ld (extraPluginMissingCount),a
8684  E509 FE 01                    cp 1
8685  E50B CC 4A E5                 call z,extra_plugin_check_draw_box
8686  E50E C6 05                    add a,5
8687  E510 6F                       ld l,a
8688  E511 26 04                    ld h,4
8689  E513 ED 5B 32 E7              ld de,(extraPluginCurrentPath)
8690  E517 3E 10                    ld a,16
8691  E519 CD 09 81                 call print
8692  E51C 18 C3                    jr .next
8693  E51E              .complete
8694  E51E 3A 34 E7                 ld a,(extraPluginMissingCount)
8695  E521 B7                       or a
8696  E522 28 1D                    jr z,.done
8697  E524 21 1A 04                 ld hl,4*256+26
8698  E527 11 A0 E5                 ld de,extraPluginContinueTxt
8699  E52A 3E 10                    ld a,16
8700  E52C CD 09 81                 call print
8701  E52F AF                       xor a
8702  E530 32 4E 73                 ld (TLACITKO),a
8703  E533 CD 95 E4                 call extra_read_key
8704  E536              .release
8705  E536 CD 4C 80                 call KEYSCAN
8706  E539 7B                       ld a,e
8707  E53A 3C                       inc a
8708  E53B 20 F9                    jr nz,.release
8709  E53D AF                       xor a
8710  E53E 32 4E 73                 ld (TLACITKO),a
8711  E541              .done
8712  E541 FD E1                    pop iy
8713  E543 DD E1                    pop ix
8714  E545 E1                       pop hl
8715  E546 D1                       pop de
8716  E547 C1                       pop bc
8717  E548 F1                       pop af
8718  E549 C9                       ret
8719  E54A
8720  E54A              extra_plugin_check_draw_box:
8721  E54A F5                       push af
8722  E54B 21 01 02                 ld hl,2*256+1
8723  E54E 01 1C 4A                 ld bc,74*256+28
8724  E551 3E 10                    ld a,16
8725  E553 CD 2C 81                 call window
8726  E556 21 02 04                 ld hl,4*256+2
8727  E559 11 6E E5                 ld de,extraPluginTitleTxt
8728  E55C 3E 10                    ld a,16
8729  E55E CD 09 81                 call print
8730  E561 21 04 04                 ld hl,4*256+4
8731  E564 11 8A E5                 ld de,extraPluginMissingTxt
8732  E567 3E 10                    ld a,16
8733  E569 CD 09 81                 call print
8734  E56C F1                       pop af
8735  E56D C9                       ret
8736  E56E
8737  E56E 43 61 6C 6D  extraPluginTitleTxt    defb "Calm Commander plugin check",0
8737  E572 20 43 6F 6D
8737  E576 6D 61 6E 64
8737  E57A 65 72 20 70
8737  E57E 6C 75 67 69
8737  E582 6E 20 63 68
8737  E586 65 63 6B 00
8738  E58A 4D 69 73 73  extraPluginMissingTxt  defb "Missing plugin files:",0
8738  E58E 69 6E 67 20
8738  E592 70 6C 75 67
8738  E596 69 6E 20 66
8738  E59A 69 6C 65 73
8738  E59E 3A 00
8739  E5A0 50 72 65 73  extraPluginContinueTxt defb "Press any key to continue",0
8739  E5A4 73 20 61 6E
8739  E5A8 79 20 6B 65
8739  E5AC 79 20 74 6F
8739  E5B0 20 63 6F 6E
8739  E5B4 74 69 6E 75
8739  E5B8 65 00
8740  E5BA
8741  E5BA              extraPluginTable:
8742  E5BA DC E5                    defw extraPluginSyscopy
8743  E5BC F2 E5                    defw extraPluginDirInfo
8744  E5BE 09 E6                    defw extraPluginBookmarks
8745  E5C0 21 E6                    defw extraPluginSettings
8746  E5C2 38 E6                    defw extraPluginText
8747  E5C4 4B E6                    defw extraPluginZxScreen
8748  E5C6 62 E6                    defw extraPluginNxi
8749  E5C8 74 E6                    defw extraPluginPt2
8750  E5CA 8A E6                    defw extraPluginPt3
8751  E5CC A0 E6                    defw extraPluginStc
8752  E5CE B6 E6                    defw extraPluginStp
8753  E5D0 CC E6                    defw extraPluginSqt
8754  E5D2 E1 E6                    defw extraPluginHello
8755  E5D4 F9 E6                    defw extraPluginBas
8756  E5D6 0B E7                    defw extraPluginTap
8757  E5D8 1D E7                    defw extraPluginEdit
8758  E5DA 00 00                    defw 0
8759  E5DC
8760  E5DC 63 3A 2F 73  extraPluginSyscopy   defb "c:/sys/cc","/syscopy.ccp",0
8760  E5E0 79 73 2F 63
8760  E5E4 63 2F 73 79
8760  E5E8 73 63 6F 70
8760  E5EC 79 2E 63 63
8760  E5F0 70 00
8761  E5F2 63 3A 2F 73  extraPluginDirInfo   defb "c:/sys/cc","/dir_info.ccp",0
8761  E5F6 79 73 2F 63
8761  E5FA 63 2F 64 69
8761  E5FE 72 5F 69 6E
8761  E602 66 6F 2E 63
8761  E606 63 70 00
8762  E609 63 3A 2F 73  extraPluginBookmarks defb "c:/sys/cc","/bookmarks.ccp",0
8762  E60D 79 73 2F 63
8762  E611 63 2F 62 6F
8762  E615 6F 6B 6D 61
8762  E619 72 6B 73 2E
8762  E61D 63 63 70 00
8763  E621 63 3A 2F 73  extraPluginSettings  defb "c:/sys/cc","/settings.ccp",0
8763  E625 79 73 2F 63
8763  E629 63 2F 73 65
8763  E62D 74 74 69 6E
8763  E631 67 73 2E 63
8763  E635 63 70 00
8764  E638 63 3A 2F 73  extraPluginText      defb "c:/sys/cc","/text.ccp",0
8764  E63C 79 73 2F 63
8764  E640 63 2F 74 65
8764  E644 78 74 2E 63
8764  E648 63 70 00
8765  E64B 63 3A 2F 73  extraPluginZxScreen  defb "c:/sys/cc","/zxscreen.ccp",0
8765  E64F 79 73 2F 63
8765  E653 63 2F 7A 78
8765  E657 73 63 72 65
8765  E65B 65 6E 2E 63
8765  E65F 63 70 00
8766  E662 63 3A 2F 73  extraPluginNxi       defb "c:/sys/cc","/nxi.ccp",0
8766  E666 79 73 2F 63
8766  E66A 63 2F 6E 78
8766  E66E 69 2E 63 63
8766  E672 70 00
8767  E674 63 3A 2F 73  extraPluginPt2       defb "c:/sys/cc","/pt2test.ccp",0
8767  E678 79 73 2F 63
8767  E67C 63 2F 70 74
8767  E680 32 74 65 73
8767  E684 74 2E 63 63
8767  E688 70 00
8768  E68A 63 3A 2F 73  extraPluginPt3       defb "c:/sys/cc","/pt3test.ccp",0
8768  E68E 79 73 2F 63
8768  E692 63 2F 70 74
8768  E696 33 74 65 73
8768  E69A 74 2E 63 63
8768  E69E 70 00
8769  E6A0 63 3A 2F 73  extraPluginStc       defb "c:/sys/cc","/stctest.ccp",0
8769  E6A4 79 73 2F 63
8769  E6A8 63 2F 73 74
8769  E6AC 63 74 65 73
8769  E6B0 74 2E 63 63
8769  E6B4 70 00
8770  E6B6 63 3A 2F 73  extraPluginStp       defb "c:/sys/cc","/stptest.ccp",0
8770  E6BA 79 73 2F 63
8770  E6BE 63 2F 73 74
8770  E6C2 70 74 65 73
8770  E6C6 74 2E 63 63
8770  E6CA 70 00
8771  E6CC 63 3A 2F 73  extraPluginSqt       defb "c:/sys/cc","/sqtest.ccp",0
8771  E6D0 79 73 2F 63
8771  E6D4 63 2F 73 71
8771  E6D8 74 65 73 74
8771  E6DC 2E 63 63 70
8771  E6E0 00
8772  E6E1 63 3A 2F 73  extraPluginHello     defb "c:/sys/cc","/HelloWord.ccp",0
8772  E6E5 79 73 2F 63
8772  E6E9 63 2F 48 65
8772  E6ED 6C 6C 6F 57
8772  E6F1 6F 72 64 2E
8772  E6F5 63 63 70 00
8773  E6F9 63 3A 2F 73  extraPluginBas       defb "c:/sys/cc","/bas.ccp",0
8773  E6FD 79 73 2F 63
8773  E701 63 2F 62 61
8773  E705 73 2E 63 63
8773  E709 70 00
8774  E70B 63 3A 2F 73  extraPluginTap       defb "c:/sys/cc","/tap.ccp",0
8774  E70F 79 73 2F 63
8774  E713 63 2F 74 61
8774  E717 70 2E 63 63
8774  E71B 70 00
8775  E71D 63 3A 2F 73  extraPluginEdit      defb "c:/sys/cc","/edit.ccp",0
8775  E721 79 73 2F 63
8775  E725 63 2F 65 64
8775  E729 69 74 2E 63
8775  E72D 63 70 00
8776  E730
8777  E730 00 00        extraPluginScanPtr      defw 0
8778  E732 00 00        extraPluginCurrentPath  defw 0
8779  E734 00           extraPluginMissingCount defb 0
8780  E735
8781  E735              ; --- Font data (specialchar) - label je definovan uvnitr include na radku 1 ---
8782  E735                          include "tilemap_font_8x6.i.asm"
# file opened: tilemap_font_8x6.i.asm
   1+ E735              specialchar
   2+ E735              ;rovna horni cara
   3+ E735 00 00 00 00  	HEX 00000000
   4+ E739 33 33 33 33  	HEX 33333333
   5+ E73D 00 00 00 00  	HEX 00000000
   6+ E741 33 33 33 33  	HEX 33333333
   7+ E745 00 00 00 00  	HEX 00000000
   8+ E749 00 00 00 00  	HEX 00000000
   9+ E74D 00 00 00 00  	HEX 00000000
  10+ E751 00 00 00 00  	HEX 00000000
  11+ E755              ;rovna spodni cara
  12+ E755 00 00 00 00  	HEX 00000000
  13+ E759 00 00 00 00  	HEX 00000000
  14+ E75D 00 00 00 00  	HEX 00000000
  15+ E761 00 00 00 00  	HEX 00000000
  16+ E765 33 33 33 33  	HEX 33333333
  17+ E769 00 00 00 00  	HEX 00000000
  18+ E76D 33 33 33 33  	HEX 33333333
  19+ E771 00 00 00 00  	HEX 00000000
  20+ E775
  21+ E775              ;levy horni roh
  22+ E775 00 00 00 00  	HEX 00000000
  23+ E779 03 33 33 33  	HEX 03333333
  24+ E77D 03 00 00 00  	HEX 03000000
  25+ E781 03 03 33 33  	HEX 03033333
  26+ E785 03 03 00 00  	HEX 03030000
  27+ E789 03 03 00 00  	HEX 03030000
  28+ E78D 03 03 00 00  	HEX 03030000
  29+ E791 03 03 00 00  	HEX 03030000
  30+ E795              ;pravy horni roh
  31+ E795 00 00 00 00  	HEX 00000000
  32+ E799 33 33 33 30  	HEX 33333330
  33+ E79D 00 00 00 30  	HEX 00000030
  34+ E7A1 33 33 30 30  	HEX 33333030
  35+ E7A5 00 00 30 30  	HEX 00003030
  36+ E7A9 00 00 30 30  	HEX 00003030
  37+ E7AD 00 00 30 30  	HEX 00003030
  38+ E7B1 00 00 30 30  	HEX 00003030
  39+ E7B5
  40+ E7B5              ;20 - pravy spodni roh
  41+ E7B5 00 00 30 30  	HEX 00003030
  42+ E7B9 00 00 30 30  	HEX 00003030
  43+ E7BD 00 00 30 30  	HEX 00003030
  44+ E7C1 00 00 30 30  	HEX 00003030
  45+ E7C5 33 33 30 30  	HEX 33333030
  46+ E7C9 00 00 00 30  	HEX 00000030
  47+ E7CD 33 33 33 30  	HEX 33333330
  48+ E7D1 00 00 00 00  	HEX 00000000
  49+ E7D5              ;21 - levy spodni roh
  50+ E7D5 03 03 00 00  	HEX 03030000
  51+ E7D9 03 03 00 00  	HEX 03030000
  52+ E7DD 03 03 00 00  	HEX 03030000
  53+ E7E1 03 03 00 00  	HEX 03030000
  54+ E7E5 03 03 33 33  	HEX 03033333
  55+ E7E9 03 00 00 00  	HEX 03000000
  56+ E7ED 03 33 33 33  	HEX 03333333
  57+ E7F1 00 00 00 00  	HEX 00000000
  58+ E7F5
  59+ E7F5              ;22 - rovna leva cara
  60+ E7F5 03 03 00 00  	HEX 03030000
  61+ E7F9 03 03 00 00  	HEX 03030000
  62+ E7FD 03 03 00 00  	HEX 03030000
  63+ E801 03 03 00 00  	HEX 03030000
  64+ E805 03 03 00 00  	HEX 03030000
  65+ E809 03 03 00 00  	HEX 03030000
  66+ E80D 03 03 00 00  	HEX 03030000
  67+ E811 03 03 00 00  	HEX 03030000
  68+ E815              ;23 - rovna prava cara
  69+ E815 00 00 30 30  	HEX 00003030
  70+ E819 00 00 30 30  	HEX 00003030
  71+ E81D 00 00 30 30  	HEX 00003030
  72+ E821 00 00 30 30  	HEX 00003030
  73+ E825 00 00 30 30  	HEX 00003030
  74+ E829 00 00 30 30  	HEX 00003030
  75+ E82D 00 00 30 30  	HEX 00003030
  76+ E831 00 00 30 30  	HEX 00003030
  77+ E835
  78+ E835
  79+ E835              ; 24 - full invisible (all red/yellow stripes)
  80+ E835 55 55 44 44  	HEX	55554444
  81+ E839 55 44 44 55  	HEX	55444455
  82+ E83D 44 44 55 55  	HEX	44445555
  83+ E841 44 55 55 44  	HEX	44555544
  84+ E845 55 55 44 44  	HEX	55554444
  85+ E849 55 44 44 55  	HEX	55444455
  86+ E84D 44 44 55 55  	HEX	44445555
  87+ E851 44 55 55 44  	HEX	44555544
  88+ E855              ; 25 - red cross
  89+ E855 00 00 00 00  	HEX	00000000
  90+ E859 00 00 00 00  	HEX 00000000
  91+ E85D 04 00 00 40  	HEX 04000040
  92+ E861 00 40 04 00  	HEX	00400400
  93+ E865 00 04 40 00  	HEX 00044000
  94+ E869 00 40 40 00  	HEX 00404000
  95+ E86D 04 00 04 00  	HEX	04000400
  96+ E871 00 00 00 00  	HEX 00000000
  97+ E875              ; 26 - yellow dot
  98+ E875 00 00 00 00  	HEX	00000000 00555000 05555500
  98+ E879 00 55 50 00
  98+ E87D 05 55 55 00
  99+ E881 05 55 55 00  	HEX	05555500 00555000 00000000
  99+ E885 00 55 50 00
  99+ E889 00 00 00 00
 100+ E88D 00 00 00 00  	HEX	00000000 00000000
 100+ E891 00 00 00 00
 101+ E895              ; 27 - green OK
 102+ E895 00 00 00 00  	HEX	00000000
 103+ E899 00 00 00 60  	HEX 00000060
 104+ E89D 00 00 00 60  	HEX 00000060
 105+ E8A1 00 00 06 00  	HEX	00000600
 106+ E8A5 06 00 06 00  	HEX 06000600
 107+ E8A9 00 60 60 00  	HEX 00606000
 108+ E8AD 00 06 00 00  	HEX	00060000
 109+ E8B1 00 00 00 00  	HEX 00000000
 110+ E8B5              ; 28 - mrizka (VU meter bar, checkerboard index 3 / 0)
 111+ E8B5 30 30 30 30  	HEX	30303030
 112+ E8B9 03 03 03 03  	HEX	03030303
 113+ E8BD 30 30 30 30  	HEX	30303030
 114+ E8C1 03 03 03 03  	HEX	03030303
 115+ E8C5 30 30 30 30  	HEX	30303030
 116+ E8C9 03 03 03 03  	HEX	03030303
 117+ E8CD 30 30 30 30  	HEX	30303030
 118+ E8D1 03 03 03 03  	HEX	03030303
 119+ E8D5              ; 29 - top arrow
 120+ E8D5 00 00 00 00  	HEX	00000000
 121+ E8D9 00 00 00 00  	HEX	00000000
 122+ E8DD 00 00 00 00  	HEX	00000000
 123+ E8E1 00 00 00 00  	HEX	00000000
 124+ E8E5 00 00 00 00  	HEX	00000000
 125+ E8E9 00 00 00 00  	HEX	00000000
 126+ E8ED 00 00 00 00  	HEX	00000000
 127+ E8F1 00 00 00 00  	HEX	00000000
 128+ E8F5              ; 30 - right arrow
 129+ E8F5 00 00 00 00  	HEX	00000000
 130+ E8F9 00 00 00 00  	HEX	00000000
 131+ E8FD 00 00 00 00  	HEX	00000000
 132+ E901 00 00 00 00  	HEX	00000000
 133+ E905 00 00 00 00  	HEX	00000000
 134+ E909 00 00 00 00  	HEX	00000000
 135+ E90D 00 00 00 00  	HEX	00000000
 136+ E911 00 00 00 00  	HEX	00000000
 137+ E915              ; 31 - bottom arrow
 138+ E915 00 00 00 00  	HEX	00000000
 139+ E919 00 00 00 00  	HEX	00000000
 140+ E91D 00 00 00 00  	HEX	00000000
 141+ E921 00 00 00 00  	HEX	00000000
 142+ E925 00 00 00 00  	HEX	00000000
 143+ E929 00 00 00 00  	HEX	00000000
 144+ E92D 00 00 00 00  	HEX	00000000
 145+ E931 00 00 00 00  	HEX	00000000
 146+ E935              specialchar2
 147+ E935              ; 32 - space (regular ZX charset onward)
 148+ E935              	; HEX	00000000 00000000 00000000
 149+ E935              	; HEX	00000000 00000000 00000000
 150+ E935              	; HEX	00000000 00000000
 151+ E935              	; HEX	00320000 00320000 00320000
 152+ E935              	; HEX	00000000 00320000 00000000
 153+ E935              	; HEX	00000000 00000000
 154+ E935              	; HEX	02302300 01301300 03003000
 155+ E935              	; HEX	00000000 00000000 00000000
 156+ E935              	; HEX	00000000 00000000
 157+ E935              	; HEX	00303000 03333300 00303000
 158+ E935              	; HEX	03333300 00303000 00000000
 159+ E935              	; HEX	00000000 00000000
 160+ E935              	; HEX	00333300 03030000 00333000
 161+ E935              	; HEX	00030300 03333000 00030000
 162+ E935              	; HEX	00000000 00000000
 163+ E935              	; HEX	03300300 03203000 00030000
 164+ E935              	; HEX	00303300 03003200 00000000
 165+ E935              	; HEX	00000000 00000000
 166+ E935              	; HEX	00300000 03020000 00330300
 167+ E935              	; HEX	03003000 00330300 00000000
 168+ E935              	; HEX	00000000 00000000
 169+ E935              	; HEX	00230000 00130000 00300000
 170+ E935              	; HEX	00000000 00000000 00000000
 171+ E935              	; HEX	00000000 00000000
 172+ E935              	; HEX	00000300 00003000 00003000
 173+ E935              	; HEX	00003000 00000300 00000000
 174+ E935              	; HEX	00000000 00000000
 175+ E935              	; HEX	03000000 00300000 00300000
 176+ E935              	; HEX	00300000 03000000 00000000
 177+ E935              	; HEX	00000000 00000000
 178+ E935              	; HEX	01303100 00232000 03333300
 179+ E935              	; HEX	00232000 01303100 00000000
 180+ E935              	; HEX	00000000 00000000
 181+ E935              	; HEX	00030000 00030000 03333300
 182+ E935              	; HEX	00030000 00030000 00000000
 183+ E935              	; HEX	00000000 00000000
 184+ E935              	; HEX	00000000 00000000 00000000
 185+ E935              	; HEX	01300000 03000000 00000000
 186+ E935              	; HEX	00000000 00000000
 187+ E935              	; HEX	00000000 00000000 03333300
 188+ E935              	; HEX	00000000 00000000 00000000
 189+ E935              	; HEX	00000000 00000000
 190+ E935              	; HEX	00000000 00000000 00000000
 191+ E935              	; HEX	00000000 03200000 00000000
 192+ E935              	; HEX	00000000 00000000
 193+ E935              	; HEX	00000300 00003000 00030000
 194+ E935              	; HEX	00300000 03000000 00000000
 195+ E935              	; HEX	00000000 00000000
 196+ E935              	; HEX	00333000 03102300 03020300
 197+ E935              	; HEX	03201300 00333000 00000000
 198+ E935              	; HEX	00000000 00000000
 199+ E935              	; HEX	00023000 00233000 00013000
 200+ E935              	; HEX	00013000 00133300 00000000
 201+ E935              	; HEX	00000000 00000000
 202+ E935              	; HEX	02333000 01001300 00333000
 203+ E935              	; HEX	03100000 03333300 00000000
 204+ E935              	; HEX	00000000 00000000
 205+ E935              	; HEX	02333000 00001300 00333000
 206+ E935              	; HEX	00001300 02333000 00000000
 207+ E935              	; HEX	00000000 00000000
 208+ E935              	; HEX	00033000 00313000 03013000
 209+ E935              	; HEX	03333300 00013000 00000000
 210+ E935              	; HEX	00000000 00000000
 211+ E935              	; HEX	03333300 03000000 03333000
 212+ E935              	; HEX	00001300 02333000 00000000
 213+ E935              	; HEX	00000000 00000000
 214+ E935              	; HEX	00333000 03100000 03333000
 215+ E935              	; HEX	03101300 00333000 00000000
 216+ E935              	; HEX	00000000 00000000
 217+ E935              	; HEX	03333200 00003200 00032000
 218+ E935              	; HEX	00320000 00320000 00000000
 219+ E935              	; HEX	00000000 00000000
 220+ E935              	; HEX	00333000 03101300 00333000
 221+ E935              	; HEX	03101300 00333000 00000000
 222+ E935              	; HEX	00000000 00000000
 223+ E935              	; HEX	00333000 03101300 00333300
 224+ E935              	; HEX	00001300 00333000 00000000
 225+ E935              	; HEX	00000000 00000000
 226+ E935              	; HEX	00000000 00320000 00000000
 227+ E935              	; HEX	00320000 00000000 00000000
 228+ E935              	; HEX	00000000 00000000
 229+ E935              	; HEX	00000000 00230000 00000000
 230+ E935              	; HEX	00130000 00300000 00000000
 231+ E935              	; HEX	00000000 00000000
 232+ E935              	; HEX	00031000 00310000 03100000
 233+ E935              	; HEX	00310000 00031000 00000000
 234+ E935              	; HEX	00000000 00000000
 235+ E935              	; HEX	00000000 03333300 00000000
 236+ E935              	; HEX	03333300 00000000 00000000
 237+ E935              	; HEX	00000000 00000000
 238+ E935              	; HEX	01300000 00130000 00013000
 239+ E935              	; HEX	00130000 01300000 00000000
 240+ E935              	; HEX	00000000 00000000
 241+ E935              	; HEX	02330000 00013000 00330000
 242+ E935              	; HEX	00000000 00310000 00000000
 243+ E935              	; HEX	00000000 00000000
 244+ E935              	; HEX	00333000 03130300 03023200
 245+ E935              	; HEX	03100000 00333000 00000000
 246+ E935              	; HEX	00000000 00000000
 247+ E935              	; HEX	00333000 03101300 03333300
 248+ E935              	; HEX	03000300 03000300 00000000
 249+ E935              	; HEX	00000000 00000000
 250+ E935              	; HEX	03333000 03001300 03333000
 251+ E935              	; HEX	03001300 03333000 00000000
 252+ E935              	; HEX	00000000 00000000
 253+ E935              	; HEX	00333200 03100100 03000000
 254+ E935              	; HEX	03100100 00333200 00000000
 255+ E935              	; HEX	00000000 00000000
 256+ E935              	; HEX	03333000 03001300 03000300
 257+ E935              	; HEX	03001300 03333000 00000000
 258+ E935              	; HEX	00000000 00000000
 259+ E935              	; HEX	03333300 03000000 03330000
 260+ E935              	; HEX	03000000 03333300 00000000
 261+ E935              	; HEX	00000000 00000000
 262+ E935              	; HEX	03333300 03000000 03330000
 263+ E935              	; HEX	03000000 03000000 00000000
 264+ E935              	; HEX	00000000 00000000
 265+ E935              	; HEX	00333200 03100000 03003300
 266+ E935              	; HEX	03100300 00333100 00000000
 267+ E935              	; HEX	00000000 00000000
 268+ E935              	; HEX	03000300 03000300 03333300
 269+ E935              	; HEX	03000300 03000300 00000000
 270+ E935              	; HEX	00000000 00000000
 271+ E935              	; HEX	00333000 00030000 00030000
 272+ E935              	; HEX	00030000 00333000 00000000
 273+ E935              	; HEX	00000000 00000000
 274+ E935              	; HEX	00033300 00003000 00003000
 275+ E935              	; HEX	03103000 00331000 00000000
 276+ E935              	; HEX	00000000 00000000
 277+ E935              	; HEX	03000300 03003000 03330000
 278+ E935              	; HEX	03003000 03000300 00000000
 279+ E935              	; HEX	00000000 00000000
 280+ E935              	; HEX	03000000 03000000 03000000
 281+ E935              	; HEX	03000000 03333300 00000000
 282+ E935              	; HEX	00000000 00000000
 283+ E935              	; HEX	03000300 03303300 03030300
 284+ E935              	; HEX	03000300 03000300 00000000
 285+ E935              	; HEX	00000000 00000000
 286+ E935              	; HEX	03000300 03300300 03030300
 287+ E935              	; HEX	03003300 03000300 00000000
 288+ E935              	; HEX	00000000 00000000
 289+ E935              	; HEX	00333000 03101300 03000300
 290+ E935              	; HEX	03101300 00333000 00000000
 291+ E935              	; HEX	00000000 00000000
 292+ E935              	; HEX	03333000 03001300 03333000
 293+ E935              	; HEX	03000000 03000000 00000000
 294+ E935              	; HEX	00000000 00000000
 295+ E935              	; HEX	00333000 03101300 03000300
 296+ E935              	; HEX	03102300 00333200 00000020
 297+ E935              	; HEX	00000000 00000000
 298+ E935              	; HEX	03333000 03001300 03333000
 299+ E935              	; HEX	03003000 03000300 00000000
 300+ E935              	; HEX	00000000 00000000
 301+ E935              	; HEX	00333200 03100100 00333000
 302+ E935              	; HEX	01001300 02333000 00000000
 303+ E935              	; HEX	00000000 00000000
 304+ E935              	; HEX	03333300 00030000 00030000
 305+ E935              	; HEX	00030000 00030000 00000000
 306+ E935              	; HEX	00000000 00000000
 307+ E935              	; HEX	03000300 03000300 03000300
 308+ E935              	; HEX	03101300 00333000 00000000
 309+ E935              	; HEX	00000000 00000000
 310+ E935              	; HEX	03000300 03000300 03000300
 311+ E935              	; HEX	00303000 00030000 00000000
 312+ E935              	; HEX	00000000 00000000
 313+ E935              	; HEX	03000300 03000300 03030300
 314+ E935              	; HEX	03030300 00303000 00000000
 315+ E935              	; HEX	00000000 00000000
 316+ E935              	; HEX	03000300 00303000 00030000
 317+ E935              	; HEX	00303000 03000300 00000000
 318+ E935              	; HEX	00000000 00000000
 319+ E935              	; HEX	03000300 00303000 00030000
 320+ E935              	; HEX	00030000 00030000 00000000
 321+ E935              	; HEX	00000000 00000000
 322+ E935              	; HEX	03333300 00003000 00030000
 323+ E935              	; HEX	00300000 03333300 00000000
 324+ E935              	; HEX	00000000 00000000
 325+ E935              	; HEX	00003300 00003000 00003000
 326+ E935              	; HEX	00003000 00003300 00000000
 327+ E935              	; HEX	00000000 00000000
 328+ E935              	; HEX	03000000 00300000 00030000
 329+ E935              	; HEX	00003000 00000300 00000000
 330+ E935              	; HEX	00000000 00000000
 331+ E935              	; HEX	03300000 00300000 00300000
 332+ E935              	; HEX	00300000 03300000 00000000
 333+ E935              	; HEX	00000000 00000000
 334+ E935              	; HEX	00030000 00333000 02131200
 335+ E935              	; HEX	00030000 00030000 00000000
 336+ E935              	; HEX	00000000 00000000
 337+ E935              	; HEX	00000000 00000000 00000000
 338+ E935              	; HEX	00000000 33333330 00000000
 339+ E935              	; HEX	00000000 00000000
 340+ E935              	; HEX	00033000 00300300 03330000
 341+ E935              	; HEX	00300000 03333300 00000000
 342+ E935              	; HEX	00000000 00000000
 343+ E935              	; HEX	00000000 00330000 00113000
 344+ E935              	; HEX	03223000 00333000 00000000
 345+ E935              	; HEX	00000000 00000000
 346+ E935              	; HEX	03000000 03000000 03330000
 347+ E935              	; HEX	03013000 03330000 00000000
 348+ E935              	; HEX	00000000 00000000
 349+ E935              	; HEX	00000000 00333000 03100000
 350+ E935              	; HEX	03100000 00333000 00000000
 351+ E935              	; HEX	00000000 00000000
 352+ E935              	; HEX	00003000 00003000 00333000
 353+ E935              	; HEX	03103000 00333000 00000000
 354+ E935              	; HEX	00000000 00000000
 355+ E935              	; HEX	00000000 00330000 03223000
 356+ E935              	; HEX	03110000 00333000 00000000
 357+ E935              	; HEX	00000000 00000000
 358+ E935              	; HEX	00331000 03100000 03310000
 359+ E935              	; HEX	03000000 03000000 00000000
 360+ E935              	; HEX	00000000 00000000
 361+ E935              	; HEX	00000000 00333000 03103000
 362+ E935              	; HEX	00333000 00013000 00330000
 363+ E935              	; HEX	00000000 00000000
 364+ E935              	; HEX	03000000 03000000 03331000
 365+ E935              	; HEX	03003000 03003000 00000000
 366+ E935              	; HEX	00000000 00000000
 367+ E935              	; HEX	00030000 00000000 00230000
 368+ E935              	; HEX	00030000 00232000 00000000
 369+ E935              	; HEX	00000000 00000000
 370+ E935              	; HEX	00030000 00000000 00030000
 371+ E935              	; HEX	00030000 03030000 00300000
 372+ E935              	; HEX	00000000 00000000
 373+ E935              	; HEX	03000000 03003000 03330000
 374+ E935              	; HEX	03003000 03003000 00000000
 375+ E935              	; HEX	00000000 00000000
 376+ E935              	; HEX	00300000 00300000 00300000
 377+ E935              	; HEX	00300000 00030000 00000000
 378+ E935              	; HEX	00000000 00000000
 379+ E935              	; HEX	00000000 03303000 03131300
 380+ E935              	; HEX	03030300 03030300 00000000
 381+ E935              	; HEX	00000000 00000000
 382+ E935              	; HEX	00000000 03330000 03013000
 383+ E935              	; HEX	03003000 03003000 00000000
 384+ E935              	; HEX	00000000 00000000
 385+ E935              	; HEX	00000000 00330000 03003000
 386+ E935              	; HEX	03003000 00330000 00000000
 387+ E935              	; HEX	00000000 00000000
 388+ E935              	; HEX	00000000 03330000 03013000
 389+ E935              	; HEX	03013000 03330000 03000000
 390+ E935              	; HEX	00000000 00000000
 391+ E935              	; HEX	00000000 00333000 03103000
 392+ E935              	; HEX	03103000 00333000 00002300
 393+ E935              	; HEX	00000000 00000000
 394+ E935              	; HEX	00000000 03033000 03300000
 395+ E935              	; HEX	03000000 03000000 00000000
 396+ E935              	; HEX	00000000 00000000
 397+ E935              	; HEX	00000000 00333000 03220000
 398+ E935              	; HEX	00113000 03330000 00000000
 399+ E935              	; HEX	00000000 00000000
 400+ E935              	; HEX	00300000 01331000 00300000
 401+ E935              	; HEX	00310000 00031000 00000000
 402+ E935              	; HEX	00000000 00000000
 403+ E935              	; HEX	00000000 03003000 03003000
 404+ E935              	; HEX	03103000 02333000 00000000
 405+ E935              	; HEX	00000000 00000000
 406+ E935              	; HEX	00000000 03000300 03000300
 407+ E935              	; HEX	00303000 00030000 00000000
 408+ E935              	; HEX	00000000 00000000
 409+ E935              	; HEX	00000000 03030300 03030300
 410+ E935              	; HEX	03131300 03303000 00000000
 411+ E935              	; HEX	00000000 00000000
 412+ E935              	; HEX	00000000 03003000 03103000
 413+ E935              	; HEX	00330000 03013000 00000000
 414+ E935              	; HEX	00000000 00000000
 415+ E935              	; HEX	00000000 03003000 03103000
 416+ E935              	; HEX	02333000 00013000 03330000
 417+ E935              	; HEX	00000000 00000000
 418+ E935              	; HEX	00000000 03333000 00030000
 419+ E935              	; HEX	00300000 03333000 00000000
 420+ E935              	; HEX	00000000 00000000
 421+ E935              	; HEX	00002300 00003000 00032000
 422+ E935              	; HEX	00003000 00002300 00000000
 423+ E935              	; HEX	00000000 00000000
 424+ E935              	; HEX	00032000 00032000 00000000
 425+ E935              	; HEX	00032000 00032000 00000000
 426+ E935              	; HEX	00000000 00000000
 427+ E935              	; HEX	03200000 00300000 00230000
 428+ E935              	; HEX	00300000 03200000 00000000
 429+ E935              	; HEX	00000000 00000000
 430+ E935              	; HEX	01331030 03013310 00000000
 431+ E935              	; HEX	00000000 00000000 00000000
 432+ E935              	; HEX	00000000 00000000
 433+ E935              	; HEX	00333300 03122130 03210030
 434+ E935              	; HEX	03210030 03122130 00333300
 435+ E935              	; HEX	00000000 00000000
 436+ E935
# file closed: tilemap_font_8x6.i.asm
8783  E935              ; specialchar2 je definovana uvnitr include
8784  E935
8785  E935              ; --- Sprite data (sipka) - nacita se pri startu ---
8786  E935              sipka:
8787  E935                          incbin "sipka.spr"
8788  EA35
8789  EA35              ; --- Help dialog ---
8790  EA35              EXTRA_HELP:
8791  EA35 AF                       xor a
8792  EA36 32 B0 ED                 ld (extraHelpTop),a
8793  EA39 32 B6 ED                 ld (extraHelpSearchPos),a
8794  EA3C 32 06 EE                 ld (extraHelpSearch),a
8795  EA3F CD DF EA                 call extra_help_rebuild_filter
8796  EA42 CD 4F EB                 call extra_help_draw
8797  EA45              .input
8798  EA45 AF                       xor a
8799  EA46 32 4E 73                 ld (TLACITKO),a
8800  EA49 CD 95 E4                 call extra_read_key
8801  EA4C FE 01                    cp 1
8802  EA4E C8                       ret z
8803  EA4F FE 0C                    cp 12
8804  EA51 28 0D                    jr z,.backspace
8805  EA53 FE 20                    cp 32
8806  EA55 38 25                    jr c,.action
8807  EA57 FE 7F                    cp 127
8808  EA59 30 EA                    jr nc,.input
8809  EA5B CD C8 EA                 call extra_help_add_search_char
8810  EA5E 18 13                    jr .filter_changed
8811  EA60              .backspace
8812  EA60 3A B6 ED                 ld a,(extraHelpSearchPos)
8813  EA63 B7                       or a
8814  EA64 28 DF                    jr z,.input
8815  EA66 3D                       dec a
8816  EA67 32 B6 ED                 ld (extraHelpSearchPos),a
8817  EA6A 5F                       ld e,a
8818  EA6B 16 00                    ld d,0
8819  EA6D 21 06 EE                 ld hl,extraHelpSearch
8820  EA70 19                       add hl,de
8821  EA71 36 00                    ld (hl),0
8822  EA73              .filter_changed
8823  EA73 AF                       xor a
8824  EA74 32 B0 ED                 ld (extraHelpTop),a
8825  EA77 CD DF EA                 call extra_help_rebuild_filter
8826  EA7A 18 3B                    jr .redraw
8827  EA7C              .action
8828  EA7C CD 63 73                 call key_dispatch_action
8829  EA7F FE 03                    cp ACT_UP
8830  EA81 28 1A                    jr z,.up
8831  EA83 FE 02                    cp ACT_DOWN
8832  EA85 28 20                    jr z,.down
8833  EA87 FE 05                    cp ACT_PAGE_UP
8834  EA89 28 0C                    jr z,.page_up
8835  EA8B FE 04                    cp ACT_PAGE_DOWN
8836  EA8D 20 B6                    jr nz,.input
8837  EA8F CD BC EA                 call extra_help_max_top
8838  EA92 32 B0 ED                 ld (extraHelpTop),a
8839  EA95 18 20                    jr .redraw
8840  EA97              .page_up
8841  EA97 AF                       xor a
8842  EA98 32 B0 ED                 ld (extraHelpTop),a
8843  EA9B 18 1A                    jr .redraw
8844  EA9D              .up
8845  EA9D 21 B0 ED                 ld hl,extraHelpTop
8846  EAA0 7E                       ld a,(hl)
8847  EAA1 B7                       or a
8848  EAA2 28 A1                    jr z,.input
8849  EAA4 35                       dec (hl)
8850  EAA5 18 10                    jr .redraw
8851  EAA7              .down
8852  EAA7 CD BC EA                 call extra_help_max_top
8853  EAAA 47                       ld b,a
8854  EAAB 3A B0 ED                 ld a,(extraHelpTop)
8855  EAAE B8                       cp b
8856  EAAF 28 94                    jr z,.input
8857  EAB1 3C                       inc a
8858  EAB2 32 B0 ED                 ld (extraHelpTop),a
8859  EAB5 18 00                    jr .redraw
8860  EAB7              .redraw
8861  EAB7 CD 4F EB                 call extra_help_draw
8862  EABA 18 89                    jr .input
8863  EABC
8864  EABC              extra_help_max_top
8865  EABC 3A B4 ED                 ld a,(extraHelpMatchCount)
8866  EABF FE 13                    cp 19
8867  EAC1 30 02                    jr nc,.scrollable
8868  EAC3 AF                       xor a
8869  EAC4 C9                       ret
8870  EAC5              .scrollable
8871  EAC5 D6 12                    sub 18
8872  EAC7 C9                       ret
8873  EAC8
8874  EAC8              extra_help_add_search_char
8875  EAC8 47                       ld b,a
8876  EAC9 3A B6 ED                 ld a,(extraHelpSearchPos)
8877  EACC FE 20                    cp EXTRA_HELP_SEARCH_MAX
8878  EACE D0                       ret nc
8879  EACF 5F                       ld e,a
8880  EAD0 16 00                    ld d,0
8881  EAD2 21 06 EE                 ld hl,extraHelpSearch
8882  EAD5 19                       add hl,de
8883  EAD6 70                       ld (hl),b
8884  EAD7 23                       inc hl
8885  EAD8 36 00                    ld (hl),0
8886  EADA 3C                       inc a
8887  EADB 32 B6 ED                 ld (extraHelpSearchPos),a
8888  EADE C9                       ret
8889  EADF
8890  EADF              extra_help_rebuild_filter
8891  EADF AF                       xor a
8892  EAE0 32 B4 ED                 ld (extraHelpMatchCount),a
8893  EAE3 32 B5 ED                 ld (extraHelpScanAction),a
8894  EAE6              .scan
8895  EAE6 3A B5 ED                 ld a,(extraHelpScanAction)
8896  EAE9 FE 21                    cp SETTINGS_ACTION_COUNT
8897  EAEB C8                       ret z
8898  EAEC CD 0C EB                 call extra_help_action_name
8899  EAEF CD 19 EB                 call extra_help_name_matches
8900  EAF2 30 12                    jr nc,.next
8901  EAF4 3A B4 ED                 ld a,(extraHelpMatchCount)
8902  EAF7 5F                       ld e,a
8903  EAF8 16 00                    ld d,0
8904  EAFA 21 58 EE                 ld hl,extraHelpMatches
8905  EAFD 19                       add hl,de
8906  EAFE 3A B5 ED                 ld a,(extraHelpScanAction)
8907  EB01 77                       ld (hl),a
8908  EB02 21 B4 ED                 ld hl,extraHelpMatchCount
8909  EB05 34                       inc (hl)
8910  EB06              .next
8911  EB06 21 B5 ED                 ld hl,extraHelpScanAction
8912  EB09 34                       inc (hl)
8913  EB0A 18 DA                    jr .scan
8914  EB0C
8915  EB0C              ; IN: A=action index. OUT: HL=zero-terminated action description.
8916  EB0C              extra_help_action_name
8917  EB0C 87                       add a,a
8918  EB0D 5F                       ld e,a
8919  EB0E 16 00                    ld d,0
8920  EB10 21 79 EE                 ld hl,extraHelpActionNames
8921  EB13 19                       add hl,de
8922  EB14 5E                       ld e,(hl)
8923  EB15 23                       inc hl
8924  EB16 56                       ld d,(hl)
8925  EB17 EB                       ex de,hl
8926  EB18 C9                       ret
8927  EB19
8928  EB19              ; Case-insensitive substring test.
8929  EB19              ; IN: HL=description. OUT: carry set when extraHelpSearch is contained in it.
8930  EB19              extra_help_name_matches
8931  EB19 3A 06 EE                 ld a,(extraHelpSearch)
8932  EB1C B7                       or a
8933  EB1D 28 23                    jr z,.match
8934  EB1F              .candidate
8935  EB1F 7E                       ld a,(hl)
8936  EB20 B7                       or a
8937  EB21 28 21                    jr z,.miss
8938  EB23 E5                       push hl
8939  EB24 11 06 EE                 ld de,extraHelpSearch
8940  EB27              .compare
8941  EB27 1A                       ld a,(de)
8942  EB28 B7                       or a
8943  EB29 28 16                    jr z,.match_pop
8944  EB2B CD 46 EB                 call extra_help_upper_ascii
8945  EB2E 47                       ld b,a
8946  EB2F 7E                       ld a,(hl)
8947  EB30 B7                       or a
8948  EB31 28 0A                    jr z,.candidate_failed
8949  EB33 CD 46 EB                 call extra_help_upper_ascii
8950  EB36 B8                       cp b
8951  EB37 20 04                    jr nz,.candidate_failed
8952  EB39 23                       inc hl
8953  EB3A 13                       inc de
8954  EB3B 18 EA                    jr .compare
8955  EB3D              .candidate_failed
8956  EB3D E1                       pop hl
8957  EB3E 23                       inc hl
8958  EB3F 18 DE                    jr .candidate
8959  EB41              .match_pop
8960  EB41 E1                       pop hl
8961  EB42              .match
8962  EB42 37                       scf
8963  EB43 C9                       ret
8964  EB44              .miss
8965  EB44 B7                       or a
8966  EB45 C9                       ret
8967  EB46
8968  EB46              extra_help_upper_ascii
8969  EB46 FE 61                    cp 'a'
8970  EB48 D8                       ret c
8971  EB49 FE 7B                    cp 'z'+1
8972  EB4B D0                       ret nc
8973  EB4C D6 20                    sub 32
8974  EB4E C9                       ret
8975  EB4F
8976  EB4F              extra_help_draw
8977  EB4F 21 03 08                 ld hl,8*256+3
8978  EB52 01 1B 40                 ld bc,64*256+27
8979  EB55 3E 10                    ld a,16
8980  EB57 CD 2C 81                 call window
8981  EB5A 21 04 0B                 ld hl,11*256+4
8982  EB5D 11 28 ED                 ld de,extraHelpTitle
8983  EB60 3E 10                    ld a,16
8984  EB62 CD 09 81                 call print
8985  EB65 21 06 0B                 ld hl,11*256+6
8986  EB68 11 44 ED                 ld de,extraHelpHeader
8987  EB6B 3E 10                    ld a,16
8988  EB6D CD 09 81                 call print
8989  EB70 21 1A 0B                 ld hl,11*256+26
8990  EB73 11 71 ED                 ld de,extraHelpSearchLabel
8991  EB76 3E 10                    ld a,16
8992  EB78 CD 09 81                 call print
8993  EB7B CD EB EC                 call extra_help_draw_search
8994  EB7E 21 1C 0B                 ld hl,11*256+28
8995  EB81 11 79 ED                 ld de,extraHelpHint
8996  EB84 3E 10                    ld a,16
8997  EB86 CD 09 81                 call print
8998  EB89 AF                       xor a
8999  EB8A 32 B1 ED                 ld (extraHelpRow),a
9000  EB8D              .row
9001  EB8D CD AC EB                 call extra_help_prepare_row
9002  EB90 3A B1 ED                 ld a,(extraHelpRow)
9003  EB93 C6 07                    add a,7
9004  EB95 6F                       ld l,a
9005  EB96 26 0B                    ld h,11
9006  EB98 11 B7 ED                 ld de,extraHelpLine
9007  EB9B 3E 10                    ld a,16
9008  EB9D CD 09 81                 call print
9009  EBA0 3A B1 ED                 ld a,(extraHelpRow)
9010  EBA3 3C                       inc a
9011  EBA4 32 B1 ED                 ld (extraHelpRow),a
9012  EBA7 FE 12                    cp 18
9013  EBA9 20 E2                    jr nz,.row
9014  EBAB C9                       ret
9015  EBAC
9016  EBAC              extra_help_prepare_row
9017  EBAC 21 B7 ED                 ld hl,extraHelpLine
9018  EBAF 11 B8 ED                 ld de,extraHelpLine+1
9019  EBB2 01 39 00                 ld bc,57
9020  EBB5 36 20                    ld (hl),' '
9021  EBB7 ED B0                    ldir
9022  EBB9 AF                       xor a
9023  EBBA 32 F1 ED                 ld (extraHelpLine+58),a
9024  EBBD 3A B0 ED                 ld a,(extraHelpTop)
9025  EBC0 21 B1 ED                 ld hl,extraHelpRow
9026  EBC3 86                       add a,(hl)
9027  EBC4 21 B4 ED                 ld hl,extraHelpMatchCount
9028  EBC7 BE                       cp (hl)
9029  EBC8 D0                       ret nc
9030  EBC9 5F                       ld e,a
9031  EBCA 16 00                    ld d,0
9032  EBCC 21 58 EE                 ld hl,extraHelpMatches
9033  EBCF 19                       add hl,de
9034  EBD0 7E                       ld a,(hl)
9035  EBD1 32 B2 ED                 ld (extraHelpAction),a
9036  EBD4 CD 0C EB                 call extra_help_action_name
9037  EBD7 11 B7 ED                 ld de,extraHelpLine
9038  EBDA 06 20                    ld b,32
9039  EBDC CD D8 EC                 call extra_help_copy_field
9040  EBDF 3A B2 ED                 ld a,(extraHelpAction)
9041  EBE2 5F                       ld e,a
9042  EBE3 16 00                    ld d,0
9043  EBE5 21 D5 89                 ld hl,cfgKeyBindings
9044  EBE8 19                       add hl,de
9045  EBE9 7E                       ld a,(hl)
9046  EBEA CD F8 EB                 call extra_help_format_key
9047  EBED 21 F2 ED                 ld hl,extraHelpKeyBuf
9048  EBF0 11 DB ED                 ld de,extraHelpLine+36
9049  EBF3 06 14                    ld b,20
9050  EBF5 C3 D8 EC                 jp extra_help_copy_field
9051  EBF8
9052  EBF8              extra_help_format_key
9053  EBF8 32 B3 ED                 ld (extraHelpKeyCode),a
9054  EBFB 11 F2 ED                 ld de,extraHelpKeyBuf
9055  EBFE FE 01                    cp 1
9056  EC00 21 3E F0                 ld hl,extraKeyBreak
9057  EC03 CA D0 EC                 jp z,extra_help_copy_zero
9058  EC06 FE 04                    cp 4
9059  EC08 21 52 F0                 ld hl,extraKeyCs3
9060  EC0B CA CD EC                 jp z,.known
9061  EC0E FE 05                    cp 5
9062  EC10 21 59 F0                 ld hl,extraKeyCs4
9063  EC13 CA CD EC                 jp z,.known
9064  EC16 FE 06                    cp 6
9065  EC18 21 4B F0                 ld hl,extraKeyCs2
9066  EC1B CA CD EC                 jp z,.known
9067  EC1E FE 07                    cp 7
9068  EC20 21 44 F0                 ld hl,extraKeyCs1
9069  EC23 CA CD EC                 jp z,.known
9070  EC26 FE 08                    cp 8
9071  EC28 21 60 F0                 ld hl,extraKeyCs5
9072  EC2B CA CD EC                 jp z,.known
9073  EC2E FE 09                    cp 9
9074  EC30 21 75 F0                 ld hl,extraKeyCs8
9075  EC33 CA CD EC                 jp z,.known
9076  EC36 FE 0A                    cp 10
9077  EC38 21 67 F0                 ld hl,extraKeyCs6
9078  EC3B CA CD EC                 jp z,.known
9079  EC3E FE 0B                    cp 11
9080  EC40 21 6E F0                 ld hl,extraKeyCs7
9081  EC43 CA CD EC                 jp z,.known
9082  EC46 FE 0C                    cp 12
9083  EC48 21 83 F0                 ld hl,extraKeyDelete
9084  EC4B CA CD EC                 jp z,.known
9085  EC4E FE 0D                    cp 13
9086  EC50 21 8A F0                 ld hl,extraKeyEnter
9087  EC53 CA CD EC                 jp z,.known
9088  EC56 FE 0F                    cp 15
9089  EC58 21 7C F0                 ld hl,extraKeyCs9
9090  EC5B CA CD EC                 jp z,.known
9091  EC5E FE 20                    cp 32
9092  EC60 21 90 F0                 ld hl,extraKeySpace
9093  EC63 CA CD EC                 jp z,.known
9094  EC66 FE 7F                    cp 127
9095  EC68 21 96 F0                 ld hl,extraKeySsI
9096  EC6B CA CD EC                 jp z,.known
9097  EC6E FE C7                    cp 199
9098  EC70 21 9B F0                 ld hl,extraKeySsQ
9099  EC73 CA CD EC                 jp z,.known
9100  EC76 FE C8                    cp 200
9101  EC78 21 A0 F0                 ld hl,extraKeySsE
9102  EC7B CA CD EC                 jp z,.known
9103  EC7E FE C9                    cp 201
9104  EC80 21 A5 F0                 ld hl,extraKeySsW
9105  EC83 CA CD EC                 jp z,.known
9106  EC86 FE 41                    cp 'A'
9107  EC88 38 13                    jr c,.plain
9108  EC8A FE 5B                    cp 'Z'+1
9109  EC8C 30 0F                    jr nc,.plain
9110  EC8E 21 AA F0                 ld hl,extraKeyCaps
9111  EC91 CD D0 EC                 call extra_help_copy_zero
9112  EC94 1B                       dec de
9113  EC95 3A B3 ED                 ld a,(extraHelpKeyCode)
9114  EC98 12                       ld (de),a
9115  EC99 13                       inc de
9116  EC9A AF                       xor a
9117  EC9B 12                       ld (de),a
9118  EC9C C9                       ret
9119  EC9D              .plain
9120  EC9D FE 20                    cp 32
9121  EC9F 38 13                    jr c,.hex
9122  ECA1 FE 7F                    cp 127
9123  ECA3 30 0F                    jr nc,.hex
9124  ECA5 FE 61                    cp 'a'
9125  ECA7 38 06                    jr c,.one
9126  ECA9 FE 7B                    cp 'z'+1
9127  ECAB 30 02                    jr nc,.one
9128  ECAD D6 20                    sub 32
9129  ECAF              .one
9130  ECAF 12                       ld (de),a
9131  ECB0 13                       inc de
9132  ECB1 AF                       xor a
9133  ECB2 12                       ld (de),a
9134  ECB3 C9                       ret
9135  ECB4              .hex
9136  ECB4 F5                       push af
9137  ECB5 3E 24                    ld a,'$'
9138  ECB7 12                       ld (de),a
9139  ECB8 13                       inc de
9140  ECB9 F1                       pop af
9141  ECBA F5                       push af
9142  ECBB 0F                       rrca
9143  ECBC 0F                       rrca
9144  ECBD 0F                       rrca
9145  ECBE 0F                       rrca
9146  ECBF CD E1 EC                 call extra_help_hex_digit
9147  ECC2 12                       ld (de),a
9148  ECC3 13                       inc de
9149  ECC4 F1                       pop af
9150  ECC5 CD E1 EC                 call extra_help_hex_digit
9151  ECC8 12                       ld (de),a
9152  ECC9 13                       inc de
9153  ECCA AF                       xor a
9154  ECCB 12                       ld (de),a
9155  ECCC C9                       ret
9156  ECCD              .known
9157  ECCD C3 D0 EC                 jp extra_help_copy_zero
9158  ECD0
9159  ECD0              extra_help_copy_zero
9160  ECD0 7E                       ld a,(hl)
9161  ECD1 12                       ld (de),a
9162  ECD2 23                       inc hl
9163  ECD3 13                       inc de
9164  ECD4 B7                       or a
9165  ECD5 20 F9                    jr nz,extra_help_copy_zero
9166  ECD7 C9                       ret
9167  ECD8
9168  ECD8              extra_help_copy_field
9169  ECD8 7E                       ld a,(hl)
9170  ECD9 B7                       or a
9171  ECDA C8                       ret z
9172  ECDB 12                       ld (de),a
9173  ECDC 23                       inc hl
9174  ECDD 13                       inc de
9175  ECDE 10 F8                    djnz extra_help_copy_field
9176  ECE0 C9                       ret
9177  ECE1
9178  ECE1              extra_help_hex_digit
9179  ECE1 E6 0F                    and $0f
9180  ECE3 C6 30                    add a,'0'
9181  ECE5 FE 3A                    cp '9'+1
9182  ECE7 D8                       ret c
9183  ECE8 C6 07                    add a,'A'-'9'-1
9184  ECEA C9                       ret
9185  ECEB
9186  ECEB              extra_help_draw_search
9187  ECEB 21 27 EE                 ld hl,extraHelpSearchLine
9188  ECEE 11 28 EE                 ld de,extraHelpSearchLine+1
9189  ECF1 01 2F 00                 ld bc,EXTRA_HELP_SEARCH_FIELD_WIDTH-1
9190  ECF4 36 20                    ld (hl),' '
9191  ECF6 ED B0                    ldir
9192  ECF8 AF                       xor a
9193  ECF9 32 57 EE                 ld (extraHelpSearchLine+EXTRA_HELP_SEARCH_FIELD_WIDTH),a
9194  ECFC 3A B6 ED                 ld a,(extraHelpSearchPos)
9195  ECFF B7                       or a
9196  ED00 28 0B                    jr z,.cursor
9197  ED02 4F                       ld c,a
9198  ED03 06 00                    ld b,0
9199  ED05 21 06 EE                 ld hl,extraHelpSearch
9200  ED08 11 27 EE                 ld de,extraHelpSearchLine
9201  ED0B ED B0                    ldir
9202  ED0D              .cursor
9203  ED0D 3A B6 ED                 ld a,(extraHelpSearchPos)
9204  ED10 FE 30                    cp EXTRA_HELP_SEARCH_FIELD_WIDTH
9205  ED12 30 09                    jr nc,.plot
9206  ED14 5F                       ld e,a
9207  ED15 16 00                    ld d,0
9208  ED17 21 27 EE                 ld hl,extraHelpSearchLine
9209  ED1A 19                       add hl,de
9210  ED1B 36 5F                    ld (hl),'_'
9211  ED1D              .plot
9212  ED1D 21 1A 13                 ld hl,19*256+26
9213  ED20 11 27 EE                 ld de,extraHelpSearchLine
9214  ED23 3E 50                    ld a,80
9215  ED25 C3 09 81                 jp print
9216  ED28
9217  ED28 48 65 6C 70  extraHelpTitle  defb "Help - current key bindings",0
9217  ED2C 20 2D 20 63
9217  ED30 75 72 72 65
9217  ED34 6E 74 20 6B
9217  ED38 65 79 20 62
9217  ED3C 69 6E 64 69
9217  ED40 6E 67 73 00
9218  ED44 41 63 74 69  extraHelpHeader defb "Action                              Shortcut",0
9218  ED48 6F 6E 20 20
9218  ED4C 20 20 20 20
9218  ED50 20 20 20 20
9218  ED54 20 20 20 20
9218  ED58 20 20 20 20
9218  ED5C 20 20 20 20
9218  ED60 20 20 20 20
9218  ED64 20 20 20 20
9218  ED68 53 68 6F 72
9218  ED6C 74 63 75 74
9218  ED70 00
9219  ED71 53 65 61 72  extraHelpSearchLabel defb "Search:",0
9219  ED75 63 68 3A 00
9220  ED79 54 59 50 45  extraHelpHint   defb "TYPE filter  DELETE erase  UP/DOWN scroll  BREAK close",0
9220  ED7D 20 66 69 6C
9220  ED81 74 65 72 20
9220  ED85 20 44 45 4C
9220  ED89 45 54 45 20
9220  ED8D 65 72 61 73
9220  ED91 65 20 20 55
9220  ED95 50 2F 44 4F
9220  ED99 57 4E 20 73
9220  ED9D 63 72 6F 6C
9220  EDA1 6C 20 20 42
9220  EDA5 52 45 41 4B
9220  EDA9 20 63 6C 6F
9220  EDAD 73 65 00
9221  EDB0              EXTRA_HELP_SEARCH_MAX equ 32
9222  EDB0              EXTRA_HELP_SEARCH_FIELD_WIDTH equ 48
9223  EDB0 00           extraHelpTop    defb 0
9224  EDB1 00           extraHelpRow    defb 0
9225  EDB2 00           extraHelpAction defb 0
9226  EDB3 00           extraHelpKeyCode defb 0
9227  EDB4 00           extraHelpMatchCount defb 0
9228  EDB5 00           extraHelpScanAction defb 0
9229  EDB6 00           extraHelpSearchPos defb 0
9230  EDB7 00 00 00...  extraHelpLine   defs 59
9231  EDF2 00 00 00...  extraHelpKeyBuf defs 20
9232  EE06 00 00 00...  extraHelpSearch defs EXTRA_HELP_SEARCH_MAX+1
9233  EE27 00 00 00...  extraHelpSearchLine defs EXTRA_HELP_SEARCH_FIELD_WIDTH+1
9234  EE58 00 00 00...  extraHelpMatches defs SETTINGS_ACTION_COUNT
9235  EE79
9236  EE79              extraHelpActionNames
9237  EE79 BB EE D0 EE              defw ehaSysInfo,ehaDown,ehaUp,ehaPageDown,ehaPageUp,ehaSwitch,ehaEnter,ehaDelete
9237  EE7D DC EE E6 EE
9237  EE81 F0 EE F8 EE
9237  EE85 05 EF 12 EF
9238  EE89 19 EF 2A EF              defw ehaParent,ehaRename,ehaMenu,ehaCopy,ehaMove,ehaMark,ehaMkdir,ehaDriveL
9238  EE8D 31 EF 36 EF
9238  EE91 3B EF 40 EF
9238  EE95 4A EF 5B EF
9239  EE99 66 EF 72 EF              defw ehaDriveR,ehaSelect,ehaInvert,ehaDeselect,ehaSearch,ehaLeft,ehaRight,ehaView
9239  EE9D 81 EF 92 EF
9239  EEA1 A3 EF AA EF
9239  EEA5 BE EF D3 EF
9240  EEA9 DD EF E7 EF              defw ehaEdit,ehaPlugins,ehaBookmarkAdd,ehaBookmarkList,ehaHelp,ehaAttr,ehaFileInfo,ehaQuit
9240  EEAD F3 EF 00 F0
9240  EEB1 0F F0 14 F0
9240  EEB5 26 F0 30 F0
9241  EEB9 35 F0                    defw ehaSettings
9242  EEBB              extraHelpActionNamesEnd
9243  EEBB                          assert extraHelpActionNamesEnd-extraHelpActionNames = SETTINGS_ACTION_COUNT*2
9244  EEBB 41 62 6F 75  ehaSysInfo      defb "About Calm Commander",0
9244  EEBF 74 20 43 61
9244  EEC3 6C 6D 20 43
9244  EEC7 6F 6D 6D 61
9244  EECB 6E 64 65 72
9244  EECF 00
9245  EED0 43 75 72 73  ehaDown         defb "Cursor down",0
9245  EED4 6F 72 20 64
9245  EED8 6F 77 6E 00
9246  EEDC 43 75 72 73  ehaUp           defb "Cursor up",0
9246  EEE0 6F 72 20 75
9246  EEE4 70 00
9247  EEE6 50 61 67 65  ehaPageDown     defb "Page down",0
9247  EEEA 20 64 6F 77
9247  EEEE 6E 00
9248  EEF0 50 61 67 65  ehaPageUp       defb "Page up",0
9248  EEF4 20 75 70 00
9249  EEF8 53 77 69 74  ehaSwitch       defb "Switch panel",0
9249  EEFC 63 68 20 70
9249  EF00 61 6E 65 6C
9249  EF04 00
9250  EF05 4F 70 65 6E  ehaEnter        defb "Open / Enter",0
9250  EF09 20 2F 20 45
9250  EF0D 6E 74 65 72
9250  EF11 00
9251  EF12 44 65 6C 65  ehaDelete       defb "Delete",0
9251  EF16 74 65 00
9252  EF19 50 61 72 65  ehaParent       defb "Parent directory",0
9252  EF1D 6E 74 20 64
9252  EF21 69 72 65 63
9252  EF25 74 6F 72 79
9252  EF29 00
9253  EF2A 52 65 6E 61  ehaRename       defb "Rename",0
9253  EF2E 6D 65 00
9254  EF31 4D 65 6E 75  ehaMenu         defb "Menu",0
9254  EF35 00
9255  EF36 43 6F 70 79  ehaCopy         defb "Copy",0
9255  EF3A 00
9256  EF3B 4D 6F 76 65  ehaMove         defb "Move",0
9256  EF3F 00
9257  EF40 4D 61 72 6B  ehaMark         defb "Mark file",0
9257  EF44 20 66 69 6C
9257  EF48 65 00
9258  EF4A 43 72 65 61  ehaMkdir        defb "Create directory",0
9258  EF4E 74 65 20 64
9258  EF52 69 72 65 63
9258  EF56 74 6F 72 79
9258  EF5A 00
9259  EF5B 4C 65 66 74  ehaDriveL       defb "Left drive",0
9259  EF5F 20 64 72 69
9259  EF63 76 65 00
9260  EF66 52 69 67 68  ehaDriveR       defb "Right drive",0
9260  EF6A 74 20 64 72
9260  EF6E 69 76 65 00
9261  EF72 53 65 6C 65  ehaSelect       defb "Select by mask",0
9261  EF76 63 74 20 62
9261  EF7A 79 20 6D 61
9261  EF7E 73 6B 00
9262  EF81 49 6E 76 65  ehaInvert       defb "Invert selection",0
9262  EF85 72 74 20 73
9262  EF89 65 6C 65 63
9262  EF8D 74 69 6F 6E
9262  EF91 00
9263  EF92 44 65 73 65  ehaDeselect     defb "Deselect by mask",0
9263  EF96 6C 65 63 74
9263  EF9A 20 62 79 20
9263  EF9E 6D 61 73 6B
9263  EFA2 00
9264  EFA3 53 65 61 72  ehaSearch       defb "Search",0
9264  EFA7 63 68 00
9265  EFAA 41 63 74 69  ehaLeft         defb "Activate left panel",0
9265  EFAE 76 61 74 65
9265  EFB2 20 6C 65 66
9265  EFB6 74 20 70 61
9265  EFBA 6E 65 6C 00
9266  EFBE 41 63 74 69  ehaRight        defb "Activate right panel",0
9266  EFC2 76 61 74 65
9266  EFC6 20 72 69 67
9266  EFCA 68 74 20 70
9266  EFCE 61 6E 65 6C
9266  EFD2 00
9267  EFD3 56 69 65 77  ehaView         defb "View file",0
9267  EFD7 20 66 69 6C
9267  EFDB 65 00
9268  EFDD 45 64 69 74  ehaEdit         defb "Edit file",0
9268  EFE1 20 66 69 6C
9268  EFE5 65 00
9269  EFE7 50 6C 75 67  ehaPlugins      defb "Plugin menu",0
9269  EFEB 69 6E 20 6D
9269  EFEF 65 6E 75 00
9270  EFF3 41 64 64 20  ehaBookmarkAdd  defb "Add bookmark",0
9270  EFF7 62 6F 6F 6B
9270  EFFB 6D 61 72 6B
9270  EFFF 00
9271  F000 53 68 6F 77  ehaBookmarkList defb "Show bookmarks",0
9271  F004 20 62 6F 6F
9271  F008 6B 6D 61 72
9271  F00C 6B 73 00
9272  F00F 48 65 6C 70  ehaHelp         defb "Help",0
9272  F013 00
9273  F014 43 68 61 6E  ehaAttr         defb "Change attributes",0
9273  F018 67 65 20 61
9273  F01C 74 74 72 69
9273  F020 62 75 74 65
9273  F024 73 00
9274  F026 46 69 6C 65  ehaFileInfo     defb "File info",0
9274  F02A 20 69 6E 66
9274  F02E 6F 00
9275  F030 51 75 69 74  ehaQuit         defb "Quit",0
9275  F034 00
9276  F035 53 65 74 74  ehaSettings     defb "Settings",0
9276  F039 69 6E 67 73
9276  F03D 00
9277  F03E
9278  F03E 42 52 45 41  extraKeyBreak  defb "BREAK",0
9278  F042 4B 00
9279  F044 43 41 50 53  extraKeyCs1    defb "CAPS+1",0
9279  F048 2B 31 00
9280  F04B 43 41 50 53  extraKeyCs2    defb "CAPS+2",0
9280  F04F 2B 32 00
9281  F052 43 41 50 53  extraKeyCs3    defb "CAPS+3",0
9281  F056 2B 33 00
9282  F059 43 41 50 53  extraKeyCs4    defb "CAPS+4",0
9282  F05D 2B 34 00
9283  F060 43 41 50 53  extraKeyCs5    defb "CAPS+5",0
9283  F064 2B 35 00
9284  F067 43 41 50 53  extraKeyCs6    defb "CAPS+6",0
9284  F06B 2B 36 00
9285  F06E 43 41 50 53  extraKeyCs7    defb "CAPS+7",0
9285  F072 2B 37 00
9286  F075 43 41 50 53  extraKeyCs8    defb "CAPS+8",0
9286  F079 2B 38 00
9287  F07C 43 41 50 53  extraKeyCs9    defb "CAPS+9",0
9287  F080 2B 39 00
9288  F083 44 45 4C 45  extraKeyDelete defb "DELETE",0
9288  F087 54 45 00
9289  F08A 45 4E 54 45  extraKeyEnter  defb "ENTER",0
9289  F08E 52 00
9290  F090 53 50 41 43  extraKeySpace  defb "SPACE",0
9290  F094 45 00
9291  F096 53 53 2B 49  extraKeySsI    defb "SS+I",0
9291  F09A 00
9292  F09B 53 53 2B 51  extraKeySsQ    defb "SS+Q",0
9292  F09F 00
9293  F0A0 53 53 2B 45  extraKeySsE    defb "SS+E",0
9293  F0A4 00
9294  F0A5 53 53 2B 57  extraKeySsW    defb "SS+W",0
9294  F0A9 00
9295  F0AA 43 41 50 53  extraKeyCaps   defb "CAPS+",0
9295  F0AE 2B 00
9296  F0B0
9297  F0B0              EXTRA_NOTNOW:
9298  F0B0 21 0A 08             ld hl,8 * 256 + 10
9299  F0B3 01 03 3C             ld bc,60 * 256 + 3
9300  F0B6 3E 10                ld a,16
9301  F0B8 CD 2C 81             call window
9302  F0BB
9303  F0BB 21 0B 0B             ld hl,11*256+11
9304  F0BE 3E 10                ld a,16
9305  F0C0 11 D9 F0             ld de,notimplemented
9306  F0C3 CD 09 81             call print
9307  F0C6
9308  F0C6 21 0D 2A             ld hl,42*256+13
9309  F0C9 3E 20                ld a,32
9310  F0CB 11 7F A2             ld de,pressanykeytxt
9311  F0CE CD 09 81             call print
9312  F0D1
9313  F0D1 AF                   xor a
9314  F0D2 32 4E 73             ld (TLACITKO),a
9315  F0D5 CD 95 E4             call extra_read_key
9316  F0D8 C9                   ret
9317  F0D9
9318  F0D9 54 68 69 73  notimplemented defb "This feature is not yet implemented.",0
9318  F0DD 20 66 65 61
9318  F0E1 74 75 72 65
9318  F0E5 20 69 73 20
9318  F0E9 6E 6F 74 20
9318  F0ED 79 65 74 20
9318  F0F1 69 6D 70 6C
9318  F0F5 65 6D 65 6E
9318  F0F9 74 65 64 2E
9318  F0FD 00
9319  F0FE
9320  F0FE              EXTRA_SYSCOPY_SHOW_ERROR:
9321  F0FE 21 0A 0A             ld hl,10 * 256 + 10
9322  F101 01 05 3C             ld bc,60 * 256 + 5
9323  F104 3E 10                ld a,16
9324  F106 CD 2C 81             call window
9325  F109
9326  F109 21 0B 0B             ld hl,11*256+11
9327  F10C 3E 10                ld a,16
9328  F10E 11 6D F1             ld de,sysCopyErrorTxt
9329  F111 CD 09 81             call print
9330  F114 21 0D 0B             ld hl,11*256+13
9331  F117 3E 10                ld a,16
9332  F119 11 84 F1             ld de,sysCopyErrorHintTxt
9333  F11C CD 09 81             call print
9334  F11F
9335  F11F CD 40 F1             call extra_syscopy_prepare_error_diag
9336  F122 21 0E 0B             ld hl,11*256+14
9337  F125 3E 10                ld a,16
9338  F127 11 A6 F1             ld de,sysCopyErrorDiagTxt
9339  F12A CD 09 81             call print
9340  F12D 21 0F 0B             ld hl,11*256+15
9341  F130 3E 30                ld a,48
9342  F132 11 7F A2             ld de,pressanykeytxt
9343  F135 CD 09 81             call print
9344  F138
9345  F138 AF                   xor a
9346  F139 32 4E 73             ld (TLACITKO),a
9347  F13C CD 95 E4             call extra_read_key
9348  F13F C9                   ret
9349  F140
9350  F140
9351  F140              extra_syscopy_prepare_error_diag
9352  F140 3A 7B 9C             ld a,(sysCopyContext+SYSCOPYCTX_STAGE)
9353  F143 11 AD F1             ld de,sysCopyErrorDiagTxt+7
9354  F146 CD 53 F1             call extra_write_hex_byte
9355  F149 3A 6E 9C             ld a,(sysCopyContext+SYSCOPYCTX_ERROR)
9356  F14C 11 B8 F1             ld de,sysCopyErrorDiagTxt+18
9357  F14F CD 53 F1             call extra_write_hex_byte
9358  F152 C9                   ret
9359  F153
9360  F153
9361  F153              extra_write_hex_byte
9362  F153 F5                   push af
9363  F154 0F                   rrca
9364  F155 0F                   rrca
9365  F156 0F                   rrca
9366  F157 0F                   rrca
9367  F158 CD 61 F1             call extra_write_hex_nibble
9368  F15B F1                   pop af
9369  F15C 13                   inc de
9370  F15D CD 61 F1             call extra_write_hex_nibble
9371  F160 C9                   ret
9372  F161
9373  F161
9374  F161              extra_write_hex_nibble
9375  F161 E6 0F                and $0f
9376  F163 C6 30                add a,"0"
9377  F165 FE 3A                cp "9"+1
9378  F167 38 02                jr c,.store
9379  F169 C6 07                add a,"A"-"9"-1
9380  F16B              .store
9381  F16B 12                   ld (de),a
9382  F16C C9                   ret
9383  F16D
9384  F16D 44 69 72 65  sysCopyErrorTxt     defb "Directory copy failed.",0
9384  F171 63 74 6F 72
9384  F175 79 20 63 6F
9384  F179 70 79 20 66
9384  F17D 61 69 6C 65
9384  F181 64 2E 00
9385  F184 43 68 65 63  sysCopyErrorHintTxt defb "Check syscopy.ccp and free space.",0
9385  F188 6B 20 73 79
9385  F18C 73 63 6F 70
9385  F190 79 2E 63 63
9385  F194 70 20 61 6E
9385  F198 64 20 66 72
9385  F19C 65 65 20 73
9385  F1A0 70 61 63 65
9385  F1A4 2E 00
9386  F1A6 53 74 61 67  sysCopyErrorDiagTxt defb "Stage $00  Error $00",0
9386  F1AA 65 20 24 30
9386  F1AE 30 20 20 45
9386  F1B2 72 72 6F 72
9386  F1B6 20 24 30 30
9386  F1BA 00
9387  F1BB
9388  F1BB              ; Upgrade the legacy 16-byte palette map + 33-byte key table after cc.cfg has
9389  F1BB              ; been read. This code lives in the extra bank to keep scarce resident RAM
9390  F1BB              ; available for the persistent packed theme itself.
9391  F1BB              EXTRA_CFG_PREPARE:
9392  F1BB 3A F6 89             ld a,(cfgColourVersion)
9393  F1BE FE 01                cp SETTINGS_COLOUR_VERSION
9394  F1C0 C8                   ret z
9395  F1C1
9396  F1C1 21 B1 89             ld hl,cfgLegacyThemeArea
9397  F1C4 11 EB F2             ld de,extraLegacyPaletteMap
9398  F1C7 01 10 00             ld bc,SETTINGS_PALETTE_COUNT
9399  F1CA ED B0                ldir
9400  F1CC
9401  F1CC                      ; Old keys begin 16 bytes into the legacy area. Copy backwards because
9402  F1CC                      ; their new destination overlaps the old source range.
9403  F1CC 21 E1 89             ld hl,cfgLegacyThemeArea+SETTINGS_PALETTE_COUNT+SETTINGS_ACTION_COUNT-1
9404  F1CF 11 F5 89             ld de,cfgKeyBindings+SETTINGS_ACTION_COUNT-1
9405  F1D2 01 21 00             ld bc,SETTINGS_ACTION_COUNT
9406  F1D5 ED B8                lddr
9407  F1D7
9408  F1D7 21 A3 F2             ld hl,extraDefaultColours
9409  F1DA 11 C7 F2             ld de,extraMigratedColours
9410  F1DD 01 24 00             ld bc,SETTINGS_COLOUR_BYTES
9411  F1E0 ED B0                ldir
9412  F1E2 AF                   xor a
9413  F1E3 32 E7 F2             ld (extraMigratedColours+32),a
9414  F1E6 32 E8 F2             ld (extraMigratedColours+33),a
9415  F1E9 32 E9 F2             ld (extraMigratedColours+34),a
9416  F1EC 32 EA F2             ld (extraMigratedColours+35),a
9417  F1EF 32 03 F3             ld (extraMigStyle),a
9418  F1F2              .style
9419  F1F2 3A 03 F3             ld a,(extraMigStyle)
9420  F1F5 5F                   ld e,a
9421  F1F6 16 00                ld d,0
9422  F1F8 21 EB F2             ld hl,extraLegacyPaletteMap
9423  F1FB 19                   add hl,de
9424  F1FC 7E                   ld a,(hl)
9425  F1FD E6 F0                and $f0
9426  F1FF 0F                   rrca
9427  F200 0F                   rrca
9428  F201 0F                   rrca                              ; physical group * two
9429  F202 32 05 F3             ld (extraMigSourceColour),a
9430  F205 5F                   ld e,a
9431  F206 16 00                ld d,0
9432  F208 21 A3 F2             ld hl,extraDefaultColours
9433  F20B 19                   add hl,de
9434  F20C E5                   push hl
9435  F20D 3A 03 F3             ld a,(extraMigStyle)
9436  F210 87                   add a,a
9437  F211 32 06 F3             ld (extraMigDestColour),a
9438  F214 5F                   ld e,a
9439  F215 16 00                ld d,0
9440  F217 21 C7 F2             ld hl,extraMigratedColours
9441  F21A 19                   add hl,de
9442  F21B EB                   ex de,hl
9443  F21C E1                   pop hl
9444  F21D ED A0                ldi
9445  F21F ED A0                ldi
9446  F221 AF                   xor a
9447  F222 32 04 F3             ld (extraMigChannel),a
9448  F225              .bit
9449  F225 3A 05 F3             ld a,(extraMigSourceColour)
9450  F228 47                   ld b,a
9451  F229 3A 04 F3             ld a,(extraMigChannel)
9452  F22C 80                   add a,b
9453  F22D 47                   ld b,a
9454  F22E E6 07                and 7
9455  F230 5F                   ld e,a
9456  F231 16 00                ld d,0
9457  F233 21 FB F2             ld hl,extraBitMasks
9458  F236 19                   add hl,de
9459  F237 7E                   ld a,(hl)
9460  F238 32 07 F3             ld (extraMigMask),a
9461  F23B 78                   ld a,b
9462  F23C 0F                   rrca
9463  F23D 0F                   rrca
9464  F23E 0F                   rrca
9465  F23F E6 03                and 3
9466  F241 5F                   ld e,a
9467  F242 16 00                ld d,0
9468  F244 21 C3 F2             ld hl,extraDefaultColours+SETTINGS_COLOUR_PRIMARY_BYTES
9469  F247 19                   add hl,de
9470  F248 3A 07 F3             ld a,(extraMigMask)
9471  F24B A6                   and (hl)
9472  F24C 28 28                jr z,.next_bit
9473  F24E 3A 06 F3             ld a,(extraMigDestColour)
9474  F251 47                   ld b,a
9475  F252 3A 04 F3             ld a,(extraMigChannel)
9476  F255 80                   add a,b
9477  F256 47                   ld b,a
9478  F257 E6 07                and 7
9479  F259 5F                   ld e,a
9480  F25A 16 00                ld d,0
9481  F25C 21 FB F2             ld hl,extraBitMasks
9482  F25F 19                   add hl,de
9483  F260 7E                   ld a,(hl)
9484  F261 32 07 F3             ld (extraMigMask),a
9485  F264 78                   ld a,b
9486  F265 0F                   rrca
9487  F266 0F                   rrca
9488  F267 0F                   rrca
9489  F268 E6 03                and 3
9490  F26A 5F                   ld e,a
9491  F26B 16 00                ld d,0
9492  F26D 21 E7 F2             ld hl,extraMigratedColours+SETTINGS_COLOUR_PRIMARY_BYTES
9493  F270 19                   add hl,de
9494  F271 3A 07 F3             ld a,(extraMigMask)
9495  F274 B6                   or (hl)
9496  F275 77                   ld (hl),a
9497  F276              .next_bit
9498  F276 3A 04 F3             ld a,(extraMigChannel)
9499  F279 3C                   inc a
9500  F27A 32 04 F3             ld (extraMigChannel),a
9501  F27D FE 02                cp 2
9502  F27F 20 A4                jr nz,.bit
9503  F281 3A 03 F3             ld a,(extraMigStyle)
9504  F284 3C                   inc a
9505  F285 32 03 F3             ld (extraMigStyle),a
9506  F288 FE 10                cp SETTINGS_STYLE_COUNT
9507  F28A C2 F2 F1             jp nz,.style
9508  F28D
9509  F28D 21 C7 F2             ld hl,extraMigratedColours
9510  F290 11 B1 89             ld de,cfgStyleColours
9511  F293 01 24 00             ld bc,SETTINGS_COLOUR_BYTES
9512  F296 ED B0                ldir
9513  F298 3E 03                ld a,SETTINGS_SCHEME_CUSTOM
9514  F29A 32 F7 89             ld (cfgColourScheme),a
9515  F29D 3E 01                ld a,SETTINGS_COLOUR_VERSION
9516  F29F 32 F6 89             ld (cfgColourVersion),a
9517  F2A2 C9                   ret
9518  F2A3
9519  F2A3              extraDefaultColours
9520  F2A3                      EMIT_SETTINGS_DEFAULT_COLOURS
9520  F2A3 02 DB       >        db %000'000'10,%110'110'11
9520  F2A5 01 FF       >        db %000'000'01,%111'111'11
9520  F2A7 13 FF       >        db %000'100'11,%111'111'11
9520  F2A9 FF 00       >        db %111'111'11,%000'000'00
9520  F2AB 74 00       >        db %011'101'00,%000'000'00
9520  F2AD D0 00       >        db %110'100'00,%000'000'00
9520  F2AF 8C 00       >        db %100'011'00,%000'000'00
9520  F2B1 02 1F       >        db %000'000'10,%000'111'11
9520  F2B3 02 5C       >        db %000'000'10,%010'111'00
9520  F2B5 60 B7       >        db %011'000'00,%101'101'11
9520  F2B7 01 FC       >        db %000'000'01,%111'111'00
9520  F2B9 01 1C       >        db %000'000'01,%000'111'00
9520  F2BB 01 1F       >        db %000'000'01,%000'111'11
9520  F2BD 01 1C       >        db %000'000'01,%000'111'00
9520  F2BF 01 FC       >        db %000'000'01,%111'111'00
9520  F2C1 01 E0       >        db %000'000'01,%111'000'00
9520  F2C3 7A 81 00 02 >        db $7a,$81,$00,$02
9521  F2C7 00 00 00...  extraMigratedColours defs SETTINGS_COLOUR_BYTES
9522  F2EB 00 00 00...  extraLegacyPaletteMap defs SETTINGS_PALETTE_COUNT
9523  F2FB 01 02 04 08  extraBitMasks defb 1,2,4,8,16,32,64,128
9523  F2FF 10 20 40 80
9524  F303 00           extraMigStyle defb 0
9525  F304 00           extraMigChannel defb 0
9526  F305 00           extraMigSourceColour defb 0
9527  F306 00           extraMigDestColour defb 0
9528  F307 00           extraMigMask defb 0
9529  F308
9530  F308                      emit_tilemap_palette
9530  F308             >tilemapPalette:
9530  F308 02 00       >                db  %000'000'10,0                 ; 0 tmavá navy R=0,G=0,B=4 (paper)				0
9530  F30A 27 00       >                db  %001'001'11,0                 ; 1 (nepoužito)
9530  F30C 01 00       >                db  %000'000'01,0                 ; 2 (nepoužito)
9530  F30E DB 01       >                db  %110'110'11,1                 ; 3 stříbrná bílá R=6,G=6,B=7 (ink)
9530  F310 C4 01       >                db  %110'001'00,1                 ; 4 red
9530  F312 F8 01       >                db  %111'110'00,1                 ; 5 yellow
9530  F314 10 00       >                db  %000'100'00,0                 ; 6 green
9530  F316 00 00 00... >                ds 18
9530  F328 01 00       >                db  %000'000'01,0                 ; 0 velmi tmavá navy R=0,G=0,B=2 (paper)			16 - menu lišta, hodiny
9530  F32A 25 00       >                db  %001'001'01,0                 ; 1 (nepoužito)
9530  F32C 00 01       >                db  %000'000'00,1                 ; 2 (nepoužito)
9530  F32E FF 01       >                db  %111'111'11,1                 ; 3 čistá bílá R=7,G=7,B=7 (ink)
9530  F330 C4 01       >                db  %110'001'00,1                 ; 4 red
9530  F332 F8 01       >                db  %111'110'00,1                 ; 5 yellow
9530  F334 18 00       >                db  %000'110'00,0                 ; 6 green
9530  F336 00 00 00... >                ds 18
9530  F348 13 01       >                db  %000'100'11,1                 ; 0 azure modrá R=0,G=4,B=7 (paper)				32 - kurzor, F-klávesy
9530  F34A 2F 00       >                db  %001'011'11,0                 ; 1 (nepoužito)
9530  F34C 0B 00       >                db  %000'010'11,0                 ; 2 (nepoužito)
9530  F34E FF 01       >                db  %111'111'11,1                 ; 3 čistá bílá R=7,G=7,B=7 (ink)
9530  F350 C4 01       >                db  %110'001'00,1                 ; 4 red
9530  F352 F8 01       >                db  %111'110'00,1                 ; 5 yellow
9530  F354 10 00       >                db  %000'100'00,0                 ; 6 green
9530  F356 00 00 00... >                ds 18
9530  F368 FF 01       >                db  %111'111'11,1                 ; 0 bílá R=7,G=7,B=7 (paper)					48 - menu popup kurzor
9530  F36A 92 01       >                db  %100'100'10,1                 ; 1 (nepoužito)
9530  F36C 49 01       >                db  %010'010'01,1                 ; 2 (nepoužito)
9530  F36E 00 00       >                db  %000'000'00,0                 ; 3 černá (ink)
9530  F370 C4 01       >                db  %110'001'00,1                 ; 4 red
9530  F372 F8 01       >                db  %111'110'00,1                 ; 5 yellow
9530  F374 10 00       >                db  %000'100'00,0                 ; 6 green
9530  F376 00 00 00... >                ds 18
9530  F388 74 01       >                db  %011'101'00,1                 ; 0 (paper)						64 - výběr disku kurzor
9530  F38A 92 01       >                db  %100'100'10,1                 ; 1 (nepoužito)
9530  F38C 49 01       >                db  %010'010'01,1                 ; 2 (nepoužito)
9530  F38E 00 00       >                db  %000'000'00,0                 ; 3 (ink)
9530  F390 C4 01       >                db  %110'001'00,1                 ; 4 red
9530  F392 F8 01       >                db  %111'110'00,1                 ; 5 yellow
9530  F394 10 00       >                db  %000'100'00,0                 ; 6 green
9530  F396 00 00 00... >                ds 18
9530  F3A8 D0 00       >                db  %110'100'00,0                 ; 0 amber R=6,G=4,B=0 (paper)					80 - označený+kurzor
9530  F3AA 92 01       >                db  %100'100'10,1                 ; 1 (nepoužito)
9530  F3AC 49 01       >                db  %010'010'01,1                 ; 2 (nepoužito)
9530  F3AE 00 00       >                db  %000'000'00,0                 ; 3 černá (ink)
9530  F3B0 C4 01       >                db  %110'001'00,1                 ; 4 red
9530  F3B2 F8 01       >                db  %111'110'00,1                 ; 5 yellow
9530  F3B4 10 00       >                db  %000'100'00,0                 ; 6 green
9530  F3B6 00 00 00... >                ds 18
9530  F3C8 8C 00       >                db  %100'011'00,0                 ; 0 tmavý amber R=4,G=3,B=0 (paper)				96 - označený
9530  F3CA 92 01       >                db  %100'100'10,1                 ; 1 (nepoužito)
9530  F3CC 49 01       >                db  %010'010'01,1                 ; 2 (nepoužito)
9530  F3CE 00 00       >                db  %000'000'00,0                 ; 3 černá (ink)
9530  F3D0 C4 01       >                db  %110'001'00,1                 ; 4 red
9530  F3D2 F8 01       >                db  %111'110'00,1                 ; 5 yellow
9530  F3D4 10 00       >                db  %000'100'00,0                 ; 6 green
9530  F3D6 00 00 00... >                ds 18
9530  F3E8             >
9530  F3E8 02 00       >                db  %000'000'10,0                 ; 0 tmavá navy (paper)					112 - barva adresáře
9530  F3EA 92 01       >                db  %100'100'10,1                 ; 1 (nepoužito)
9530  F3EC 49 01       >                db  %010'010'01,1                 ; 2 (nepoužito)
9530  F3EE 1F 01       >                db  %000'111'11,1                 ; 3 jasný cyan R=0,G=7,B=7 (ink)
9530  F3F0 C4 01       >                db  %110'001'00,1                 ; 4 red
9530  F3F2 F8 01       >                db  %111'110'00,1                 ; 5 yellow
9530  F3F4 10 00       >                db  %000'100'00,0                 ; 6 green
9530  F3F6 00 00 00... >                ds 18
9530  F408             >
9530  F408 02 00       >                db  %000'000'10,0                 ; 0 tmavá navy (paper)					128 - spustitelné soubory
9530  F40A 9C 01       >                db  %100'111'00,1                 ; 1 (nepoužito)
9530  F40C 49 01       >                db  %010'010'01,1                 ; 2 (nepoužito)
9530  F40E 5C 00       >                db  %010'111'00,0                 ; 3 lime zelená R=2,G=7,B=0 (ink)
9530  F410 C4 01       >                db  %110'001'00,1                 ; 4 red
9530  F412 F8 01       >                db  %111'110'00,1                 ; 5 yellow
9530  F414 10 00       >                db  %000'100'00,0                 ; 6 green
9530  F416 00 00 00... >                ds 18
9530  F428             >
9530  F428 60 00       >                db  %011'000'00,0                 ; 0 modra (paper)					144 -
9530  F42A 9C 01       >                db  %100'111'00,1                 ; 1 light grey (25% ink)
9530  F42C 49 01       >                db  %010'010'01,1                 ; 2 dark grey (75% ink)
9530  F42E B7 00       >                db  %101'101'11,0                 ; 0 white-blueish (ink)
9530  F430 C4 01       >                db  %110'001'00,1                 ; 4 red
9530  F432 F8 01       >                db  %111'110'00,1                 ; 5 yellow
9530  F434 18 00       >                db  %000'110'00,0                 ; 6 green
9530  F436 00 00 00... >                ds 18
9530  F448             >
9530  F448 01 00       >                db  %000'000'01,0                 ; 0 tmavá navy R=0,G=0,B=2 (shodné s group1)	160 - BAS plugin: barva klicovych slov
9530  F44A 00 00 00 00 >                ds 4                              ; 1-2 (nezajima)
9530  F44E FC 00       >                db  %111'111'00,0                 ; 3 zluta ink (R=7,G=7,B=0)
9530  F450 00 00 00... >                ds 24                             ; 4-15 (nezajima)
9530  F468             >
9530  F468 01 00       >                db  %000'000'01,0                 ; 0 tmavá navy (shodné s group1)			176 - BAS plugin: barva cisel radku
9530  F46A 00 00 00 00 >                ds 4
9530  F46E 1C 00       >                db  %000'111'00,0                 ; 3 zelena ink (R=0,G=7,B=0)
9530  F470 00 00 00... >                ds 24
9530  F488             >
9530  F488 01 00       >                db  %000'000'01,0                 ; 0 tmavá navy (shodné s group1)			192 - BAS plugin: barva REM komentaru
9530  F48A 00 00 00 00 >                ds 4
9530  F48E 1F 01       >                db  %000'111'11,1                 ; 3 cyan ink (R=0,G=7,B=7)
9530  F490 00 00 00... >                ds 24
9530  F4A8             >
9530  F4A8 01 00       >                db  %000'000'01,0                 ; 0 tmavá navy (shodné s group1)			208 - TAP title, VU metr: zelena
9530  F4AA 00 00 00 00 >                ds 4
9530  F4AE 1C 00       >                db  %000'111'00,0                 ; 3 green ink (R=0,G=7,B=0)
9530  F4B0 00 00 00... >                ds 24
9530  F4C8             >
9530  F4C8 01 00       >                db  %000'000'01,0                 ; 0 tmavá navy (shodné s group1)			224 - VU metr: zluta
9530  F4CA 00 00 00 00 >                ds 4
9530  F4CE FC 00       >                db  %111'111'00,0                 ; 3 yellow ink (R=7,G=7,B=0)
9530  F4D0 00 00 00... >                ds 24
9530  F4E8             >
9530  F4E8 01 00       >                db  %000'000'01,0                 ; 0 tmavá navy (shodné s group1)			240 - VU metr: cervena
9530  F4EA 00 00 00 00 >                ds 4
9530  F4EE E0 00       >                db  %111'000'00,0                 ; 3 red ink (R=7,G=0,B=0)
9530  F4F0 00 00 00... >                ds 24
9530  F508             >
9530  F508             >
9530  F508             >
9530  F508             >tilemapPalette_SZ:  EQU $ - tilemapPalette
9531  F508
9532  F508              EXTRA_BANK_END:
9533  F508                          IFDEF CC_DOT
9534  F508                          SAVEBIN "build/dot/ccd_xb.bin", $E000, EXTRA_BANK_END - $E000
9535  F508                          EXPORT EXTRA_BANK_END
9536  F508                          ELSE
9537  F508 ~                        SAVEBIN "cc_xb.bin", $E000, EXTRA_BANK_END - $E000
9538  F508                          ENDIF
9539  F508                          DISPLAY "Velikost extra banky:",/A,EXTRA_BANK_END - $E000
9540  F508
9541  F508                          IFDEF CC_DOT
9542  F508                            CSPECTMAP build/dot/ccd.map
9543  F508                          ELSE
9544  F508 ~                          CSPECTMAP player.map
9545  F508                          ENDIF
9546  F508                            ; savenex open "CalmCommander.nex",START,ORG_ADDRESS-2
9547  F508                            ; savenex core 2,0,0
9548  F508                            ; savenex auto
9549  F508                            ; savenex close
9550  F508
# file closed: cc.asm
